config_name,alpha,phi,n_domains
SRRW-MARCELO-L=130-N=186741-phi=0.08-alpha=1.1-bmax=20-r=0.49-ru=10/config-1.txt.gz,1.1,0.08,41.0
SRRW-MARCELO-L=130-N=186741-phi=0.08-alpha=1.1-bmax=20-r=0.49-ru=10/config-10.txt.gz,1.1,0.08,58.0
SRRW-MARCELO-L=130-N=186741-phi=0.08-alpha=1.1-bmax=20-r=0.49-ru=10/config-100.txt.gz,1.1,0.08,58.0
SRRW-MARCELO-L=130-N=186741-phi=0.08-alpha=1.1-bmax=20-r=0.49-ru=10/config-1000.txt.gz,1.1,0.08,50.0
SRRW-MARCELO-L=130-N=186741-phi=0.08-alpha=1.1-bmax=20-r=0.49-ru=10/config-101.txt.gz,1.1,0.08,49.0
SRRW-MARCELO-L=130-N=186741-phi=0.08-alpha=1.1-bmax=20-r=0.49-ru=10/config-102.txt.gz,1.1,0.08,54.0
SRRW-MARCELO-L=130-N=186741-phi=0.08-alpha=1.1-bmax=20-r=0.49-ru=10/config-103.txt.gz,1.1,0.08,68.0
SRRW-MARCELO-L=130-N=186741-phi=0.08-alpha=1.1-bmax=20-r=0.49-ru=10/config-104.txt.gz,1.1,0.08,62.0
SRRW-MARCELO-L=130-N=186741-phi=0.08-alpha=1.1-bmax=20-r=0.49-ru=10/config-105.txt.gz,1.1,0.08,58.0
SRRW-MARCELO-L=130-N=186741-phi=0.08-alpha=1.1-bmax=20-r=0.49-ru=10/config-106.txt.gz,1.1,0.08,68.0
SRRW-MARCELO-L=130-N=186741-phi=0.08-alpha=1.1-bmax=20-r=0.49-ru=10/config-107.txt.gz,1.1,0.08,51.0
SRRW-MARCELO-L=130-N=186741-phi=0.08-alpha=1.1-bmax=20-r=0.49-ru=10/config-108.txt.gz,1.1,0.08,38.0
SRRW-MARCELO-L=130-N=186741-phi=0.08-alpha=1.1-bmax=20-r=0.49-ru=10/config-109.txt.gz,1.1,0.08,42.0
SRRW-MARCELO-L=130-N=186741-phi=0.08-alpha=1.1-bmax=20-r=0.49-ru=10/config-11.txt.gz,1.1,0.08,45.0
SRRW-MARCELO-L=130-N=186741-phi=0.08-alpha=1.1-bmax=20-r=0.49-ru=10/config-110.txt.gz,1.1,0.08,48.0
SRRW-MARCELO-L=130-N=186741-phi=0.08-alpha=1.1-bmax=20-r=0.49-ru=10/config-111.txt.gz,1.1,0.08,55.0
SRRW-MARCELO-L=130-N=186741-phi=0.08-alpha=1.1-bmax=20-r=0.49-ru=10/config-112.txt.gz,1.1,0.08,56.0
SRRW-MARCELO-L=130-N=186741-phi=0.08-alpha=1.1-bmax=20-r=0.49-ru=10/config-113.txt.gz,1.1,0.08,52.0
SRRW-MARCELO-L=130-N=186741-phi=0.08-alpha=1.1-bmax=20-r=0.49-ru=10/config-114.txt.gz,1.1,0.08,54.0
SRRW-MARCELO-L=130-N=186741-phi=0.08-alpha=1.1-bmax=20-r=0.49-ru=10/config-115.txt.gz,1.1,0.08,58.0
SRRW-MARCELO-L=130-N=186741-phi=0.08-alpha=1.1-bmax=20-r=0.49-ru=10/config-116.txt.gz,1.1,0.08,45.0
SRRW-MARCELO-L=130-N=186741-phi=0.08-alpha=1.1-bmax=20-r=0.49-ru=10/config-117.txt.gz,1.1,0.08,49.0
SRRW-MARCELO-L=130-N=186741-phi=0.08-alpha=1.1-bmax=20-r=0.49-ru=10/config-118.txt.gz,1.1,0.08,47.0
SRRW-MARCELO-L=130-N=186741-phi=0.08-alpha=1.1-bmax=20-r=0.49-ru=10/config-119.txt.gz,1.1,0.08,44.0
SRRW-MARCELO-L=130-N=186741-phi=0.08-alpha=1.1-bmax=20-r=0.49-ru=10/config-12.txt.gz,1.1,0.08,44.0
SRRW-MARCELO-L=130-N=186741-phi=0.08-alpha=1.1-bmax=20-r=0.49-ru=10/config-120.txt.gz,1.1,0.08,57.0
SRRW-MARCELO-L=130-N=186741-phi=0.08-alpha=1.1-bmax=20-r=0.49-ru=10/config-121.txt.gz,1.1,0.08,55.0
SRRW-MARCELO-L=130-N=186741-phi=0.08-alpha=1.1-bmax=20-r=0.49-ru=10/config-122.txt.gz,1.1,0.08,57.0
SRRW-MARCELO-L=130-N=186741-phi=0.08-alpha=1.1-bmax=20-r=0.49-ru=10/config-123.txt.gz,1.1,0.08,51.0
SRRW-MARCELO-L=130-N=186741-phi=0.08-alpha=1.1-bmax=20-r=0.49-ru=10/config-124.txt.gz,1.1,0.08,66.0
SRRW-MARCELO-L=130-N=186741-phi=0.08-alpha=1.1-bmax=20-r=0.49-ru=10/config-125.txt.gz,1.1,0.08,60.0
SRRW-MARCELO-L=130-N=186741-phi=0.08-alpha=1.1-bmax=20-r=0.49-ru=10/config-126.txt.gz,1.1,0.08,54.0
SRRW-MARCELO-L=130-N=186741-phi=0.08-alpha=1.1-bmax=20-r=0.49-ru=10/config-127.txt.gz,1.1,0.08,63.0
SRRW-MARCELO-L=130-N=186741-phi=0.08-alpha=1.1-bmax=20-r=0.49-ru=10/config-128.txt.gz,1.1,0.08,62.0
SRRW-MARCELO-L=130-N=186741-phi=0.08-alpha=1.1-bmax=20-r=0.49-ru=10/config-129.txt.gz,1.1,0.08,54.0
SRRW-MARCELO-L=130-N=186741-phi=0.08-alpha=1.1-bmax=20-r=0.49-ru=10/config-13.txt.gz,1.1,0.08,53.0
SRRW-MARCELO-L=130-N=186741-phi=0.08-alpha=1.1-bmax=20-r=0.49-ru=10/config-130.txt.gz,1.1,0.08,57.0
SRRW-MARCELO-L=130-N=186741-phi=0.08-alpha=1.1-bmax=20-r=0.49-ru=10/config-131.txt.gz,1.1,0.08,57.0
SRRW-MARCELO-L=130-N=186741-phi=0.08-alpha=1.1-bmax=20-r=0.49-ru=10/config-132.txt.gz,1.1,0.08,39.0
SRRW-MARCELO-L=130-N=186741-phi=0.08-alpha=1.1-bmax=20-r=0.49-ru=10/config-133.txt.gz,1.1,0.08,47.0
SRRW-MARCELO-L=130-N=186741-phi=0.08-alpha=1.1-bmax=20-r=0.49-ru=10/config-134.txt.gz,1.1,0.08,48.0
SRRW-MARCELO-L=130-N=186741-phi=0.08-alpha=1.1-bmax=20-r=0.49-ru=10/config-135.txt.gz,1.1,0.08,65.0
SRRW-MARCELO-L=130-N=186741-phi=0.08-alpha=1.1-bmax=20-r=0.49-ru=10/config-136.txt.gz,1.1,0.08,56.0
SRRW-MARCELO-L=130-N=186741-phi=0.08-alpha=1.1-bmax=20-r=0.49-ru=10/config-137.txt.gz,1.1,0.08,80.0
SRRW-MARCELO-L=130-N=186741-phi=0.08-alpha=1.1-bmax=20-r=0.49-ru=10/config-138.txt.gz,1.1,0.08,66.0
SRRW-MARCELO-L=130-N=186741-phi=0.08-alpha=1.1-bmax=20-r=0.49-ru=10/config-139.txt.gz,1.1,0.08,50.0
SRRW-MARCELO-L=130-N=186741-phi=0.08-alpha=1.1-bmax=20-r=0.49-ru=10/config-14.txt.gz,1.1,0.08,50.0
SRRW-MARCELO-L=130-N=186741-phi=0.08-alpha=1.1-bmax=20-r=0.49-ru=10/config-140.txt.gz,1.1,0.08,62.0
SRRW-MARCELO-L=130-N=186741-phi=0.08-alpha=1.1-bmax=20-r=0.49-ru=10/config-141.txt.gz,1.1,0.08,51.0
SRRW-MARCELO-L=130-N=186741-phi=0.08-alpha=1.1-bmax=20-r=0.49-ru=10/config-142.txt.gz,1.1,0.08,52.0
SRRW-MARCELO-L=130-N=186741-phi=0.08-alpha=1.1-bmax=20-r=0.49-ru=10/config-143.txt.gz,1.1,0.08,56.0
SRRW-MARCELO-L=130-N=186741-phi=0.08-alpha=1.1-bmax=20-r=0.49-ru=10/config-144.txt.gz,1.1,0.08,59.0
SRRW-MARCELO-L=130-N=186741-phi=0.08-alpha=1.1-bmax=20-r=0.49-ru=10/config-145.txt.gz,1.1,0.08,59.0
SRRW-MARCELO-L=130-N=186741-phi=0.08-alpha=1.1-bmax=20-r=0.49-ru=10/config-146.txt.gz,1.1,0.08,43.0
SRRW-MARCELO-L=130-N=186741-phi=0.08-alpha=1.1-bmax=20-r=0.49-ru=10/config-147.txt.gz,1.1,0.08,50.0
SRRW-MARCELO-L=130-N=186741-phi=0.08-alpha=1.1-bmax=20-r=0.49-ru=10/config-148.txt.gz,1.1,0.08,50.0
SRRW-MARCELO-L=130-N=186741-phi=0.08-alpha=1.1-bmax=20-r=0.49-ru=10/config-149.txt.gz,1.1,0.08,42.0
SRRW-MARCELO-L=130-N=186741-phi=0.08-alpha=1.1-bmax=20-r=0.49-ru=10/config-15.txt.gz,1.1,0.08,65.0
SRRW-MARCELO-L=130-N=186741-phi=0.08-alpha=1.1-bmax=20-r=0.49-ru=10/config-150.txt.gz,1.1,0.08,68.0
SRRW-MARCELO-L=130-N=186741-phi=0.08-alpha=1.1-bmax=20-r=0.49-ru=10/config-151.txt.gz,1.1,0.08,64.0
SRRW-MARCELO-L=130-N=186741-phi=0.08-alpha=1.1-bmax=20-r=0.49-ru=10/config-152.txt.gz,1.1,0.08,48.0
SRRW-MARCELO-L=130-N=186741-phi=0.08-alpha=1.1-bmax=20-r=0.49-ru=10/config-153.txt.gz,1.1,0.08,56.0
SRRW-MARCELO-L=130-N=186741-phi=0.08-alpha=1.1-bmax=20-r=0.49-ru=10/config-154.txt.gz,1.1,0.08,49.0
SRRW-MARCELO-L=130-N=186741-phi=0.08-alpha=1.1-bmax=20-r=0.49-ru=10/config-155.txt.gz,1.1,0.08,64.0
SRRW-MARCELO-L=130-N=186741-phi=0.08-alpha=1.1-bmax=20-r=0.49-ru=10/config-156.txt.gz,1.1,0.08,55.0
SRRW-MARCELO-L=130-N=186741-phi=0.08-alpha=1.1-bmax=20-r=0.49-ru=10/config-157.txt.gz,1.1,0.08,43.0
SRRW-MARCELO-L=130-N=186741-phi=0.08-alpha=1.1-bmax=20-r=0.49-ru=10/config-158.txt.gz,1.1,0.08,47.0
SRRW-MARCELO-L=130-N=186741-phi=0.08-alpha=1.1-bmax=20-r=0.49-ru=10/config-159.txt.gz,1.1,0.08,54.0
SRRW-MARCELO-L=130-N=186741-phi=0.08-alpha=1.1-bmax=20-r=0.49-ru=10/config-16.txt.gz,1.1,0.08,60.0
SRRW-MARCELO-L=130-N=186741-phi=0.08-alpha=1.1-bmax=20-r=0.49-ru=10/config-160.txt.gz,1.1,0.08,61.0
SRRW-MARCELO-L=130-N=186741-phi=0.08-alpha=1.1-bmax=20-r=0.49-ru=10/config-161.txt.gz,1.1,0.08,42.0
SRRW-MARCELO-L=130-N=186741-phi=0.08-alpha=1.1-bmax=20-r=0.49-ru=10/config-162.txt.gz,1.1,0.08,52.0
SRRW-MARCELO-L=130-N=186741-phi=0.08-alpha=1.1-bmax=20-r=0.49-ru=10/config-163.txt.gz,1.1,0.08,59.0
SRRW-MARCELO-L=130-N=186741-phi=0.08-alpha=1.1-bmax=20-r=0.49-ru=10/config-164.txt.gz,1.1,0.08,56.0
SRRW-MARCELO-L=130-N=186741-phi=0.08-alpha=1.1-bmax=20-r=0.49-ru=10/config-165.txt.gz,1.1,0.08,50.0
SRRW-MARCELO-L=130-N=186741-phi=0.08-alpha=1.1-bmax=20-r=0.49-ru=10/config-166.txt.gz,1.1,0.08,62.0
SRRW-MARCELO-L=130-N=186741-phi=0.08-alpha=1.1-bmax=20-r=0.49-ru=10/config-167.txt.gz,1.1,0.08,44.0
SRRW-MARCELO-L=130-N=186741-phi=0.08-alpha=1.1-bmax=20-r=0.49-ru=10/config-168.txt.gz,1.1,0.08,47.0
SRRW-MARCELO-L=130-N=186741-phi=0.08-alpha=1.1-bmax=20-r=0.49-ru=10/config-169.txt.gz,1.1,0.08,58.0
SRRW-MARCELO-L=130-N=186741-phi=0.08-alpha=1.1-bmax=20-r=0.49-ru=10/config-17.txt.gz,1.1,0.08,48.0
SRRW-MARCELO-L=130-N=186741-phi=0.08-alpha=1.1-bmax=20-r=0.49-ru=10/config-170.txt.gz,1.1,0.08,41.0
SRRW-MARCELO-L=130-N=186741-phi=0.08-alpha=1.1-bmax=20-r=0.49-ru=10/config-171.txt.gz,1.1,0.08,59.0
SRRW-MARCELO-L=130-N=186741-phi=0.08-alpha=1.1-bmax=20-r=0.49-ru=10/config-172.txt.gz,1.1,0.08,62.0
SRRW-MARCELO-L=130-N=186741-phi=0.08-alpha=1.1-bmax=20-r=0.49-ru=10/config-173.txt.gz,1.1,0.08,50.0
SRRW-MARCELO-L=130-N=186741-phi=0.08-alpha=1.1-bmax=20-r=0.49-ru=10/config-174.txt.gz,1.1,0.08,73.0
SRRW-MARCELO-L=130-N=186741-phi=0.08-alpha=1.1-bmax=20-r=0.49-ru=10/config-175.txt.gz,1.1,0.08,49.0
SRRW-MARCELO-L=130-N=186741-phi=0.08-alpha=1.1-bmax=20-r=0.49-ru=10/config-176.txt.gz,1.1,0.08,45.0
SRRW-MARCELO-L=130-N=186741-phi=0.08-alpha=1.1-bmax=20-r=0.49-ru=10/config-177.txt.gz,1.1,0.08,52.0
SRRW-MARCELO-L=130-N=186741-phi=0.08-alpha=1.1-bmax=20-r=0.49-ru=10/config-178.txt.gz,1.1,0.08,75.0
SRRW-MARCELO-L=130-N=186741-phi=0.08-alpha=1.1-bmax=20-r=0.49-ru=10/config-179.txt.gz,1.1,0.08,54.0
SRRW-MARCELO-L=130-N=186741-phi=0.08-alpha=1.1-bmax=20-r=0.49-ru=10/config-18.txt.gz,1.1,0.08,55.0
SRRW-MARCELO-L=130-N=186741-phi=0.08-alpha=1.1-bmax=20-r=0.49-ru=10/config-180.txt.gz,1.1,0.08,53.0
SRRW-MARCELO-L=130-N=186741-phi=0.08-alpha=1.1-bmax=20-r=0.49-ru=10/config-181.txt.gz,1.1,0.08,54.0
SRRW-MARCELO-L=130-N=186741-phi=0.08-alpha=1.1-bmax=20-r=0.49-ru=10/config-182.txt.gz,1.1,0.08,51.0
SRRW-MARCELO-L=130-N=186741-phi=0.08-alpha=1.1-bmax=20-r=0.49-ru=10/config-183.txt.gz,1.1,0.08,46.0
SRRW-MARCELO-L=130-N=186741-phi=0.08-alpha=1.1-bmax=20-r=0.49-ru=10/config-184.txt.gz,1.1,0.08,48.0
SRRW-MARCELO-L=130-N=186741-phi=0.08-alpha=1.1-bmax=20-r=0.49-ru=10/config-185.txt.gz,1.1,0.08,56.0
SRRW-MARCELO-L=130-N=186741-phi=0.08-alpha=1.1-bmax=20-r=0.49-ru=10/config-186.txt.gz,1.1,0.08,53.0
SRRW-MARCELO-L=130-N=186741-phi=0.08-alpha=1.1-bmax=20-r=0.49-ru=10/config-187.txt.gz,1.1,0.08,59.0
SRRW-MARCELO-L=130-N=186741-phi=0.08-alpha=1.1-bmax=20-r=0.49-ru=10/config-188.txt.gz,1.1,0.08,54.0
SRRW-MARCELO-L=130-N=186741-phi=0.08-alpha=1.2-bmax=20-r=0.49-ru=10/config-1.txt.gz,1.2,0.08,70.0
SRRW-MARCELO-L=130-N=186741-phi=0.08-alpha=1.2-bmax=20-r=0.49-ru=10/config-10.txt.gz,1.2,0.08,66.0
SRRW-MARCELO-L=130-N=186741-phi=0.08-alpha=1.2-bmax=20-r=0.49-ru=10/config-100.txt.gz,1.2,0.08,72.0
SRRW-MARCELO-L=130-N=186741-phi=0.08-alpha=1.2-bmax=20-r=0.49-ru=10/config-1000.txt.gz,1.2,0.08,70.0
SRRW-MARCELO-L=130-N=186741-phi=0.08-alpha=1.2-bmax=20-r=0.49-ru=10/config-101.txt.gz,1.2,0.08,81.0
SRRW-MARCELO-L=130-N=186741-phi=0.08-alpha=1.2-bmax=20-r=0.49-ru=10/config-102.txt.gz,1.2,0.08,56.0
SRRW-MARCELO-L=130-N=186741-phi=0.08-alpha=1.2-bmax=20-r=0.49-ru=10/config-103.txt.gz,1.2,0.08,68.0
SRRW-MARCELO-L=130-N=186741-phi=0.08-alpha=1.2-bmax=20-r=0.49-ru=10/config-104.txt.gz,1.2,0.08,62.0
SRRW-MARCELO-L=130-N=186741-phi=0.08-alpha=1.2-bmax=20-r=0.49-ru=10/config-105.txt.gz,1.2,0.08,66.0
SRRW-MARCELO-L=130-N=186741-phi=0.08-alpha=1.2-bmax=20-r=0.49-ru=10/config-106.txt.gz,1.2,0.08,58.0
SRRW-MARCELO-L=130-N=186741-phi=0.08-alpha=1.2-bmax=20-r=0.49-ru=10/config-107.txt.gz,1.2,0.08,53.0
SRRW-MARCELO-L=130-N=186741-phi=0.08-alpha=1.2-bmax=20-r=0.49-ru=10/config-108.txt.gz,1.2,0.08,65.0
SRRW-MARCELO-L=130-N=186741-phi=0.08-alpha=1.2-bmax=20-r=0.49-ru=10/config-109.txt.gz,1.2,0.08,47.0
SRRW-MARCELO-L=130-N=186741-phi=0.08-alpha=1.2-bmax=20-r=0.49-ru=10/config-11.txt.gz,1.2,0.08,50.0
SRRW-MARCELO-L=130-N=186741-phi=0.08-alpha=1.2-bmax=20-r=0.49-ru=10/config-110.txt.gz,1.2,0.08,55.0
SRRW-MARCELO-L=130-N=186741-phi=0.08-alpha=1.2-bmax=20-r=0.49-ru=10/config-111.txt.gz,1.2,0.08,71.0
SRRW-MARCELO-L=130-N=186741-phi=0.08-alpha=1.2-bmax=20-r=0.49-ru=10/config-112.txt.gz,1.2,0.08,72.0
SRRW-MARCELO-L=130-N=186741-phi=0.08-alpha=1.2-bmax=20-r=0.49-ru=10/config-113.txt.gz,1.2,0.08,75.0
SRRW-MARCELO-L=130-N=186741-phi=0.08-alpha=1.2-bmax=20-r=0.49-ru=10/config-114.txt.gz,1.2,0.08,66.0
SRRW-MARCELO-L=130-N=186741-phi=0.08-alpha=1.2-bmax=20-r=0.49-ru=10/config-115.txt.gz,1.2,0.08,56.0
SRRW-MARCELO-L=130-N=186741-phi=0.08-alpha=1.2-bmax=20-r=0.49-ru=10/config-116.txt.gz,1.2,0.08,52.0
SRRW-MARCELO-L=130-N=186741-phi=0.08-alpha=1.2-bmax=20-r=0.49-ru=10/config-117.txt.gz,1.2,0.08,55.0
SRRW-MARCELO-L=130-N=186741-phi=0.08-alpha=1.2-bmax=20-r=0.49-ru=10/config-118.txt.gz,1.2,0.08,62.0
SRRW-MARCELO-L=130-N=186741-phi=0.08-alpha=1.2-bmax=20-r=0.49-ru=10/config-119.txt.gz,1.2,0.08,81.0
SRRW-MARCELO-L=130-N=186741-phi=0.08-alpha=1.2-bmax=20-r=0.49-ru=10/config-12.txt.gz,1.2,0.08,78.0
SRRW-MARCELO-L=130-N=186741-phi=0.08-alpha=1.2-bmax=20-r=0.49-ru=10/config-120.txt.gz,1.2,0.08,66.0
SRRW-MARCELO-L=130-N=186741-phi=0.08-alpha=1.2-bmax=20-r=0.49-ru=10/config-121.txt.gz,1.2,0.08,74.0
SRRW-MARCELO-L=130-N=186741-phi=0.08-alpha=1.2-bmax=20-r=0.49-ru=10/config-122.txt.gz,1.2,0.08,68.0
SRRW-MARCELO-L=130-N=186741-phi=0.08-alpha=1.2-bmax=20-r=0.49-ru=10/config-123.txt.gz,1.2,0.08,58.0
SRRW-MARCELO-L=130-N=186741-phi=0.08-alpha=1.2-bmax=20-r=0.49-ru=10/config-124.txt.gz,1.2,0.08,52.0
SRRW-MARCELO-L=130-N=186741-phi=0.08-alpha=1.2-bmax=20-r=0.49-ru=10/config-125.txt.gz,1.2,0.08,78.0
SRRW-MARCELO-L=130-N=186741-phi=0.08-alpha=1.2-bmax=20-r=0.49-ru=10/config-126.txt.gz,1.2,0.08,58.0
SRRW-MARCELO-L=130-N=186741-phi=0.08-alpha=1.2-bmax=20-r=0.49-ru=10/config-127.txt.gz,1.2,0.08,56.0
SRRW-MARCELO-L=130-N=186741-phi=0.08-alpha=1.2-bmax=20-r=0.49-ru=10/config-128.txt.gz,1.2,0.08,59.0
SRRW-MARCELO-L=130-N=186741-phi=0.08-alpha=1.2-bmax=20-r=0.49-ru=10/config-129.txt.gz,1.2,0.08,66.0
SRRW-MARCELO-L=130-N=186741-phi=0.08-alpha=1.2-bmax=20-r=0.49-ru=10/config-13.txt.gz,1.2,0.08,79.0
SRRW-MARCELO-L=130-N=186741-phi=0.08-alpha=1.2-bmax=20-r=0.49-ru=10/config-130.txt.gz,1.2,0.08,57.0
SRRW-MARCELO-L=130-N=186741-phi=0.08-alpha=1.2-bmax=20-r=0.49-ru=10/config-131.txt.gz,1.2,0.08,73.0
SRRW-MARCELO-L=130-N=186741-phi=0.08-alpha=1.2-bmax=20-r=0.49-ru=10/config-132.txt.gz,1.2,0.08,77.0
SRRW-MARCELO-L=130-N=186741-phi=0.08-alpha=1.2-bmax=20-r=0.49-ru=10/config-133.txt.gz,1.2,0.08,76.0
SRRW-MARCELO-L=130-N=186741-phi=0.08-alpha=1.2-bmax=20-r=0.49-ru=10/config-134.txt.gz,1.2,0.08,73.0
SRRW-MARCELO-L=130-N=186741-phi=0.08-alpha=1.2-bmax=20-r=0.49-ru=10/config-135.txt.gz,1.2,0.08,68.0
SRRW-MARCELO-L=130-N=186741-phi=0.08-alpha=1.2-bmax=20-r=0.49-ru=10/config-136.txt.gz,1.2,0.08,80.0
SRRW-MARCELO-L=130-N=186741-phi=0.08-alpha=1.2-bmax=20-r=0.49-ru=10/config-137.txt.gz,1.2,0.08,73.0
SRRW-MARCELO-L=130-N=186741-phi=0.08-alpha=1.2-bmax=20-r=0.49-ru=10/config-138.txt.gz,1.2,0.08,64.0
SRRW-MARCELO-L=130-N=186741-phi=0.08-alpha=1.2-bmax=20-r=0.49-ru=10/config-139.txt.gz,1.2,0.08,74.0
SRRW-MARCELO-L=130-N=186741-phi=0.08-alpha=1.2-bmax=20-r=0.49-ru=10/config-14.txt.gz,1.2,0.08,78.0
SRRW-MARCELO-L=130-N=186741-phi=0.08-alpha=1.2-bmax=20-r=0.49-ru=10/config-140.txt.gz,1.2,0.08,85.0
SRRW-MARCELO-L=130-N=186741-phi=0.08-alpha=1.2-bmax=20-r=0.49-ru=10/config-141.txt.gz,1.2,0.08,44.0
SRRW-MARCELO-L=130-N=186741-phi=0.08-alpha=1.2-bmax=20-r=0.49-ru=10/config-142.txt.gz,1.2,0.08,62.0
SRRW-MARCELO-L=130-N=186741-phi=0.08-alpha=1.2-bmax=20-r=0.49-ru=10/config-143.txt.gz,1.2,0.08,67.0
SRRW-MARCELO-L=130-N=186741-phi=0.08-alpha=1.2-bmax=20-r=0.49-ru=10/config-144.txt.gz,1.2,0.08,72.0
SRRW-MARCELO-L=130-N=186741-phi=0.08-alpha=1.2-bmax=20-r=0.49-ru=10/config-145.txt.gz,1.2,0.08,51.0
SRRW-MARCELO-L=130-N=186741-phi=0.08-alpha=1.2-bmax=20-r=0.49-ru=10/config-146.txt.gz,1.2,0.08,75.0
SRRW-MARCELO-L=130-N=186741-phi=0.08-alpha=1.2-bmax=20-r=0.49-ru=10/config-147.txt.gz,1.2,0.08,74.0
SRRW-MARCELO-L=130-N=186741-phi=0.08-alpha=1.2-bmax=20-r=0.49-ru=10/config-148.txt.gz,1.2,0.08,74.0
SRRW-MARCELO-L=130-N=186741-phi=0.08-alpha=1.2-bmax=20-r=0.49-ru=10/config-149.txt.gz,1.2,0.08,71.0
SRRW-MARCELO-L=130-N=186741-phi=0.08-alpha=1.2-bmax=20-r=0.49-ru=10/config-15.txt.gz,1.2,0.08,63.0
SRRW-MARCELO-L=130-N=186741-phi=0.08-alpha=1.2-bmax=20-r=0.49-ru=10/config-150.txt.gz,1.2,0.08,57.0
SRRW-MARCELO-L=130-N=186741-phi=0.08-alpha=1.2-bmax=20-r=0.49-ru=10/config-151.txt.gz,1.2,0.08,55.0
SRRW-MARCELO-L=130-N=186741-phi=0.08-alpha=1.2-bmax=20-r=0.49-ru=10/config-152.txt.gz,1.2,0.08,65.0
SRRW-MARCELO-L=130-N=186741-phi=0.08-alpha=1.2-bmax=20-r=0.49-ru=10/config-153.txt.gz,1.2,0.08,52.0
SRRW-MARCELO-L=130-N=186741-phi=0.08-alpha=1.2-bmax=20-r=0.49-ru=10/config-154.txt.gz,1.2,0.08,67.0
SRRW-MARCELO-L=130-N=186741-phi=0.08-alpha=1.2-bmax=20-r=0.49-ru=10/config-155.txt.gz,1.2,0.08,54.0
SRRW-MARCELO-L=130-N=186741-phi=0.08-alpha=1.2-bmax=20-r=0.49-ru=10/config-156.txt.gz,1.2,0.08,66.0
SRRW-MARCELO-L=130-N=186741-phi=0.08-alpha=1.2-bmax=20-r=0.49-ru=10/config-157.txt.gz,1.2,0.08,51.0
SRRW-MARCELO-L=130-N=186741-phi=0.08-alpha=1.2-bmax=20-r=0.49-ru=10/config-158.txt.gz,1.2,0.08,71.0
SRRW-MARCELO-L=130-N=186741-phi=0.08-alpha=1.2-bmax=20-r=0.49-ru=10/config-159.txt.gz,1.2,0.08,62.0
SRRW-MARCELO-L=130-N=186741-phi=0.08-alpha=1.2-bmax=20-r=0.49-ru=10/config-16.txt.gz,1.2,0.08,64.0
SRRW-MARCELO-L=130-N=186741-phi=0.08-alpha=1.2-bmax=20-r=0.49-ru=10/config-160.txt.gz,1.2,0.08,75.0
SRRW-MARCELO-L=130-N=186741-phi=0.08-alpha=1.2-bmax=20-r=0.49-ru=10/config-161.txt.gz,1.2,0.08,69.0
SRRW-MARCELO-L=130-N=186741-phi=0.08-alpha=1.2-bmax=20-r=0.49-ru=10/config-162.txt.gz,1.2,0.08,76.0
SRRW-MARCELO-L=130-N=186741-phi=0.08-alpha=1.2-bmax=20-r=0.49-ru=10/config-163.txt.gz,1.2,0.08,45.0
SRRW-MARCELO-L=130-N=186741-phi=0.08-alpha=1.2-bmax=20-r=0.49-ru=10/config-164.txt.gz,1.2,0.08,77.0
SRRW-MARCELO-L=130-N=186741-phi=0.08-alpha=1.2-bmax=20-r=0.49-ru=10/config-165.txt.gz,1.2,0.08,73.0
SRRW-MARCELO-L=130-N=186741-phi=0.08-alpha=1.2-bmax=20-r=0.49-ru=10/config-166.txt.gz,1.2,0.08,74.0
SRRW-MARCELO-L=130-N=186741-phi=0.08-alpha=1.2-bmax=20-r=0.49-ru=10/config-167.txt.gz,1.2,0.08,81.0
SRRW-MARCELO-L=130-N=186741-phi=0.08-alpha=1.2-bmax=20-r=0.49-ru=10/config-168.txt.gz,1.2,0.08,61.0
SRRW-MARCELO-L=130-N=186741-phi=0.08-alpha=1.2-bmax=20-r=0.49-ru=10/config-169.txt.gz,1.2,0.08,71.0
SRRW-MARCELO-L=130-N=186741-phi=0.08-alpha=1.2-bmax=20-r=0.49-ru=10/config-17.txt.gz,1.2,0.08,84.0
SRRW-MARCELO-L=130-N=186741-phi=0.08-alpha=1.2-bmax=20-r=0.49-ru=10/config-170.txt.gz,1.2,0.08,72.0
SRRW-MARCELO-L=130-N=186741-phi=0.08-alpha=1.2-bmax=20-r=0.49-ru=10/config-171.txt.gz,1.2,0.08,56.0
SRRW-MARCELO-L=130-N=186741-phi=0.08-alpha=1.2-bmax=20-r=0.49-ru=10/config-172.txt.gz,1.2,0.08,73.0
SRRW-MARCELO-L=130-N=186741-phi=0.08-alpha=1.2-bmax=20-r=0.49-ru=10/config-173.txt.gz,1.2,0.08,66.0
SRRW-MARCELO-L=130-N=186741-phi=0.08-alpha=1.2-bmax=20-r=0.49-ru=10/config-174.txt.gz,1.2,0.08,57.0
SRRW-MARCELO-L=130-N=186741-phi=0.08-alpha=1.2-bmax=20-r=0.49-ru=10/config-175.txt.gz,1.2,0.08,61.0
SRRW-MARCELO-L=130-N=186741-phi=0.08-alpha=1.2-bmax=20-r=0.49-ru=10/config-176.txt.gz,1.2,0.08,71.0
SRRW-MARCELO-L=130-N=186741-phi=0.08-alpha=1.2-bmax=20-r=0.49-ru=10/config-177.txt.gz,1.2,0.08,66.0
SRRW-MARCELO-L=130-N=186741-phi=0.08-alpha=1.2-bmax=20-r=0.49-ru=10/config-178.txt.gz,1.2,0.08,65.0
SRRW-MARCELO-L=130-N=186741-phi=0.08-alpha=1.2-bmax=20-r=0.49-ru=10/config-179.txt.gz,1.2,0.08,66.0
SRRW-MARCELO-L=130-N=186741-phi=0.08-alpha=1.2-bmax=20-r=0.49-ru=10/config-18.txt.gz,1.2,0.08,56.0
SRRW-MARCELO-L=130-N=186741-phi=0.08-alpha=1.2-bmax=20-r=0.49-ru=10/config-180.txt.gz,1.2,0.08,71.0
SRRW-MARCELO-L=130-N=186741-phi=0.08-alpha=1.2-bmax=20-r=0.49-ru=10/config-181.txt.gz,1.2,0.08,66.0
SRRW-MARCELO-L=130-N=186741-phi=0.08-alpha=1.2-bmax=20-r=0.49-ru=10/config-182.txt.gz,1.2,0.08,61.0
SRRW-MARCELO-L=130-N=186741-phi=0.08-alpha=1.2-bmax=20-r=0.49-ru=10/config-183.txt.gz,1.2,0.08,78.0
SRRW-MARCELO-L=130-N=186741-phi=0.08-alpha=1.2-bmax=20-r=0.49-ru=10/config-184.txt.gz,1.2,0.08,76.0
SRRW-MARCELO-L=130-N=186741-phi=0.08-alpha=1.2-bmax=20-r=0.49-ru=10/config-185.txt.gz,1.2,0.08,75.0
SRRW-MARCELO-L=130-N=186741-phi=0.08-alpha=1.2-bmax=20-r=0.49-ru=10/config-186.txt.gz,1.2,0.08,83.0
SRRW-MARCELO-L=130-N=186741-phi=0.08-alpha=1.2-bmax=20-r=0.49-ru=10/config-187.txt.gz,1.2,0.08,62.0
SRRW-MARCELO-L=130-N=186741-phi=0.08-alpha=1.2-bmax=20-r=0.49-ru=10/config-188.txt.gz,1.2,0.08,62.0
SRRW-MARCELO-L=130-N=280112-phi=0.12-alpha=1.1-bmax=20-r=0.49-ru=10/config-1.txt.gz,1.1,0.12,64.0
SRRW-MARCELO-L=130-N=280112-phi=0.12-alpha=1.1-bmax=20-r=0.49-ru=10/config-10.txt.gz,1.1,0.12,53.0
SRRW-MARCELO-L=130-N=280112-phi=0.12-alpha=1.1-bmax=20-r=0.49-ru=10/config-100.txt.gz,1.1,0.12,75.0
SRRW-MARCELO-L=130-N=280112-phi=0.12-alpha=1.1-bmax=20-r=0.49-ru=10/config-1000.txt.gz,1.1,0.12,68.0
SRRW-MARCELO-L=130-N=280112-phi=0.12-alpha=1.1-bmax=20-r=0.49-ru=10/config-101.txt.gz,1.1,0.12,71.0
SRRW-MARCELO-L=130-N=280112-phi=0.12-alpha=1.1-bmax=20-r=0.49-ru=10/config-102.txt.gz,1.1,0.12,57.0
SRRW-MARCELO-L=130-N=280112-phi=0.12-alpha=1.1-bmax=20-r=0.49-ru=10/config-103.txt.gz,1.1,0.12,68.0
SRRW-MARCELO-L=130-N=280112-phi=0.12-alpha=1.1-bmax=20-r=0.49-ru=10/config-104.txt.gz,1.1,0.12,75.0
SRRW-MARCELO-L=130-N=280112-phi=0.12-alpha=1.1-bmax=20-r=0.49-ru=10/config-105.txt.gz,1.1,0.12,66.0
SRRW-MARCELO-L=130-N=280112-phi=0.12-alpha=1.1-bmax=20-r=0.49-ru=10/config-106.txt.gz,1.1,0.12,64.0
SRRW-MARCELO-L=130-N=280112-phi=0.12-alpha=1.1-bmax=20-r=0.49-ru=10/config-107.txt.gz,1.1,0.12,68.0
SRRW-MARCELO-L=130-N=280112-phi=0.12-alpha=1.1-bmax=20-r=0.49-ru=10/config-108.txt.gz,1.1,0.12,65.0
SRRW-MARCELO-L=130-N=280112-phi=0.12-alpha=1.1-bmax=20-r=0.49-ru=10/config-109.txt.gz,1.1,0.12,82.0
SRRW-MARCELO-L=130-N=280112-phi=0.12-alpha=1.1-bmax=20-r=0.49-ru=10/config-11.txt.gz,1.1,0.12,64.0
SRRW-MARCELO-L=130-N=280112-phi=0.12-alpha=1.1-bmax=20-r=0.49-ru=10/config-110.txt.gz,1.1,0.12,58.0
SRRW-MARCELO-L=130-N=280112-phi=0.12-alpha=1.1-bmax=20-r=0.49-ru=10/config-111.txt.gz,1.1,0.12,47.0
SRRW-MARCELO-L=130-N=280112-phi=0.12-alpha=1.1-bmax=20-r=0.49-ru=10/config-112.txt.gz,1.1,0.12,72.0
SRRW-MARCELO-L=130-N=280112-phi=0.12-alpha=1.1-bmax=20-r=0.49-ru=10/config-113.txt.gz,1.1,0.12,82.0
SRRW-MARCELO-L=130-N=280112-phi=0.12-alpha=1.1-bmax=20-r=0.49-ru=10/config-114.txt.gz,1.1,0.12,78.0
SRRW-MARCELO-L=130-N=280112-phi=0.12-alpha=1.1-bmax=20-r=0.49-ru=10/config-115.txt.gz,1.1,0.12,58.0
SRRW-MARCELO-L=130-N=280112-phi=0.12-alpha=1.1-bmax=20-r=0.49-ru=10/config-116.txt.gz,1.1,0.12,70.0
SRRW-MARCELO-L=130-N=280112-phi=0.12-alpha=1.1-bmax=20-r=0.49-ru=10/config-117.txt.gz,1.1,0.12,69.0
SRRW-MARCELO-L=130-N=280112-phi=0.12-alpha=1.1-bmax=20-r=0.49-ru=10/config-118.txt.gz,1.1,0.12,68.0
SRRW-MARCELO-L=130-N=280112-phi=0.12-alpha=1.1-bmax=20-r=0.49-ru=10/config-119.txt.gz,1.1,0.12,55.0
SRRW-MARCELO-L=130-N=280112-phi=0.12-alpha=1.1-bmax=20-r=0.49-ru=10/config-12.txt.gz,1.1,0.12,58.0
SRRW-MARCELO-L=130-N=280112-phi=0.12-alpha=1.1-bmax=20-r=0.49-ru=10/config-120.txt.gz,1.1,0.12,57.0
SRRW-MARCELO-L=130-N=280112-phi=0.12-alpha=1.1-bmax=20-r=0.49-ru=10/config-121.txt.gz,1.1,0.12,61.0
SRRW-MARCELO-L=130-N=280112-phi=0.12-alpha=1.1-bmax=20-r=0.49-ru=10/config-122.txt.gz,1.1,0.12,62.0
SRRW-MARCELO-L=130-N=280112-phi=0.12-alpha=1.1-bmax=20-r=0.49-ru=10/config-123.txt.gz,1.1,0.12,61.0
SRRW-MARCELO-L=130-N=280112-phi=0.12-alpha=1.1-bmax=20-r=0.49-ru=10/config-124.txt.gz,1.1,0.12,57.0
SRRW-MARCELO-L=130-N=280112-phi=0.12-alpha=1.1-bmax=20-r=0.49-ru=10/config-125.txt.gz,1.1,0.12,61.0
SRRW-MARCELO-L=130-N=280112-phi=0.12-alpha=1.1-bmax=20-r=0.49-ru=10/config-126.txt.gz,1.1,0.12,58.0
SRRW-MARCELO-L=130-N=280112-phi=0.12-alpha=1.1-bmax=20-r=0.49-ru=10/config-127.txt.gz,1.1,0.12,57.0
SRRW-MARCELO-L=130-N=280112-phi=0.12-alpha=1.1-bmax=20-r=0.49-ru=10/config-128.txt.gz,1.1,0.12,57.0
SRRW-MARCELO-L=130-N=280112-phi=0.12-alpha=1.1-bmax=20-r=0.49-ru=10/config-129.txt.gz,1.1,0.12,72.0
SRRW-MARCELO-L=130-N=280112-phi=0.12-alpha=1.1-bmax=20-r=0.49-ru=10/config-13.txt.gz,1.1,0.12,70.0
SRRW-MARCELO-L=130-N=280112-phi=0.12-alpha=1.1-bmax=20-r=0.49-ru=10/config-130.txt.gz,1.1,0.12,61.0
SRRW-MARCELO-L=130-N=280112-phi=0.12-alpha=1.1-bmax=20-r=0.49-ru=10/config-131.txt.gz,1.1,0.12,63.0
SRRW-MARCELO-L=130-N=280112-phi=0.12-alpha=1.1-bmax=20-r=0.49-ru=10/config-132.txt.gz,1.1,0.12,56.0
SRRW-MARCELO-L=130-N=280112-phi=0.12-alpha=1.1-bmax=20-r=0.49-ru=10/config-133.txt.gz,1.1,0.12,59.0
SRRW-MARCELO-L=130-N=280112-phi=0.12-alpha=1.1-bmax=20-r=0.49-ru=10/config-134.txt.gz,1.1,0.12,52.0
SRRW-MARCELO-L=130-N=280112-phi=0.12-alpha=1.1-bmax=20-r=0.49-ru=10/config-135.txt.gz,1.1,0.12,51.0
SRRW-MARCELO-L=130-N=280112-phi=0.12-alpha=1.1-bmax=20-r=0.49-ru=10/config-136.txt.gz,1.1,0.12,55.0
SRRW-MARCELO-L=130-N=280112-phi=0.12-alpha=1.1-bmax=20-r=0.49-ru=10/config-137.txt.gz,1.1,0.12,65.0
SRRW-MARCELO-L=130-N=280112-phi=0.12-alpha=1.1-bmax=20-r=0.49-ru=10/config-138.txt.gz,1.1,0.12,44.0
SRRW-MARCELO-L=130-N=280112-phi=0.12-alpha=1.1-bmax=20-r=0.49-ru=10/config-139.txt.gz,1.1,0.12,60.0
SRRW-MARCELO-L=130-N=280112-phi=0.12-alpha=1.1-bmax=20-r=0.49-ru=10/config-14.txt.gz,1.1,0.12,62.0
SRRW-MARCELO-L=130-N=280112-phi=0.12-alpha=1.1-bmax=20-r=0.49-ru=10/config-140.txt.gz,1.1,0.12,54.0
SRRW-MARCELO-L=130-N=280112-phi=0.12-alpha=1.1-bmax=20-r=0.49-ru=10/config-141.txt.gz,1.1,0.12,65.0
SRRW-MARCELO-L=130-N=280112-phi=0.12-alpha=1.1-bmax=20-r=0.49-ru=10/config-142.txt.gz,1.1,0.12,79.0
SRRW-MARCELO-L=130-N=280112-phi=0.12-alpha=1.1-bmax=20-r=0.49-ru=10/config-143.txt.gz,1.1,0.12,61.0
SRRW-MARCELO-L=130-N=280112-phi=0.12-alpha=1.1-bmax=20-r=0.49-ru=10/config-144.txt.gz,1.1,0.12,72.0
SRRW-MARCELO-L=130-N=280112-phi=0.12-alpha=1.1-bmax=20-r=0.49-ru=10/config-145.txt.gz,1.1,0.12,83.0
SRRW-MARCELO-L=130-N=280112-phi=0.12-alpha=1.1-bmax=20-r=0.49-ru=10/config-146.txt.gz,1.1,0.12,67.0
SRRW-MARCELO-L=130-N=280112-phi=0.12-alpha=1.1-bmax=20-r=0.49-ru=10/config-147.txt.gz,1.1,0.12,66.0
SRRW-MARCELO-L=130-N=280112-phi=0.12-alpha=1.1-bmax=20-r=0.49-ru=10/config-148.txt.gz,1.1,0.12,55.0
SRRW-MARCELO-L=130-N=280112-phi=0.12-alpha=1.1-bmax=20-r=0.49-ru=10/config-149.txt.gz,1.1,0.12,62.0
SRRW-MARCELO-L=130-N=280112-phi=0.12-alpha=1.1-bmax=20-r=0.49-ru=10/config-15.txt.gz,1.1,0.12,51.0
SRRW-MARCELO-L=130-N=280112-phi=0.12-alpha=1.1-bmax=20-r=0.49-ru=10/config-150.txt.gz,1.1,0.12,60.0
SRRW-MARCELO-L=130-N=280112-phi=0.12-alpha=1.1-bmax=20-r=0.49-ru=10/config-151.txt.gz,1.1,0.12,48.0
SRRW-MARCELO-L=130-N=280112-phi=0.12-alpha=1.1-bmax=20-r=0.49-ru=10/config-152.txt.gz,1.1,0.12,81.0
SRRW-MARCELO-L=130-N=280112-phi=0.12-alpha=1.1-bmax=20-r=0.49-ru=10/config-153.txt.gz,1.1,0.12,61.0
SRRW-MARCELO-L=130-N=280112-phi=0.12-alpha=1.1-bmax=20-r=0.49-ru=10/config-154.txt.gz,1.1,0.12,62.0
SRRW-MARCELO-L=130-N=280112-phi=0.12-alpha=1.1-bmax=20-r=0.49-ru=10/config-155.txt.gz,1.1,0.12,53.0
SRRW-MARCELO-L=130-N=280112-phi=0.12-alpha=1.1-bmax=20-r=0.49-ru=10/config-156.txt.gz,1.1,0.12,62.0
SRRW-MARCELO-L=130-N=280112-phi=0.12-alpha=1.1-bmax=20-r=0.49-ru=10/config-157.txt.gz,1.1,0.12,56.0
SRRW-MARCELO-L=130-N=280112-phi=0.12-alpha=1.1-bmax=20-r=0.49-ru=10/config-158.txt.gz,1.1,0.12,65.0
SRRW-MARCELO-L=130-N=280112-phi=0.12-alpha=1.1-bmax=20-r=0.49-ru=10/config-159.txt.gz,1.1,0.12,64.0
SRRW-MARCELO-L=130-N=280112-phi=0.12-alpha=1.1-bmax=20-r=0.49-ru=10/config-16.txt.gz,1.1,0.12,64.0
SRRW-MARCELO-L=130-N=280112-phi=0.12-alpha=1.1-bmax=20-r=0.49-ru=10/config-160.txt.gz,1.1,0.12,67.0
SRRW-MARCELO-L=130-N=280112-phi=0.12-alpha=1.1-bmax=20-r=0.49-ru=10/config-161.txt.gz,1.1,0.12,55.0
SRRW-MARCELO-L=130-N=280112-phi=0.12-alpha=1.1-bmax=20-r=0.49-ru=10/config-162.txt.gz,1.1,0.12,81.0
SRRW-MARCELO-L=130-N=280112-phi=0.12-alpha=1.1-bmax=20-r=0.49-ru=10/config-163.txt.gz,1.1,0.12,82.0
SRRW-MARCELO-L=130-N=280112-phi=0.12-alpha=1.1-bmax=20-r=0.49-ru=10/config-164.txt.gz,1.1,0.12,75.0
SRRW-MARCELO-L=130-N=280112-phi=0.12-alpha=1.1-bmax=20-r=0.49-ru=10/config-165.txt.gz,1.1,0.12,73.0
SRRW-MARCELO-L=130-N=280112-phi=0.12-alpha=1.1-bmax=20-r=0.49-ru=10/config-166.txt.gz,1.1,0.12,65.0
SRRW-MARCELO-L=130-N=280112-phi=0.12-alpha=1.1-bmax=20-r=0.49-ru=10/config-167.txt.gz,1.1,0.12,36.0
SRRW-MARCELO-L=130-N=280112-phi=0.12-alpha=1.1-bmax=20-r=0.49-ru=10/config-168.txt.gz,1.1,0.12,83.0
SRRW-MARCELO-L=130-N=280112-phi=0.12-alpha=1.1-bmax=20-r=0.49-ru=10/config-169.txt.gz,1.1,0.12,61.0
SRRW-MARCELO-L=130-N=280112-phi=0.12-alpha=1.1-bmax=20-r=0.49-ru=10/config-17.txt.gz,1.1,0.12,66.0
SRRW-MARCELO-L=130-N=280112-phi=0.12-alpha=1.1-bmax=20-r=0.49-ru=10/config-170.txt.gz,1.1,0.12,62.0
SRRW-MARCELO-L=130-N=280112-phi=0.12-alpha=1.1-bmax=20-r=0.49-ru=10/config-171.txt.gz,1.1,0.12,72.0
SRRW-MARCELO-L=130-N=280112-phi=0.12-alpha=1.1-bmax=20-r=0.49-ru=10/config-172.txt.gz,1.1,0.12,53.0
SRRW-MARCELO-L=130-N=280112-phi=0.12-alpha=1.1-bmax=20-r=0.49-ru=10/config-173.txt.gz,1.1,0.12,54.0
SRRW-MARCELO-L=130-N=280112-phi=0.12-alpha=1.1-bmax=20-r=0.49-ru=10/config-174.txt.gz,1.1,0.12,42.0
SRRW-MARCELO-L=130-N=280112-phi=0.12-alpha=1.1-bmax=20-r=0.49-ru=10/config-175.txt.gz,1.1,0.12,58.0
SRRW-MARCELO-L=130-N=280112-phi=0.12-alpha=1.1-bmax=20-r=0.49-ru=10/config-176.txt.gz,1.1,0.12,65.0
SRRW-MARCELO-L=130-N=280112-phi=0.12-alpha=1.1-bmax=20-r=0.49-ru=10/config-177.txt.gz,1.1,0.12,55.0
SRRW-MARCELO-L=130-N=280112-phi=0.12-alpha=1.1-bmax=20-r=0.49-ru=10/config-178.txt.gz,1.1,0.12,60.0
SRRW-MARCELO-L=130-N=280112-phi=0.12-alpha=1.1-bmax=20-r=0.49-ru=10/config-179.txt.gz,1.1,0.12,65.0
SRRW-MARCELO-L=130-N=280112-phi=0.12-alpha=1.1-bmax=20-r=0.49-ru=10/config-18.txt.gz,1.1,0.12,57.0
SRRW-MARCELO-L=130-N=280112-phi=0.12-alpha=1.1-bmax=20-r=0.49-ru=10/config-180.txt.gz,1.1,0.12,57.0
SRRW-MARCELO-L=130-N=280112-phi=0.12-alpha=1.1-bmax=20-r=0.49-ru=10/config-181.txt.gz,1.1,0.12,64.0
SRRW-MARCELO-L=130-N=280112-phi=0.12-alpha=1.1-bmax=20-r=0.49-ru=10/config-182.txt.gz,1.1,0.12,62.0
SRRW-MARCELO-L=130-N=280112-phi=0.12-alpha=1.1-bmax=20-r=0.49-ru=10/config-183.txt.gz,1.1,0.12,60.0
SRRW-MARCELO-L=130-N=280112-phi=0.12-alpha=1.1-bmax=20-r=0.49-ru=10/config-184.txt.gz,1.1,0.12,61.0
SRRW-MARCELO-L=130-N=280112-phi=0.12-alpha=1.1-bmax=20-r=0.49-ru=10/config-185.txt.gz,1.1,0.12,69.0
SRRW-MARCELO-L=130-N=280112-phi=0.12-alpha=1.1-bmax=20-r=0.49-ru=10/config-186.txt.gz,1.1,0.12,52.0
SRRW-MARCELO-L=130-N=280112-phi=0.12-alpha=1.1-bmax=20-r=0.49-ru=10/config-187.txt.gz,1.1,0.12,64.0
SRRW-MARCELO-L=130-N=280112-phi=0.12-alpha=1.1-bmax=20-r=0.49-ru=10/config-188.txt.gz,1.1,0.12,67.0
SRRW-MARCELO-L=130-N=280112-phi=0.12-alpha=1.15-bmax=20-r=0.49-ru=10/config-1.txt.gz,1.15,0.12,49.0
SRRW-MARCELO-L=130-N=280112-phi=0.12-alpha=1.15-bmax=20-r=0.49-ru=10/config-10.txt.gz,1.15,0.12,67.0
SRRW-MARCELO-L=130-N=280112-phi=0.12-alpha=1.15-bmax=20-r=0.49-ru=10/config-100.txt.gz,1.15,0.12,83.0
SRRW-MARCELO-L=130-N=280112-phi=0.12-alpha=1.15-bmax=20-r=0.49-ru=10/config-1000.txt.gz,1.15,0.12,78.0
SRRW-MARCELO-L=130-N=280112-phi=0.12-alpha=1.15-bmax=20-r=0.49-ru=10/config-101.txt.gz,1.15,0.12,60.0
SRRW-MARCELO-L=130-N=280112-phi=0.12-alpha=1.15-bmax=20-r=0.49-ru=10/config-102.txt.gz,1.15,0.12,61.0
SRRW-MARCELO-L=130-N=280112-phi=0.12-alpha=1.15-bmax=20-r=0.49-ru=10/config-103.txt.gz,1.15,0.12,78.0
SRRW-MARCELO-L=130-N=280112-phi=0.12-alpha=1.15-bmax=20-r=0.49-ru=10/config-104.txt.gz,1.15,0.12,50.0
SRRW-MARCELO-L=130-N=280112-phi=0.12-alpha=1.15-bmax=20-r=0.49-ru=10/config-105.txt.gz,1.15,0.12,64.0
SRRW-MARCELO-L=130-N=280112-phi=0.12-alpha=1.15-bmax=20-r=0.49-ru=10/config-106.txt.gz,1.15,0.12,65.0
SRRW-MARCELO-L=130-N=280112-phi=0.12-alpha=1.15-bmax=20-r=0.49-ru=10/config-107.txt.gz,1.15,0.12,81.0
SRRW-MARCELO-L=130-N=280112-phi=0.12-alpha=1.15-bmax=20-r=0.49-ru=10/config-108.txt.gz,1.15,0.12,81.0
SRRW-MARCELO-L=130-N=280112-phi=0.12-alpha=1.15-bmax=20-r=0.49-ru=10/config-109.txt.gz,1.15,0.12,68.0
SRRW-MARCELO-L=130-N=280112-phi=0.12-alpha=1.15-bmax=20-r=0.49-ru=10/config-11.txt.gz,1.15,0.12,63.0
SRRW-MARCELO-L=130-N=280112-phi=0.12-alpha=1.15-bmax=20-r=0.49-ru=10/config-110.txt.gz,1.15,0.12,73.0
SRRW-MARCELO-L=130-N=280112-phi=0.12-alpha=1.15-bmax=20-r=0.49-ru=10/config-111.txt.gz,1.15,0.12,78.0
SRRW-MARCELO-L=130-N=280112-phi=0.12-alpha=1.15-bmax=20-r=0.49-ru=10/config-112.txt.gz,1.15,0.12,76.0
SRRW-MARCELO-L=130-N=280112-phi=0.12-alpha=1.15-bmax=20-r=0.49-ru=10/config-113.txt.gz,1.15,0.12,63.0
SRRW-MARCELO-L=130-N=280112-phi=0.12-alpha=1.15-bmax=20-r=0.49-ru=10/config-114.txt.gz,1.15,0.12,67.0
SRRW-MARCELO-L=130-N=280112-phi=0.12-alpha=1.15-bmax=20-r=0.49-ru=10/config-115.txt.gz,1.15,0.12,75.0
SRRW-MARCELO-L=130-N=280112-phi=0.12-alpha=1.15-bmax=20-r=0.49-ru=10/config-116.txt.gz,1.15,0.12,76.0
SRRW-MARCELO-L=130-N=280112-phi=0.12-alpha=1.15-bmax=20-r=0.49-ru=10/config-117.txt.gz,1.15,0.12,62.0
SRRW-MARCELO-L=130-N=280112-phi=0.12-alpha=1.15-bmax=20-r=0.49-ru=10/config-118.txt.gz,1.15,0.12,62.0
SRRW-MARCELO-L=130-N=280112-phi=0.12-alpha=1.15-bmax=20-r=0.49-ru=10/config-119.txt.gz,1.15,0.12,73.0
SRRW-MARCELO-L=130-N=280112-phi=0.12-alpha=1.15-bmax=20-r=0.49-ru=10/config-12.txt.gz,1.15,0.12,59.0
SRRW-MARCELO-L=130-N=280112-phi=0.12-alpha=1.15-bmax=20-r=0.49-ru=10/config-120.txt.gz,1.15,0.12,71.0
SRRW-MARCELO-L=130-N=280112-phi=0.12-alpha=1.15-bmax=20-r=0.49-ru=10/config-121.txt.gz,1.15,0.12,81.0
SRRW-MARCELO-L=130-N=280112-phi=0.12-alpha=1.15-bmax=20-r=0.49-ru=10/config-122.txt.gz,1.15,0.12,67.0
SRRW-MARCELO-L=130-N=280112-phi=0.12-alpha=1.15-bmax=20-r=0.49-ru=10/config-123.txt.gz,1.15,0.12,55.0
SRRW-MARCELO-L=130-N=280112-phi=0.12-alpha=1.15-bmax=20-r=0.49-ru=10/config-124.txt.gz,1.15,0.12,70.0
SRRW-MARCELO-L=130-N=280112-phi=0.12-alpha=1.15-bmax=20-r=0.49-ru=10/config-125.txt.gz,1.15,0.12,57.0
SRRW-MARCELO-L=130-N=280112-phi=0.12-alpha=1.15-bmax=20-r=0.49-ru=10/config-126.txt.gz,1.15,0.12,73.0
SRRW-MARCELO-L=130-N=280112-phi=0.12-alpha=1.15-bmax=20-r=0.49-ru=10/config-127.txt.gz,1.15,0.12,66.0
SRRW-MARCELO-L=130-N=280112-phi=0.12-alpha=1.15-bmax=20-r=0.49-ru=10/config-128.txt.gz,1.15,0.12,67.0
SRRW-MARCELO-L=130-N=280112-phi=0.12-alpha=1.15-bmax=20-r=0.49-ru=10/config-129.txt.gz,1.15,0.12,78.0
SRRW-MARCELO-L=130-N=280112-phi=0.12-alpha=1.15-bmax=20-r=0.49-ru=10/config-13.txt.gz,1.15,0.12,59.0
SRRW-MARCELO-L=130-N=280112-phi=0.12-alpha=1.15-bmax=20-r=0.49-ru=10/config-130.txt.gz,1.15,0.12,67.0
SRRW-MARCELO-L=130-N=280112-phi=0.12-alpha=1.15-bmax=20-r=0.49-ru=10/config-131.txt.gz,1.15,0.12,87.0
SRRW-MARCELO-L=130-N=280112-phi=0.12-alpha=1.15-bmax=20-r=0.49-ru=10/config-132.txt.gz,1.15,0.12,68.0
SRRW-MARCELO-L=130-N=280112-phi=0.12-alpha=1.15-bmax=20-r=0.49-ru=10/config-133.txt.gz,1.15,0.12,55.0
SRRW-MARCELO-L=130-N=280112-phi=0.12-alpha=1.15-bmax=20-r=0.49-ru=10/config-134.txt.gz,1.15,0.12,73.0
SRRW-MARCELO-L=130-N=280112-phi=0.12-alpha=1.15-bmax=20-r=0.49-ru=10/config-135.txt.gz,1.15,0.12,73.0
SRRW-MARCELO-L=130-N=280112-phi=0.12-alpha=1.15-bmax=20-r=0.49-ru=10/config-136.txt.gz,1.15,0.12,75.0
SRRW-MARCELO-L=130-N=280112-phi=0.12-alpha=1.15-bmax=20-r=0.49-ru=10/config-137.txt.gz,1.15,0.12,72.0
SRRW-MARCELO-L=130-N=280112-phi=0.12-alpha=1.15-bmax=20-r=0.49-ru=10/config-138.txt.gz,1.15,0.12,63.0
SRRW-MARCELO-L=130-N=280112-phi=0.12-alpha=1.15-bmax=20-r=0.49-ru=10/config-139.txt.gz,1.15,0.12,64.0
SRRW-MARCELO-L=130-N=280112-phi=0.12-alpha=1.15-bmax=20-r=0.49-ru=10/config-14.txt.gz,1.15,0.12,65.0
SRRW-MARCELO-L=130-N=280112-phi=0.12-alpha=1.15-bmax=20-r=0.49-ru=10/config-140.txt.gz,1.15,0.12,83.0
SRRW-MARCELO-L=130-N=280112-phi=0.12-alpha=1.15-bmax=20-r=0.49-ru=10/config-141.txt.gz,1.15,0.12,65.0
SRRW-MARCELO-L=130-N=280112-phi=0.12-alpha=1.15-bmax=20-r=0.49-ru=10/config-142.txt.gz,1.15,0.12,80.0
SRRW-MARCELO-L=130-N=280112-phi=0.12-alpha=1.15-bmax=20-r=0.49-ru=10/config-143.txt.gz,1.15,0.12,59.0
SRRW-MARCELO-L=130-N=280112-phi=0.12-alpha=1.15-bmax=20-r=0.49-ru=10/config-144.txt.gz,1.15,0.12,69.0
SRRW-MARCELO-L=130-N=280112-phi=0.12-alpha=1.15-bmax=20-r=0.49-ru=10/config-145.txt.gz,1.15,0.12,71.0
SRRW-MARCELO-L=130-N=280112-phi=0.12-alpha=1.15-bmax=20-r=0.49-ru=10/config-146.txt.gz,1.15,0.12,62.0
SRRW-MARCELO-L=130-N=280112-phi=0.12-alpha=1.15-bmax=20-r=0.49-ru=10/config-147.txt.gz,1.15,0.12,66.0
SRRW-MARCELO-L=130-N=280112-phi=0.12-alpha=1.15-bmax=20-r=0.49-ru=10/config-148.txt.gz,1.15,0.12,70.0
SRRW-MARCELO-L=130-N=280112-phi=0.12-alpha=1.15-bmax=20-r=0.49-ru=10/config-149.txt.gz,1.15,0.12,68.0
SRRW-MARCELO-L=130-N=280112-phi=0.12-alpha=1.15-bmax=20-r=0.49-ru=10/config-15.txt.gz,1.15,0.12,66.0
SRRW-MARCELO-L=130-N=280112-phi=0.12-alpha=1.15-bmax=20-r=0.49-ru=10/config-150.txt.gz,1.15,0.12,59.0
SRRW-MARCELO-L=130-N=280112-phi=0.12-alpha=1.15-bmax=20-r=0.49-ru=10/config-151.txt.gz,1.15,0.12,65.0
SRRW-MARCELO-L=130-N=280112-phi=0.12-alpha=1.15-bmax=20-r=0.49-ru=10/config-152.txt.gz,1.15,0.12,61.0
SRRW-MARCELO-L=130-N=280112-phi=0.12-alpha=1.15-bmax=20-r=0.49-ru=10/config-153.txt.gz,1.15,0.12,78.0
SRRW-MARCELO-L=130-N=280112-phi=0.12-alpha=1.15-bmax=20-r=0.49-ru=10/config-154.txt.gz,1.15,0.12,80.0
SRRW-MARCELO-L=130-N=280112-phi=0.12-alpha=1.15-bmax=20-r=0.49-ru=10/config-155.txt.gz,1.15,0.12,78.0
SRRW-MARCELO-L=130-N=280112-phi=0.12-alpha=1.15-bmax=20-r=0.49-ru=10/config-156.txt.gz,1.15,0.12,52.0
SRRW-MARCELO-L=130-N=280112-phi=0.12-alpha=1.15-bmax=20-r=0.49-ru=10/config-157.txt.gz,1.15,0.12,77.0
SRRW-MARCELO-L=130-N=280112-phi=0.12-alpha=1.15-bmax=20-r=0.49-ru=10/config-158.txt.gz,1.15,0.12,49.0
SRRW-MARCELO-L=130-N=280112-phi=0.12-alpha=1.15-bmax=20-r=0.49-ru=10/config-159.txt.gz,1.15,0.12,57.0
SRRW-MARCELO-L=130-N=280112-phi=0.12-alpha=1.15-bmax=20-r=0.49-ru=10/config-16.txt.gz,1.15,0.12,76.0
SRRW-MARCELO-L=130-N=280112-phi=0.12-alpha=1.15-bmax=20-r=0.49-ru=10/config-160.txt.gz,1.15,0.12,62.0
SRRW-MARCELO-L=130-N=280112-phi=0.12-alpha=1.15-bmax=20-r=0.49-ru=10/config-161.txt.gz,1.15,0.12,74.0
SRRW-MARCELO-L=130-N=280112-phi=0.12-alpha=1.15-bmax=20-r=0.49-ru=10/config-162.txt.gz,1.15,0.12,62.0
SRRW-MARCELO-L=130-N=280112-phi=0.12-alpha=1.15-bmax=20-r=0.49-ru=10/config-163.txt.gz,1.15,0.12,70.0
SRRW-MARCELO-L=130-N=280112-phi=0.12-alpha=1.15-bmax=20-r=0.49-ru=10/config-164.txt.gz,1.15,0.12,67.0
SRRW-MARCELO-L=130-N=280112-phi=0.12-alpha=1.15-bmax=20-r=0.49-ru=10/config-165.txt.gz,1.15,0.12,57.0
SRRW-MARCELO-L=130-N=280112-phi=0.12-alpha=1.15-bmax=20-r=0.49-ru=10/config-166.txt.gz,1.15,0.12,76.0
SRRW-MARCELO-L=130-N=280112-phi=0.12-alpha=1.15-bmax=20-r=0.49-ru=10/config-167.txt.gz,1.15,0.12,69.0
SRRW-MARCELO-L=130-N=280112-phi=0.12-alpha=1.15-bmax=20-r=0.49-ru=10/config-168.txt.gz,1.15,0.12,69.0
SRRW-MARCELO-L=130-N=280112-phi=0.12-alpha=1.15-bmax=20-r=0.49-ru=10/config-169.txt.gz,1.15,0.12,82.0
SRRW-MARCELO-L=130-N=280112-phi=0.12-alpha=1.15-bmax=20-r=0.49-ru=10/config-17.txt.gz,1.15,0.12,75.0
SRRW-MARCELO-L=130-N=280112-phi=0.12-alpha=1.15-bmax=20-r=0.49-ru=10/config-170.txt.gz,1.15,0.12,68.0
SRRW-MARCELO-L=130-N=280112-phi=0.12-alpha=1.15-bmax=20-r=0.49-ru=10/config-171.txt.gz,1.15,0.12,70.0
SRRW-MARCELO-L=130-N=280112-phi=0.12-alpha=1.15-bmax=20-r=0.49-ru=10/config-172.txt.gz,1.15,0.12,55.0
SRRW-MARCELO-L=130-N=280112-phi=0.12-alpha=1.15-bmax=20-r=0.49-ru=10/config-173.txt.gz,1.15,0.12,90.0
SRRW-MARCELO-L=130-N=280112-phi=0.12-alpha=1.15-bmax=20-r=0.49-ru=10/config-174.txt.gz,1.15,0.12,64.0
SRRW-MARCELO-L=130-N=280112-phi=0.12-alpha=1.15-bmax=20-r=0.49-ru=10/config-175.txt.gz,1.15,0.12,61.0
SRRW-MARCELO-L=130-N=280112-phi=0.12-alpha=1.15-bmax=20-r=0.49-ru=10/config-176.txt.gz,1.15,0.12,67.0
SRRW-MARCELO-L=130-N=280112-phi=0.12-alpha=1.15-bmax=20-r=0.49-ru=10/config-177.txt.gz,1.15,0.12,69.0
SRRW-MARCELO-L=130-N=280112-phi=0.12-alpha=1.15-bmax=20-r=0.49-ru=10/config-178.txt.gz,1.15,0.12,67.0
SRRW-MARCELO-L=130-N=280112-phi=0.12-alpha=1.15-bmax=20-r=0.49-ru=10/config-179.txt.gz,1.15,0.12,77.0
SRRW-MARCELO-L=130-N=280112-phi=0.12-alpha=1.15-bmax=20-r=0.49-ru=10/config-18.txt.gz,1.15,0.12,71.0
SRRW-MARCELO-L=130-N=280112-phi=0.12-alpha=1.15-bmax=20-r=0.49-ru=10/config-180.txt.gz,1.15,0.12,68.0
SRRW-MARCELO-L=130-N=280112-phi=0.12-alpha=1.15-bmax=20-r=0.49-ru=10/config-181.txt.gz,1.15,0.12,73.0
SRRW-MARCELO-L=130-N=280112-phi=0.12-alpha=1.15-bmax=20-r=0.49-ru=10/config-182.txt.gz,1.15,0.12,67.0
SRRW-MARCELO-L=130-N=280112-phi=0.12-alpha=1.15-bmax=20-r=0.49-ru=10/config-183.txt.gz,1.15,0.12,70.0
SRRW-MARCELO-L=130-N=280112-phi=0.12-alpha=1.15-bmax=20-r=0.49-ru=10/config-184.txt.gz,1.15,0.12,66.0
SRRW-MARCELO-L=130-N=280112-phi=0.12-alpha=1.15-bmax=20-r=0.49-ru=10/config-185.txt.gz,1.15,0.12,64.0
SRRW-MARCELO-L=130-N=280112-phi=0.12-alpha=1.15-bmax=20-r=0.49-ru=10/config-186.txt.gz,1.15,0.12,68.0
SRRW-MARCELO-L=130-N=280112-phi=0.12-alpha=1.15-bmax=20-r=0.49-ru=10/config-187.txt.gz,1.15,0.12,62.0
SRRW-MARCELO-L=130-N=280112-phi=0.12-alpha=1.15-bmax=20-r=0.49-ru=10/config-188.txt.gz,1.15,0.12,74.0
SRRW-MARCELO-L=130-N=280112-phi=0.12-alpha=1.2-bmax=20-r=0.49-ru=10/config-1.txt.gz,1.2,0.12,67.0
SRRW-MARCELO-L=130-N=280112-phi=0.12-alpha=1.2-bmax=20-r=0.49-ru=10/config-10.txt.gz,1.2,0.12,83.0
SRRW-MARCELO-L=130-N=280112-phi=0.12-alpha=1.2-bmax=20-r=0.49-ru=10/config-100.txt.gz,1.2,0.12,78.0
SRRW-MARCELO-L=130-N=280112-phi=0.12-alpha=1.2-bmax=20-r=0.49-ru=10/config-11.txt.gz,1.2,0.12,74.0
SRRW-MARCELO-L=130-N=280112-phi=0.12-alpha=1.2-bmax=20-r=0.49-ru=10/config-12.txt.gz,1.2,0.12,76.0
SRRW-MARCELO-L=130-N=280112-phi=0.12-alpha=1.2-bmax=20-r=0.49-ru=10/config-13.txt.gz,1.2,0.12,82.0
SRRW-MARCELO-L=130-N=280112-phi=0.12-alpha=1.2-bmax=20-r=0.49-ru=10/config-14.txt.gz,1.2,0.12,84.0
SRRW-MARCELO-L=130-N=280112-phi=0.12-alpha=1.2-bmax=20-r=0.49-ru=10/config-15.txt.gz,1.2,0.12,72.0
SRRW-MARCELO-L=130-N=280112-phi=0.12-alpha=1.2-bmax=20-r=0.49-ru=10/config-16.txt.gz,1.2,0.12,68.0
SRRW-MARCELO-L=130-N=280112-phi=0.12-alpha=1.2-bmax=20-r=0.49-ru=10/config-17.txt.gz,1.2,0.12,85.0
SRRW-MARCELO-L=130-N=280112-phi=0.12-alpha=1.2-bmax=20-r=0.49-ru=10/config-18.txt.gz,1.2,0.12,73.0
SRRW-MARCELO-L=130-N=280112-phi=0.12-alpha=1.2-bmax=20-r=0.49-ru=10/config-19.txt.gz,1.2,0.12,65.0
SRRW-MARCELO-L=130-N=280112-phi=0.12-alpha=1.2-bmax=20-r=0.49-ru=10/config-20.txt.gz,1.2,0.12,78.0
SRRW-MARCELO-L=130-N=280112-phi=0.12-alpha=1.2-bmax=20-r=0.49-ru=10/config-21.txt.gz,1.2,0.12,58.0
SRRW-MARCELO-L=130-N=280112-phi=0.12-alpha=1.2-bmax=20-r=0.49-ru=10/config-22.txt.gz,1.2,0.12,85.0
SRRW-MARCELO-L=130-N=280112-phi=0.12-alpha=1.2-bmax=20-r=0.49-ru=10/config-23.txt.gz,1.2,0.12,75.0
SRRW-MARCELO-L=130-N=280112-phi=0.12-alpha=1.2-bmax=20-r=0.49-ru=10/config-24.txt.gz,1.2,0.12,66.0
SRRW-MARCELO-L=130-N=280112-phi=0.12-alpha=1.2-bmax=20-r=0.49-ru=10/config-25.txt.gz,1.2,0.12,72.0
SRRW-MARCELO-L=130-N=280112-phi=0.12-alpha=1.2-bmax=20-r=0.49-ru=10/config-26.txt.gz,1.2,0.12,69.0
SRRW-MARCELO-L=130-N=280112-phi=0.12-alpha=1.2-bmax=20-r=0.49-ru=10/config-27.txt.gz,1.2,0.12,68.0
SRRW-MARCELO-L=130-N=280112-phi=0.12-alpha=1.2-bmax=20-r=0.49-ru=10/config-28.txt.gz,1.2,0.12,68.0
SRRW-MARCELO-L=130-N=280112-phi=0.12-alpha=1.2-bmax=20-r=0.49-ru=10/config-29.txt.gz,1.2,0.12,70.0
SRRW-MARCELO-L=130-N=280112-phi=0.12-alpha=1.2-bmax=20-r=0.49-ru=10/config-30.txt.gz,1.2,0.12,93.0
SRRW-MARCELO-L=130-N=280112-phi=0.12-alpha=1.2-bmax=20-r=0.49-ru=10/config-31.txt.gz,1.2,0.12,82.0
SRRW-MARCELO-L=130-N=280112-phi=0.12-alpha=1.2-bmax=20-r=0.49-ru=10/config-32.txt.gz,1.2,0.12,75.0
SRRW-MARCELO-L=130-N=280112-phi=0.12-alpha=1.2-bmax=20-r=0.49-ru=10/config-33.txt.gz,1.2,0.12,73.0
SRRW-MARCELO-L=130-N=280112-phi=0.12-alpha=1.2-bmax=20-r=0.49-ru=10/config-34.txt.gz,1.2,0.12,64.0
SRRW-MARCELO-L=130-N=280112-phi=0.12-alpha=1.2-bmax=20-r=0.49-ru=10/config-35.txt.gz,1.2,0.12,85.0
SRRW-MARCELO-L=130-N=280112-phi=0.12-alpha=1.2-bmax=20-r=0.49-ru=10/config-36.txt.gz,1.2,0.12,82.0
SRRW-MARCELO-L=130-N=280112-phi=0.12-alpha=1.2-bmax=20-r=0.49-ru=10/config-37.txt.gz,1.2,0.12,78.0
SRRW-MARCELO-L=130-N=280112-phi=0.12-alpha=1.2-bmax=20-r=0.49-ru=10/config-38.txt.gz,1.2,0.12,91.0
SRRW-MARCELO-L=130-N=280112-phi=0.12-alpha=1.2-bmax=20-r=0.49-ru=10/config-39.txt.gz,1.2,0.12,69.0
SRRW-MARCELO-L=130-N=280112-phi=0.12-alpha=1.2-bmax=20-r=0.49-ru=10/config-40.txt.gz,1.2,0.12,75.0
SRRW-MARCELO-L=130-N=280112-phi=0.12-alpha=1.2-bmax=20-r=0.49-ru=10/config-41.txt.gz,1.2,0.12,79.0
SRRW-MARCELO-L=130-N=280112-phi=0.12-alpha=1.2-bmax=20-r=0.49-ru=10/config-42.txt.gz,1.2,0.12,78.0
SRRW-MARCELO-L=130-N=280112-phi=0.12-alpha=1.2-bmax=20-r=0.49-ru=10/config-43.txt.gz,1.2,0.12,82.0
SRRW-MARCELO-L=130-N=280112-phi=0.12-alpha=1.2-bmax=20-r=0.49-ru=10/config-44.txt.gz,1.2,0.12,89.0
SRRW-MARCELO-L=130-N=280112-phi=0.12-alpha=1.2-bmax=20-r=0.49-ru=10/config-45.txt.gz,1.2,0.12,70.0
SRRW-MARCELO-L=130-N=280112-phi=0.12-alpha=1.2-bmax=20-r=0.49-ru=10/config-46.txt.gz,1.2,0.12,74.0
SRRW-MARCELO-L=130-N=280112-phi=0.12-alpha=1.2-bmax=20-r=0.49-ru=10/config-47.txt.gz,1.2,0.12,95.0
SRRW-MARCELO-L=130-N=280112-phi=0.12-alpha=1.2-bmax=20-r=0.49-ru=10/config-48.txt.gz,1.2,0.12,54.0
SRRW-MARCELO-L=130-N=280112-phi=0.12-alpha=1.2-bmax=20-r=0.49-ru=10/config-49.txt.gz,1.2,0.12,71.0
SRRW-MARCELO-L=130-N=280112-phi=0.12-alpha=1.2-bmax=20-r=0.49-ru=10/config-50.txt.gz,1.2,0.12,79.0
SRRW-MARCELO-L=130-N=280112-phi=0.12-alpha=1.2-bmax=20-r=0.49-ru=10/config-51.txt.gz,1.2,0.12,82.0
SRRW-MARCELO-L=130-N=280112-phi=0.12-alpha=1.2-bmax=20-r=0.49-ru=10/config-52.txt.gz,1.2,0.12,81.0
SRRW-MARCELO-L=130-N=280112-phi=0.12-alpha=1.2-bmax=20-r=0.49-ru=10/config-53.txt.gz,1.2,0.12,68.0
SRRW-MARCELO-L=130-N=280112-phi=0.12-alpha=1.2-bmax=20-r=0.49-ru=10/config-54.txt.gz,1.2,0.12,84.0
SRRW-MARCELO-L=130-N=280112-phi=0.12-alpha=1.2-bmax=20-r=0.49-ru=10/config-55.txt.gz,1.2,0.12,79.0
SRRW-MARCELO-L=130-N=280112-phi=0.12-alpha=1.2-bmax=20-r=0.49-ru=10/config-56.txt.gz,1.2,0.12,76.0
SRRW-MARCELO-L=130-N=280112-phi=0.12-alpha=1.2-bmax=20-r=0.49-ru=10/config-57.txt.gz,1.2,0.12,72.0
SRRW-MARCELO-L=130-N=280112-phi=0.12-alpha=1.2-bmax=20-r=0.49-ru=10/config-58.txt.gz,1.2,0.12,91.0
SRRW-MARCELO-L=130-N=280112-phi=0.12-alpha=1.2-bmax=20-r=0.49-ru=10/config-59.txt.gz,1.2,0.12,85.0
SRRW-MARCELO-L=130-N=280112-phi=0.12-alpha=1.2-bmax=20-r=0.49-ru=10/config-60.txt.gz,1.2,0.12,77.0
SRRW-MARCELO-L=130-N=280112-phi=0.12-alpha=1.2-bmax=20-r=0.49-ru=10/config-61.txt.gz,1.2,0.12,90.0
SRRW-MARCELO-L=130-N=280112-phi=0.12-alpha=1.2-bmax=20-r=0.49-ru=10/config-62.txt.gz,1.2,0.12,90.0
SRRW-MARCELO-L=130-N=280112-phi=0.12-alpha=1.2-bmax=20-r=0.49-ru=10/config-63.txt.gz,1.2,0.12,73.0
SRRW-MARCELO-L=130-N=280112-phi=0.12-alpha=1.2-bmax=20-r=0.49-ru=10/config-64.txt.gz,1.2,0.12,67.0
SRRW-MARCELO-L=130-N=280112-phi=0.12-alpha=1.2-bmax=20-r=0.49-ru=10/config-65.txt.gz,1.2,0.12,63.0
SRRW-MARCELO-L=130-N=280112-phi=0.12-alpha=1.2-bmax=20-r=0.49-ru=10/config-66.txt.gz,1.2,0.12,84.0
SRRW-MARCELO-L=130-N=280112-phi=0.12-alpha=1.2-bmax=20-r=0.49-ru=10/config-67.txt.gz,1.2,0.12,85.0
SRRW-MARCELO-L=130-N=280112-phi=0.12-alpha=1.2-bmax=20-r=0.49-ru=10/config-68.txt.gz,1.2,0.12,76.0
SRRW-MARCELO-L=130-N=280112-phi=0.12-alpha=1.2-bmax=20-r=0.49-ru=10/config-69.txt.gz,1.2,0.12,77.0
SRRW-MARCELO-L=130-N=280112-phi=0.12-alpha=1.2-bmax=20-r=0.49-ru=10/config-70.txt.gz,1.2,0.12,60.0
SRRW-MARCELO-L=130-N=280112-phi=0.12-alpha=1.2-bmax=20-r=0.49-ru=10/config-71.txt.gz,1.2,0.12,59.0
SRRW-MARCELO-L=130-N=280112-phi=0.12-alpha=1.2-bmax=20-r=0.49-ru=10/config-72.txt.gz,1.2,0.12,75.0
SRRW-MARCELO-L=130-N=280112-phi=0.12-alpha=1.2-bmax=20-r=0.49-ru=10/config-73.txt.gz,1.2,0.12,77.0
SRRW-MARCELO-L=130-N=280112-phi=0.12-alpha=1.2-bmax=20-r=0.49-ru=10/config-74.txt.gz,1.2,0.12,66.0
SRRW-MARCELO-L=130-N=280112-phi=0.12-alpha=1.2-bmax=20-r=0.49-ru=10/config-75.txt.gz,1.2,0.12,73.0
SRRW-MARCELO-L=130-N=280112-phi=0.12-alpha=1.2-bmax=20-r=0.49-ru=10/config-76.txt.gz,1.2,0.12,91.0
SRRW-MARCELO-L=130-N=280112-phi=0.12-alpha=1.2-bmax=20-r=0.49-ru=10/config-77.txt.gz,1.2,0.12,54.0
SRRW-MARCELO-L=130-N=280112-phi=0.12-alpha=1.2-bmax=20-r=0.49-ru=10/config-78.txt.gz,1.2,0.12,84.0
SRRW-MARCELO-L=130-N=280112-phi=0.12-alpha=1.2-bmax=20-r=0.49-ru=10/config-79.txt.gz,1.2,0.12,92.0
SRRW-MARCELO-L=130-N=280112-phi=0.12-alpha=1.2-bmax=20-r=0.49-ru=10/config-80.txt.gz,1.2,0.12,67.0
SRRW-MARCELO-L=130-N=280112-phi=0.12-alpha=1.2-bmax=20-r=0.49-ru=10/config-81.txt.gz,1.2,0.12,85.0
SRRW-MARCELO-L=130-N=280112-phi=0.12-alpha=1.2-bmax=20-r=0.49-ru=10/config-82.txt.gz,1.2,0.12,75.0
SRRW-MARCELO-L=130-N=280112-phi=0.12-alpha=1.2-bmax=20-r=0.49-ru=10/config-83.txt.gz,1.2,0.12,80.0
SRRW-MARCELO-L=130-N=280112-phi=0.12-alpha=1.2-bmax=20-r=0.49-ru=10/config-84.txt.gz,1.2,0.12,69.0
SRRW-MARCELO-L=130-N=280112-phi=0.12-alpha=1.2-bmax=20-r=0.49-ru=10/config-85.txt.gz,1.2,0.12,87.0
SRRW-MARCELO-L=130-N=280112-phi=0.12-alpha=1.2-bmax=20-r=0.49-ru=10/config-86.txt.gz,1.2,0.12,59.0
SRRW-MARCELO-L=130-N=280112-phi=0.12-alpha=1.2-bmax=20-r=0.49-ru=10/config-87.txt.gz,1.2,0.12,83.0
SRRW-MARCELO-L=130-N=280112-phi=0.12-alpha=1.2-bmax=20-r=0.49-ru=10/config-88.txt.gz,1.2,0.12,80.0
SRRW-MARCELO-L=130-N=280112-phi=0.12-alpha=1.2-bmax=20-r=0.49-ru=10/config-89.txt.gz,1.2,0.12,64.0
SRRW-MARCELO-L=130-N=280112-phi=0.12-alpha=1.2-bmax=20-r=0.49-ru=10/config-90.txt.gz,1.2,0.12,71.0
SRRW-MARCELO-L=130-N=280112-phi=0.12-alpha=1.2-bmax=20-r=0.49-ru=10/config-91.txt.gz,1.2,0.12,65.0
SRRW-MARCELO-L=130-N=280112-phi=0.12-alpha=1.2-bmax=20-r=0.49-ru=10/config-92.txt.gz,1.2,0.12,82.0
SRRW-MARCELO-L=130-N=280112-phi=0.12-alpha=1.2-bmax=20-r=0.49-ru=10/config-93.txt.gz,1.2,0.12,74.0
SRRW-MARCELO-L=130-N=280112-phi=0.12-alpha=1.2-bmax=20-r=0.49-ru=10/config-94.txt.gz,1.2,0.12,74.0
SRRW-MARCELO-L=130-N=280112-phi=0.12-alpha=1.2-bmax=20-r=0.49-ru=10/config-95.txt.gz,1.2,0.12,82.0
SRRW-MARCELO-L=130-N=280112-phi=0.12-alpha=1.2-bmax=20-r=0.49-ru=10/config-96.txt.gz,1.2,0.12,63.0
SRRW-MARCELO-L=130-N=280112-phi=0.12-alpha=1.2-bmax=20-r=0.49-ru=10/config-97.txt.gz,1.2,0.12,69.0
SRRW-MARCELO-L=130-N=280112-phi=0.12-alpha=1.2-bmax=20-r=0.49-ru=10/config-98.txt.gz,1.2,0.12,89.0
SRRW-MARCELO-L=130-N=280112-phi=0.12-alpha=1.2-bmax=20-r=0.49-ru=10/config-99.txt.gz,1.2,0.12,86.0
SRRW-MARCELO-L=130-N=373483-phi=0.16-alpha=1.1-bmax=20-r=0.49-ru=10/config-1.txt.gz,1.1,0.16,63.0
SRRW-MARCELO-L=130-N=373483-phi=0.16-alpha=1.1-bmax=20-r=0.49-ru=10/config-10.txt.gz,1.1,0.16,72.0
SRRW-MARCELO-L=130-N=373483-phi=0.16-alpha=1.1-bmax=20-r=0.49-ru=10/config-100.txt.gz,1.1,0.16,68.0
SRRW-MARCELO-L=130-N=373483-phi=0.16-alpha=1.1-bmax=20-r=0.49-ru=10/config-1000.txt.gz,1.1,0.16,80.0
SRRW-MARCELO-L=130-N=373483-phi=0.16-alpha=1.1-bmax=20-r=0.49-ru=10/config-101.txt.gz,1.1,0.16,60.0
SRRW-MARCELO-L=130-N=373483-phi=0.16-alpha=1.1-bmax=20-r=0.49-ru=10/config-102.txt.gz,1.1,0.16,79.0
SRRW-MARCELO-L=130-N=373483-phi=0.16-alpha=1.1-bmax=20-r=0.49-ru=10/config-103.txt.gz,1.1,0.16,74.0
SRRW-MARCELO-L=130-N=373483-phi=0.16-alpha=1.1-bmax=20-r=0.49-ru=10/config-104.txt.gz,1.1,0.16,71.0
SRRW-MARCELO-L=130-N=373483-phi=0.16-alpha=1.1-bmax=20-r=0.49-ru=10/config-105.txt.gz,1.1,0.16,67.0
SRRW-MARCELO-L=130-N=373483-phi=0.16-alpha=1.1-bmax=20-r=0.49-ru=10/config-106.txt.gz,1.1,0.16,82.0
SRRW-MARCELO-L=130-N=373483-phi=0.16-alpha=1.1-bmax=20-r=0.49-ru=10/config-107.txt.gz,1.1,0.16,81.0
SRRW-MARCELO-L=130-N=373483-phi=0.16-alpha=1.1-bmax=20-r=0.49-ru=10/config-108.txt.gz,1.1,0.16,62.0
SRRW-MARCELO-L=130-N=373483-phi=0.16-alpha=1.1-bmax=20-r=0.49-ru=10/config-109.txt.gz,1.1,0.16,84.0
SRRW-MARCELO-L=130-N=373483-phi=0.16-alpha=1.1-bmax=20-r=0.49-ru=10/config-11.txt.gz,1.1,0.16,64.0
SRRW-MARCELO-L=130-N=373483-phi=0.16-alpha=1.1-bmax=20-r=0.49-ru=10/config-110.txt.gz,1.1,0.16,70.0
SRRW-MARCELO-L=130-N=373483-phi=0.16-alpha=1.1-bmax=20-r=0.49-ru=10/config-111.txt.gz,1.1,0.16,67.0
SRRW-MARCELO-L=130-N=373483-phi=0.16-alpha=1.1-bmax=20-r=0.49-ru=10/config-112.txt.gz,1.1,0.16,80.0
SRRW-MARCELO-L=130-N=373483-phi=0.16-alpha=1.1-bmax=20-r=0.49-ru=10/config-113.txt.gz,1.1,0.16,67.0
SRRW-MARCELO-L=130-N=373483-phi=0.16-alpha=1.1-bmax=20-r=0.49-ru=10/config-114.txt.gz,1.1,0.16,83.0
SRRW-MARCELO-L=130-N=373483-phi=0.16-alpha=1.1-bmax=20-r=0.49-ru=10/config-115.txt.gz,1.1,0.16,74.0
SRRW-MARCELO-L=130-N=373483-phi=0.16-alpha=1.1-bmax=20-r=0.49-ru=10/config-116.txt.gz,1.1,0.16,74.0
SRRW-MARCELO-L=130-N=373483-phi=0.16-alpha=1.1-bmax=20-r=0.49-ru=10/config-117.txt.gz,1.1,0.16,61.0
SRRW-MARCELO-L=130-N=373483-phi=0.16-alpha=1.1-bmax=20-r=0.49-ru=10/config-118.txt.gz,1.1,0.16,67.0
SRRW-MARCELO-L=130-N=373483-phi=0.16-alpha=1.1-bmax=20-r=0.49-ru=10/config-119.txt.gz,1.1,0.16,79.0
SRRW-MARCELO-L=130-N=373483-phi=0.16-alpha=1.1-bmax=20-r=0.49-ru=10/config-12.txt.gz,1.1,0.16,86.0
SRRW-MARCELO-L=130-N=373483-phi=0.16-alpha=1.1-bmax=20-r=0.49-ru=10/config-120.txt.gz,1.1,0.16,61.0
SRRW-MARCELO-L=130-N=373483-phi=0.16-alpha=1.1-bmax=20-r=0.49-ru=10/config-121.txt.gz,1.1,0.16,56.0
SRRW-MARCELO-L=130-N=373483-phi=0.16-alpha=1.1-bmax=20-r=0.49-ru=10/config-122.txt.gz,1.1,0.16,60.0
SRRW-MARCELO-L=130-N=373483-phi=0.16-alpha=1.1-bmax=20-r=0.49-ru=10/config-123.txt.gz,1.1,0.16,87.0
SRRW-MARCELO-L=130-N=373483-phi=0.16-alpha=1.1-bmax=20-r=0.49-ru=10/config-124.txt.gz,1.1,0.16,72.0
SRRW-MARCELO-L=130-N=373483-phi=0.16-alpha=1.1-bmax=20-r=0.49-ru=10/config-125.txt.gz,1.1,0.16,77.0
SRRW-MARCELO-L=130-N=373483-phi=0.16-alpha=1.1-bmax=20-r=0.49-ru=10/config-126.txt.gz,1.1,0.16,62.0
SRRW-MARCELO-L=130-N=373483-phi=0.16-alpha=1.1-bmax=20-r=0.49-ru=10/config-127.txt.gz,1.1,0.16,70.0
SRRW-MARCELO-L=130-N=373483-phi=0.16-alpha=1.1-bmax=20-r=0.49-ru=10/config-128.txt.gz,1.1,0.16,50.0
SRRW-MARCELO-L=130-N=373483-phi=0.16-alpha=1.1-bmax=20-r=0.49-ru=10/config-129.txt.gz,1.1,0.16,79.0
SRRW-MARCELO-L=130-N=373483-phi=0.16-alpha=1.1-bmax=20-r=0.49-ru=10/config-13.txt.gz,1.1,0.16,63.0
SRRW-MARCELO-L=130-N=373483-phi=0.16-alpha=1.1-bmax=20-r=0.49-ru=10/config-130.txt.gz,1.1,0.16,62.0
SRRW-MARCELO-L=130-N=373483-phi=0.16-alpha=1.1-bmax=20-r=0.49-ru=10/config-131.txt.gz,1.1,0.16,63.0
SRRW-MARCELO-L=130-N=373483-phi=0.16-alpha=1.1-bmax=20-r=0.49-ru=10/config-132.txt.gz,1.1,0.16,74.0
SRRW-MARCELO-L=130-N=373483-phi=0.16-alpha=1.1-bmax=20-r=0.49-ru=10/config-133.txt.gz,1.1,0.16,70.0
SRRW-MARCELO-L=130-N=373483-phi=0.16-alpha=1.1-bmax=20-r=0.49-ru=10/config-134.txt.gz,1.1,0.16,71.0
SRRW-MARCELO-L=130-N=373483-phi=0.16-alpha=1.1-bmax=20-r=0.49-ru=10/config-135.txt.gz,1.1,0.16,65.0
SRRW-MARCELO-L=130-N=373483-phi=0.16-alpha=1.1-bmax=20-r=0.49-ru=10/config-136.txt.gz,1.1,0.16,71.0
SRRW-MARCELO-L=130-N=373483-phi=0.16-alpha=1.1-bmax=20-r=0.49-ru=10/config-137.txt.gz,1.1,0.16,73.0
SRRW-MARCELO-L=130-N=373483-phi=0.16-alpha=1.1-bmax=20-r=0.49-ru=10/config-138.txt.gz,1.1,0.16,77.0
SRRW-MARCELO-L=130-N=373483-phi=0.16-alpha=1.1-bmax=20-r=0.49-ru=10/config-139.txt.gz,1.1,0.16,80.0
SRRW-MARCELO-L=130-N=373483-phi=0.16-alpha=1.1-bmax=20-r=0.49-ru=10/config-14.txt.gz,1.1,0.16,85.0
SRRW-MARCELO-L=130-N=373483-phi=0.16-alpha=1.1-bmax=20-r=0.49-ru=10/config-140.txt.gz,1.1,0.16,63.0
SRRW-MARCELO-L=130-N=373483-phi=0.16-alpha=1.1-bmax=20-r=0.49-ru=10/config-141.txt.gz,1.1,0.16,66.0
SRRW-MARCELO-L=130-N=373483-phi=0.16-alpha=1.1-bmax=20-r=0.49-ru=10/config-142.txt.gz,1.1,0.16,84.0
SRRW-MARCELO-L=130-N=373483-phi=0.16-alpha=1.1-bmax=20-r=0.49-ru=10/config-143.txt.gz,1.1,0.16,81.0
SRRW-MARCELO-L=130-N=373483-phi=0.16-alpha=1.1-bmax=20-r=0.49-ru=10/config-144.txt.gz,1.1,0.16,58.0
SRRW-MARCELO-L=130-N=373483-phi=0.16-alpha=1.1-bmax=20-r=0.49-ru=10/config-145.txt.gz,1.1,0.16,83.0
SRRW-MARCELO-L=130-N=373483-phi=0.16-alpha=1.1-bmax=20-r=0.49-ru=10/config-146.txt.gz,1.1,0.16,94.0
SRRW-MARCELO-L=130-N=373483-phi=0.16-alpha=1.1-bmax=20-r=0.49-ru=10/config-147.txt.gz,1.1,0.16,79.0
SRRW-MARCELO-L=130-N=373483-phi=0.16-alpha=1.1-bmax=20-r=0.49-ru=10/config-148.txt.gz,1.1,0.16,70.0
SRRW-MARCELO-L=130-N=373483-phi=0.16-alpha=1.1-bmax=20-r=0.49-ru=10/config-149.txt.gz,1.1,0.16,89.0
SRRW-MARCELO-L=130-N=373483-phi=0.16-alpha=1.1-bmax=20-r=0.49-ru=10/config-15.txt.gz,1.1,0.16,67.0
SRRW-MARCELO-L=130-N=373483-phi=0.16-alpha=1.1-bmax=20-r=0.49-ru=10/config-150.txt.gz,1.1,0.16,78.0
SRRW-MARCELO-L=130-N=373483-phi=0.16-alpha=1.1-bmax=20-r=0.49-ru=10/config-151.txt.gz,1.1,0.16,54.0
SRRW-MARCELO-L=130-N=373483-phi=0.16-alpha=1.1-bmax=20-r=0.49-ru=10/config-152.txt.gz,1.1,0.16,60.0
SRRW-MARCELO-L=130-N=373483-phi=0.16-alpha=1.1-bmax=20-r=0.49-ru=10/config-153.txt.gz,1.1,0.16,79.0
SRRW-MARCELO-L=130-N=373483-phi=0.16-alpha=1.1-bmax=20-r=0.49-ru=10/config-154.txt.gz,1.1,0.16,63.0
SRRW-MARCELO-L=130-N=373483-phi=0.16-alpha=1.1-bmax=20-r=0.49-ru=10/config-155.txt.gz,1.1,0.16,68.0
SRRW-MARCELO-L=130-N=373483-phi=0.16-alpha=1.1-bmax=20-r=0.49-ru=10/config-156.txt.gz,1.1,0.16,57.0
SRRW-MARCELO-L=130-N=373483-phi=0.16-alpha=1.1-bmax=20-r=0.49-ru=10/config-157.txt.gz,1.1,0.16,74.0
SRRW-MARCELO-L=130-N=373483-phi=0.16-alpha=1.1-bmax=20-r=0.49-ru=10/config-158.txt.gz,1.1,0.16,72.0
SRRW-MARCELO-L=130-N=373483-phi=0.16-alpha=1.1-bmax=20-r=0.49-ru=10/config-159.txt.gz,1.1,0.16,70.0
SRRW-MARCELO-L=130-N=373483-phi=0.16-alpha=1.1-bmax=20-r=0.49-ru=10/config-16.txt.gz,1.1,0.16,82.0
SRRW-MARCELO-L=130-N=373483-phi=0.16-alpha=1.1-bmax=20-r=0.49-ru=10/config-160.txt.gz,1.1,0.16,89.0
SRRW-MARCELO-L=130-N=373483-phi=0.16-alpha=1.1-bmax=20-r=0.49-ru=10/config-161.txt.gz,1.1,0.16,81.0
SRRW-MARCELO-L=130-N=373483-phi=0.16-alpha=1.1-bmax=20-r=0.49-ru=10/config-162.txt.gz,1.1,0.16,70.0
SRRW-MARCELO-L=130-N=373483-phi=0.16-alpha=1.1-bmax=20-r=0.49-ru=10/config-163.txt.gz,1.1,0.16,71.0
SRRW-MARCELO-L=130-N=373483-phi=0.16-alpha=1.1-bmax=20-r=0.49-ru=10/config-164.txt.gz,1.1,0.16,76.0
SRRW-MARCELO-L=130-N=373483-phi=0.16-alpha=1.1-bmax=20-r=0.49-ru=10/config-165.txt.gz,1.1,0.16,69.0
SRRW-MARCELO-L=130-N=373483-phi=0.16-alpha=1.1-bmax=20-r=0.49-ru=10/config-166.txt.gz,1.1,0.16,85.0
SRRW-MARCELO-L=130-N=373483-phi=0.16-alpha=1.1-bmax=20-r=0.49-ru=10/config-167.txt.gz,1.1,0.16,77.0
SRRW-MARCELO-L=130-N=373483-phi=0.16-alpha=1.1-bmax=20-r=0.49-ru=10/config-168.txt.gz,1.1,0.16,46.0
SRRW-MARCELO-L=130-N=373483-phi=0.16-alpha=1.1-bmax=20-r=0.49-ru=10/config-169.txt.gz,1.1,0.16,78.0
SRRW-MARCELO-L=130-N=373483-phi=0.16-alpha=1.1-bmax=20-r=0.49-ru=10/config-17.txt.gz,1.1,0.16,76.0
SRRW-MARCELO-L=130-N=373483-phi=0.16-alpha=1.1-bmax=20-r=0.49-ru=10/config-170.txt.gz,1.1,0.16,77.0
SRRW-MARCELO-L=130-N=373483-phi=0.16-alpha=1.1-bmax=20-r=0.49-ru=10/config-171.txt.gz,1.1,0.16,60.0
SRRW-MARCELO-L=130-N=373483-phi=0.16-alpha=1.1-bmax=20-r=0.49-ru=10/config-172.txt.gz,1.1,0.16,65.0
SRRW-MARCELO-L=130-N=373483-phi=0.16-alpha=1.1-bmax=20-r=0.49-ru=10/config-173.txt.gz,1.1,0.16,76.0
SRRW-MARCELO-L=130-N=373483-phi=0.16-alpha=1.1-bmax=20-r=0.49-ru=10/config-174.txt.gz,1.1,0.16,71.0
SRRW-MARCELO-L=130-N=373483-phi=0.16-alpha=1.1-bmax=20-r=0.49-ru=10/config-175.txt.gz,1.1,0.16,77.0
SRRW-MARCELO-L=130-N=373483-phi=0.16-alpha=1.1-bmax=20-r=0.49-ru=10/config-176.txt.gz,1.1,0.16,76.0
SRRW-MARCELO-L=130-N=373483-phi=0.16-alpha=1.1-bmax=20-r=0.49-ru=10/config-177.txt.gz,1.1,0.16,59.0
SRRW-MARCELO-L=130-N=373483-phi=0.16-alpha=1.1-bmax=20-r=0.49-ru=10/config-178.txt.gz,1.1,0.16,69.0
SRRW-MARCELO-L=130-N=373483-phi=0.16-alpha=1.1-bmax=20-r=0.49-ru=10/config-179.txt.gz,1.1,0.16,71.0
SRRW-MARCELO-L=130-N=373483-phi=0.16-alpha=1.1-bmax=20-r=0.49-ru=10/config-18.txt.gz,1.1,0.16,68.0
SRRW-MARCELO-L=130-N=373483-phi=0.16-alpha=1.1-bmax=20-r=0.49-ru=10/config-180.txt.gz,1.1,0.16,77.0
SRRW-MARCELO-L=130-N=373483-phi=0.16-alpha=1.1-bmax=20-r=0.49-ru=10/config-181.txt.gz,1.1,0.16,79.0
SRRW-MARCELO-L=130-N=373483-phi=0.16-alpha=1.1-bmax=20-r=0.49-ru=10/config-182.txt.gz,1.1,0.16,61.0
SRRW-MARCELO-L=130-N=373483-phi=0.16-alpha=1.1-bmax=20-r=0.49-ru=10/config-183.txt.gz,1.1,0.16,76.0
SRRW-MARCELO-L=130-N=373483-phi=0.16-alpha=1.1-bmax=20-r=0.49-ru=10/config-184.txt.gz,1.1,0.16,73.0
SRRW-MARCELO-L=130-N=373483-phi=0.16-alpha=1.1-bmax=20-r=0.49-ru=10/config-185.txt.gz,1.1,0.16,47.0
SRRW-MARCELO-L=130-N=373483-phi=0.16-alpha=1.1-bmax=20-r=0.49-ru=10/config-186.txt.gz,1.1,0.16,73.0
SRRW-MARCELO-L=130-N=373483-phi=0.16-alpha=1.1-bmax=20-r=0.49-ru=10/config-187.txt.gz,1.1,0.16,76.0
SRRW-MARCELO-L=130-N=373483-phi=0.16-alpha=1.1-bmax=20-r=0.49-ru=10/config-188.txt.gz,1.1,0.16,77.0
SRRW-MARCELO-L=130-N=373483-phi=0.16-alpha=1.15-bmax=20-r=0.49-ru=10/config-1.txt.gz,1.15,0.16,68.0
SRRW-MARCELO-L=130-N=373483-phi=0.16-alpha=1.15-bmax=20-r=0.49-ru=10/config-10.txt.gz,1.15,0.16,67.0
SRRW-MARCELO-L=130-N=373483-phi=0.16-alpha=1.15-bmax=20-r=0.49-ru=10/config-100.txt.gz,1.15,0.16,73.0
SRRW-MARCELO-L=130-N=373483-phi=0.16-alpha=1.15-bmax=20-r=0.49-ru=10/config-1000.txt.gz,1.15,0.16,75.0
SRRW-MARCELO-L=130-N=373483-phi=0.16-alpha=1.15-bmax=20-r=0.49-ru=10/config-101.txt.gz,1.15,0.16,95.0
SRRW-MARCELO-L=130-N=373483-phi=0.16-alpha=1.15-bmax=20-r=0.49-ru=10/config-102.txt.gz,1.15,0.16,71.0
SRRW-MARCELO-L=130-N=373483-phi=0.16-alpha=1.15-bmax=20-r=0.49-ru=10/config-103.txt.gz,1.15,0.16,86.0
SRRW-MARCELO-L=130-N=373483-phi=0.16-alpha=1.15-bmax=20-r=0.49-ru=10/config-104.txt.gz,1.15,0.16,71.0
SRRW-MARCELO-L=130-N=373483-phi=0.16-alpha=1.15-bmax=20-r=0.49-ru=10/config-105.txt.gz,1.15,0.16,84.0
SRRW-MARCELO-L=130-N=373483-phi=0.16-alpha=1.15-bmax=20-r=0.49-ru=10/config-106.txt.gz,1.15,0.16,69.0
SRRW-MARCELO-L=130-N=373483-phi=0.16-alpha=1.15-bmax=20-r=0.49-ru=10/config-107.txt.gz,1.15,0.16,54.0
SRRW-MARCELO-L=130-N=373483-phi=0.16-alpha=1.15-bmax=20-r=0.49-ru=10/config-108.txt.gz,1.15,0.16,90.0
SRRW-MARCELO-L=130-N=373483-phi=0.16-alpha=1.15-bmax=20-r=0.49-ru=10/config-109.txt.gz,1.15,0.16,66.0
SRRW-MARCELO-L=130-N=373483-phi=0.16-alpha=1.15-bmax=20-r=0.49-ru=10/config-11.txt.gz,1.15,0.16,85.0
SRRW-MARCELO-L=130-N=373483-phi=0.16-alpha=1.15-bmax=20-r=0.49-ru=10/config-110.txt.gz,1.15,0.16,72.0
SRRW-MARCELO-L=130-N=373483-phi=0.16-alpha=1.15-bmax=20-r=0.49-ru=10/config-111.txt.gz,1.15,0.16,67.0
SRRW-MARCELO-L=130-N=373483-phi=0.16-alpha=1.15-bmax=20-r=0.49-ru=10/config-112.txt.gz,1.15,0.16,71.0
SRRW-MARCELO-L=130-N=373483-phi=0.16-alpha=1.15-bmax=20-r=0.49-ru=10/config-113.txt.gz,1.15,0.16,69.0
SRRW-MARCELO-L=130-N=373483-phi=0.16-alpha=1.15-bmax=20-r=0.49-ru=10/config-114.txt.gz,1.15,0.16,77.0
SRRW-MARCELO-L=130-N=373483-phi=0.16-alpha=1.15-bmax=20-r=0.49-ru=10/config-115.txt.gz,1.15,0.16,79.0
SRRW-MARCELO-L=130-N=373483-phi=0.16-alpha=1.15-bmax=20-r=0.49-ru=10/config-116.txt.gz,1.15,0.16,62.0
SRRW-MARCELO-L=130-N=373483-phi=0.16-alpha=1.15-bmax=20-r=0.49-ru=10/config-117.txt.gz,1.15,0.16,67.0
SRRW-MARCELO-L=130-N=373483-phi=0.16-alpha=1.15-bmax=20-r=0.49-ru=10/config-118.txt.gz,1.15,0.16,77.0
SRRW-MARCELO-L=130-N=373483-phi=0.16-alpha=1.15-bmax=20-r=0.49-ru=10/config-119.txt.gz,1.15,0.16,58.0
SRRW-MARCELO-L=130-N=373483-phi=0.16-alpha=1.15-bmax=20-r=0.49-ru=10/config-12.txt.gz,1.15,0.16,69.0
SRRW-MARCELO-L=130-N=373483-phi=0.16-alpha=1.15-bmax=20-r=0.49-ru=10/config-120.txt.gz,1.15,0.16,75.0
SRRW-MARCELO-L=130-N=373483-phi=0.16-alpha=1.15-bmax=20-r=0.49-ru=10/config-121.txt.gz,1.15,0.16,87.0
SRRW-MARCELO-L=130-N=373483-phi=0.16-alpha=1.15-bmax=20-r=0.49-ru=10/config-122.txt.gz,1.15,0.16,80.0
SRRW-MARCELO-L=130-N=373483-phi=0.16-alpha=1.15-bmax=20-r=0.49-ru=10/config-123.txt.gz,1.15,0.16,81.0
SRRW-MARCELO-L=130-N=373483-phi=0.16-alpha=1.15-bmax=20-r=0.49-ru=10/config-124.txt.gz,1.15,0.16,67.0
SRRW-MARCELO-L=130-N=373483-phi=0.16-alpha=1.15-bmax=20-r=0.49-ru=10/config-125.txt.gz,1.15,0.16,83.0
SRRW-MARCELO-L=130-N=373483-phi=0.16-alpha=1.15-bmax=20-r=0.49-ru=10/config-126.txt.gz,1.15,0.16,80.0
SRRW-MARCELO-L=130-N=373483-phi=0.16-alpha=1.15-bmax=20-r=0.49-ru=10/config-127.txt.gz,1.15,0.16,87.0
SRRW-MARCELO-L=130-N=373483-phi=0.16-alpha=1.15-bmax=20-r=0.49-ru=10/config-128.txt.gz,1.15,0.16,72.0
SRRW-MARCELO-L=130-N=373483-phi=0.16-alpha=1.15-bmax=20-r=0.49-ru=10/config-129.txt.gz,1.15,0.16,70.0
SRRW-MARCELO-L=130-N=373483-phi=0.16-alpha=1.15-bmax=20-r=0.49-ru=10/config-13.txt.gz,1.15,0.16,54.0
SRRW-MARCELO-L=130-N=373483-phi=0.16-alpha=1.15-bmax=20-r=0.49-ru=10/config-130.txt.gz,1.15,0.16,80.0
SRRW-MARCELO-L=130-N=373483-phi=0.16-alpha=1.15-bmax=20-r=0.49-ru=10/config-131.txt.gz,1.15,0.16,69.0
SRRW-MARCELO-L=130-N=373483-phi=0.16-alpha=1.15-bmax=20-r=0.49-ru=10/config-132.txt.gz,1.15,0.16,83.0
SRRW-MARCELO-L=130-N=373483-phi=0.16-alpha=1.15-bmax=20-r=0.49-ru=10/config-133.txt.gz,1.15,0.16,69.0
SRRW-MARCELO-L=130-N=373483-phi=0.16-alpha=1.15-bmax=20-r=0.49-ru=10/config-134.txt.gz,1.15,0.16,75.0
SRRW-MARCELO-L=130-N=373483-phi=0.16-alpha=1.15-bmax=20-r=0.49-ru=10/config-135.txt.gz,1.15,0.16,75.0
SRRW-MARCELO-L=130-N=373483-phi=0.16-alpha=1.15-bmax=20-r=0.49-ru=10/config-136.txt.gz,1.15,0.16,69.0
SRRW-MARCELO-L=130-N=373483-phi=0.16-alpha=1.15-bmax=20-r=0.49-ru=10/config-137.txt.gz,1.15,0.16,65.0
SRRW-MARCELO-L=130-N=373483-phi=0.16-alpha=1.15-bmax=20-r=0.49-ru=10/config-138.txt.gz,1.15,0.16,79.0
SRRW-MARCELO-L=130-N=373483-phi=0.16-alpha=1.15-bmax=20-r=0.49-ru=10/config-139.txt.gz,1.15,0.16,84.0
SRRW-MARCELO-L=130-N=373483-phi=0.16-alpha=1.15-bmax=20-r=0.49-ru=10/config-14.txt.gz,1.15,0.16,72.0
SRRW-MARCELO-L=130-N=373483-phi=0.16-alpha=1.15-bmax=20-r=0.49-ru=10/config-140.txt.gz,1.15,0.16,74.0
SRRW-MARCELO-L=130-N=373483-phi=0.16-alpha=1.15-bmax=20-r=0.49-ru=10/config-141.txt.gz,1.15,0.16,66.0
SRRW-MARCELO-L=130-N=373483-phi=0.16-alpha=1.15-bmax=20-r=0.49-ru=10/config-142.txt.gz,1.15,0.16,82.0
SRRW-MARCELO-L=130-N=373483-phi=0.16-alpha=1.15-bmax=20-r=0.49-ru=10/config-143.txt.gz,1.15,0.16,70.0
SRRW-MARCELO-L=130-N=373483-phi=0.16-alpha=1.15-bmax=20-r=0.49-ru=10/config-144.txt.gz,1.15,0.16,90.0
SRRW-MARCELO-L=130-N=373483-phi=0.16-alpha=1.15-bmax=20-r=0.49-ru=10/config-145.txt.gz,1.15,0.16,59.0
SRRW-MARCELO-L=130-N=373483-phi=0.16-alpha=1.15-bmax=20-r=0.49-ru=10/config-146.txt.gz,1.15,0.16,85.0
SRRW-MARCELO-L=130-N=373483-phi=0.16-alpha=1.15-bmax=20-r=0.49-ru=10/config-147.txt.gz,1.15,0.16,60.0
SRRW-MARCELO-L=130-N=373483-phi=0.16-alpha=1.15-bmax=20-r=0.49-ru=10/config-148.txt.gz,1.15,0.16,71.0
SRRW-MARCELO-L=130-N=373483-phi=0.16-alpha=1.15-bmax=20-r=0.49-ru=10/config-149.txt.gz,1.15,0.16,75.0
SRRW-MARCELO-L=130-N=373483-phi=0.16-alpha=1.15-bmax=20-r=0.49-ru=10/config-15.txt.gz,1.15,0.16,82.0
SRRW-MARCELO-L=130-N=373483-phi=0.16-alpha=1.15-bmax=20-r=0.49-ru=10/config-150.txt.gz,1.15,0.16,80.0
SRRW-MARCELO-L=130-N=373483-phi=0.16-alpha=1.15-bmax=20-r=0.49-ru=10/config-151.txt.gz,1.15,0.16,82.0
SRRW-MARCELO-L=130-N=373483-phi=0.16-alpha=1.15-bmax=20-r=0.49-ru=10/config-152.txt.gz,1.15,0.16,78.0
SRRW-MARCELO-L=130-N=373483-phi=0.16-alpha=1.15-bmax=20-r=0.49-ru=10/config-153.txt.gz,1.15,0.16,84.0
SRRW-MARCELO-L=130-N=373483-phi=0.16-alpha=1.15-bmax=20-r=0.49-ru=10/config-154.txt.gz,1.15,0.16,84.0
SRRW-MARCELO-L=130-N=373483-phi=0.16-alpha=1.15-bmax=20-r=0.49-ru=10/config-155.txt.gz,1.15,0.16,75.0
SRRW-MARCELO-L=130-N=373483-phi=0.16-alpha=1.15-bmax=20-r=0.49-ru=10/config-156.txt.gz,1.15,0.16,75.0
SRRW-MARCELO-L=130-N=373483-phi=0.16-alpha=1.15-bmax=20-r=0.49-ru=10/config-157.txt.gz,1.15,0.16,78.0
SRRW-MARCELO-L=130-N=373483-phi=0.16-alpha=1.15-bmax=20-r=0.49-ru=10/config-158.txt.gz,1.15,0.16,74.0
SRRW-MARCELO-L=130-N=373483-phi=0.16-alpha=1.15-bmax=20-r=0.49-ru=10/config-159.txt.gz,1.15,0.16,81.0
SRRW-MARCELO-L=130-N=373483-phi=0.16-alpha=1.15-bmax=20-r=0.49-ru=10/config-16.txt.gz,1.15,0.16,86.0
SRRW-MARCELO-L=130-N=373483-phi=0.16-alpha=1.15-bmax=20-r=0.49-ru=10/config-160.txt.gz,1.15,0.16,81.0
SRRW-MARCELO-L=130-N=373483-phi=0.16-alpha=1.15-bmax=20-r=0.49-ru=10/config-161.txt.gz,1.15,0.16,88.0
SRRW-MARCELO-L=130-N=373483-phi=0.16-alpha=1.15-bmax=20-r=0.49-ru=10/config-162.txt.gz,1.15,0.16,77.0
SRRW-MARCELO-L=130-N=373483-phi=0.16-alpha=1.15-bmax=20-r=0.49-ru=10/config-163.txt.gz,1.15,0.16,85.0
SRRW-MARCELO-L=130-N=373483-phi=0.16-alpha=1.15-bmax=20-r=0.49-ru=10/config-164.txt.gz,1.15,0.16,72.0
SRRW-MARCELO-L=130-N=373483-phi=0.16-alpha=1.15-bmax=20-r=0.49-ru=10/config-165.txt.gz,1.15,0.16,75.0
SRRW-MARCELO-L=130-N=373483-phi=0.16-alpha=1.15-bmax=20-r=0.49-ru=10/config-166.txt.gz,1.15,0.16,82.0
SRRW-MARCELO-L=130-N=373483-phi=0.16-alpha=1.15-bmax=20-r=0.49-ru=10/config-167.txt.gz,1.15,0.16,85.0
SRRW-MARCELO-L=130-N=373483-phi=0.16-alpha=1.15-bmax=20-r=0.49-ru=10/config-168.txt.gz,1.15,0.16,73.0
SRRW-MARCELO-L=130-N=373483-phi=0.16-alpha=1.15-bmax=20-r=0.49-ru=10/config-169.txt.gz,1.15,0.16,67.0
SRRW-MARCELO-L=130-N=373483-phi=0.16-alpha=1.15-bmax=20-r=0.49-ru=10/config-17.txt.gz,1.15,0.16,75.0
SRRW-MARCELO-L=130-N=373483-phi=0.16-alpha=1.15-bmax=20-r=0.49-ru=10/config-170.txt.gz,1.15,0.16,69.0
SRRW-MARCELO-L=130-N=373483-phi=0.16-alpha=1.15-bmax=20-r=0.49-ru=10/config-171.txt.gz,1.15,0.16,64.0
SRRW-MARCELO-L=130-N=373483-phi=0.16-alpha=1.15-bmax=20-r=0.49-ru=10/config-172.txt.gz,1.15,0.16,72.0
SRRW-MARCELO-L=130-N=373483-phi=0.16-alpha=1.15-bmax=20-r=0.49-ru=10/config-173.txt.gz,1.15,0.16,71.0
SRRW-MARCELO-L=130-N=373483-phi=0.16-alpha=1.15-bmax=20-r=0.49-ru=10/config-174.txt.gz,1.15,0.16,79.0
SRRW-MARCELO-L=130-N=373483-phi=0.16-alpha=1.15-bmax=20-r=0.49-ru=10/config-175.txt.gz,1.15,0.16,66.0
SRRW-MARCELO-L=130-N=373483-phi=0.16-alpha=1.15-bmax=20-r=0.49-ru=10/config-176.txt.gz,1.15,0.16,80.0
SRRW-MARCELO-L=130-N=373483-phi=0.16-alpha=1.15-bmax=20-r=0.49-ru=10/config-177.txt.gz,1.15,0.16,69.0
SRRW-MARCELO-L=130-N=373483-phi=0.16-alpha=1.15-bmax=20-r=0.49-ru=10/config-178.txt.gz,1.15,0.16,78.0
SRRW-MARCELO-L=130-N=373483-phi=0.16-alpha=1.15-bmax=20-r=0.49-ru=10/config-179.txt.gz,1.15,0.16,66.0
SRRW-MARCELO-L=130-N=373483-phi=0.16-alpha=1.15-bmax=20-r=0.49-ru=10/config-18.txt.gz,1.15,0.16,69.0
SRRW-MARCELO-L=130-N=373483-phi=0.16-alpha=1.15-bmax=20-r=0.49-ru=10/config-180.txt.gz,1.15,0.16,83.0
SRRW-MARCELO-L=130-N=373483-phi=0.16-alpha=1.15-bmax=20-r=0.49-ru=10/config-181.txt.gz,1.15,0.16,78.0
SRRW-MARCELO-L=130-N=373483-phi=0.16-alpha=1.15-bmax=20-r=0.49-ru=10/config-182.txt.gz,1.15,0.16,94.0
SRRW-MARCELO-L=130-N=373483-phi=0.16-alpha=1.15-bmax=20-r=0.49-ru=10/config-183.txt.gz,1.15,0.16,73.0
SRRW-MARCELO-L=130-N=373483-phi=0.16-alpha=1.15-bmax=20-r=0.49-ru=10/config-184.txt.gz,1.15,0.16,68.0
SRRW-MARCELO-L=130-N=373483-phi=0.16-alpha=1.15-bmax=20-r=0.49-ru=10/config-185.txt.gz,1.15,0.16,64.0
SRRW-MARCELO-L=130-N=373483-phi=0.16-alpha=1.15-bmax=20-r=0.49-ru=10/config-186.txt.gz,1.15,0.16,76.0
SRRW-MARCELO-L=130-N=373483-phi=0.16-alpha=1.15-bmax=20-r=0.49-ru=10/config-187.txt.gz,1.15,0.16,99.0
SRRW-MARCELO-L=130-N=373483-phi=0.16-alpha=1.15-bmax=20-r=0.49-ru=10/config-188.txt.gz,1.15,0.16,74.0
SRRW-MARCELO-L=130-N=186741-phi=0.08-alpha=1.1-bmax=20-r=0.49-ru=10/config-189.txt.gz,1.1,0.08,51.0
SRRW-MARCELO-L=130-N=186741-phi=0.08-alpha=1.1-bmax=20-r=0.49-ru=10/config-19.txt.gz,1.1,0.08,56.0
SRRW-MARCELO-L=130-N=186741-phi=0.08-alpha=1.1-bmax=20-r=0.49-ru=10/config-190.txt.gz,1.1,0.08,49.0
SRRW-MARCELO-L=130-N=186741-phi=0.08-alpha=1.1-bmax=20-r=0.49-ru=10/config-191.txt.gz,1.1,0.08,69.0
SRRW-MARCELO-L=130-N=186741-phi=0.08-alpha=1.1-bmax=20-r=0.49-ru=10/config-192.txt.gz,1.1,0.08,62.0
SRRW-MARCELO-L=130-N=186741-phi=0.08-alpha=1.1-bmax=20-r=0.49-ru=10/config-193.txt.gz,1.1,0.08,49.0
SRRW-MARCELO-L=130-N=186741-phi=0.08-alpha=1.1-bmax=20-r=0.49-ru=10/config-194.txt.gz,1.1,0.08,54.0
SRRW-MARCELO-L=130-N=186741-phi=0.08-alpha=1.1-bmax=20-r=0.49-ru=10/config-195.txt.gz,1.1,0.08,56.0
SRRW-MARCELO-L=130-N=186741-phi=0.08-alpha=1.1-bmax=20-r=0.49-ru=10/config-196.txt.gz,1.1,0.08,63.0
SRRW-MARCELO-L=130-N=186741-phi=0.08-alpha=1.1-bmax=20-r=0.49-ru=10/config-197.txt.gz,1.1,0.08,50.0
SRRW-MARCELO-L=130-N=186741-phi=0.08-alpha=1.1-bmax=20-r=0.49-ru=10/config-198.txt.gz,1.1,0.08,56.0
SRRW-MARCELO-L=130-N=186741-phi=0.08-alpha=1.1-bmax=20-r=0.49-ru=10/config-199.txt.gz,1.1,0.08,60.0
SRRW-MARCELO-L=130-N=186741-phi=0.08-alpha=1.1-bmax=20-r=0.49-ru=10/config-2.txt.gz,1.1,0.08,52.0
SRRW-MARCELO-L=130-N=186741-phi=0.08-alpha=1.1-bmax=20-r=0.49-ru=10/config-20.txt.gz,1.1,0.08,57.0
SRRW-MARCELO-L=130-N=186741-phi=0.08-alpha=1.1-bmax=20-r=0.49-ru=10/config-200.txt.gz,1.1,0.08,54.0
SRRW-MARCELO-L=130-N=186741-phi=0.08-alpha=1.1-bmax=20-r=0.49-ru=10/config-201.txt.gz,1.1,0.08,70.0
SRRW-MARCELO-L=130-N=186741-phi=0.08-alpha=1.1-bmax=20-r=0.49-ru=10/config-202.txt.gz,1.1,0.08,46.0
SRRW-MARCELO-L=130-N=186741-phi=0.08-alpha=1.1-bmax=20-r=0.49-ru=10/config-203.txt.gz,1.1,0.08,36.0
SRRW-MARCELO-L=130-N=186741-phi=0.08-alpha=1.1-bmax=20-r=0.49-ru=10/config-204.txt.gz,1.1,0.08,62.0
SRRW-MARCELO-L=130-N=186741-phi=0.08-alpha=1.1-bmax=20-r=0.49-ru=10/config-205.txt.gz,1.1,0.08,47.0
SRRW-MARCELO-L=130-N=186741-phi=0.08-alpha=1.1-bmax=20-r=0.49-ru=10/config-206.txt.gz,1.1,0.08,67.0
SRRW-MARCELO-L=130-N=186741-phi=0.08-alpha=1.1-bmax=20-r=0.49-ru=10/config-207.txt.gz,1.1,0.08,63.0
SRRW-MARCELO-L=130-N=186741-phi=0.08-alpha=1.1-bmax=20-r=0.49-ru=10/config-208.txt.gz,1.1,0.08,40.0
SRRW-MARCELO-L=130-N=186741-phi=0.08-alpha=1.1-bmax=20-r=0.49-ru=10/config-209.txt.gz,1.1,0.08,56.0
SRRW-MARCELO-L=130-N=186741-phi=0.08-alpha=1.1-bmax=20-r=0.49-ru=10/config-21.txt.gz,1.1,0.08,55.0
SRRW-MARCELO-L=130-N=186741-phi=0.08-alpha=1.1-bmax=20-r=0.49-ru=10/config-210.txt.gz,1.1,0.08,71.0
SRRW-MARCELO-L=130-N=186741-phi=0.08-alpha=1.1-bmax=20-r=0.49-ru=10/config-211.txt.gz,1.1,0.08,74.0
SRRW-MARCELO-L=130-N=186741-phi=0.08-alpha=1.1-bmax=20-r=0.49-ru=10/config-212.txt.gz,1.1,0.08,46.0
SRRW-MARCELO-L=130-N=186741-phi=0.08-alpha=1.1-bmax=20-r=0.49-ru=10/config-213.txt.gz,1.1,0.08,54.0
SRRW-MARCELO-L=130-N=186741-phi=0.08-alpha=1.1-bmax=20-r=0.49-ru=10/config-214.txt.gz,1.1,0.08,49.0
SRRW-MARCELO-L=130-N=186741-phi=0.08-alpha=1.1-bmax=20-r=0.49-ru=10/config-215.txt.gz,1.1,0.08,48.0
SRRW-MARCELO-L=130-N=186741-phi=0.08-alpha=1.1-bmax=20-r=0.49-ru=10/config-216.txt.gz,1.1,0.08,55.0
SRRW-MARCELO-L=130-N=186741-phi=0.08-alpha=1.1-bmax=20-r=0.49-ru=10/config-217.txt.gz,1.1,0.08,36.0
SRRW-MARCELO-L=130-N=186741-phi=0.08-alpha=1.1-bmax=20-r=0.49-ru=10/config-218.txt.gz,1.1,0.08,66.0
SRRW-MARCELO-L=130-N=186741-phi=0.08-alpha=1.1-bmax=20-r=0.49-ru=10/config-219.txt.gz,1.1,0.08,52.0
SRRW-MARCELO-L=130-N=186741-phi=0.08-alpha=1.1-bmax=20-r=0.49-ru=10/config-22.txt.gz,1.1,0.08,66.0
SRRW-MARCELO-L=130-N=186741-phi=0.08-alpha=1.1-bmax=20-r=0.49-ru=10/config-220.txt.gz,1.1,0.08,63.0
SRRW-MARCELO-L=130-N=186741-phi=0.08-alpha=1.1-bmax=20-r=0.49-ru=10/config-221.txt.gz,1.1,0.08,57.0
SRRW-MARCELO-L=130-N=186741-phi=0.08-alpha=1.1-bmax=20-r=0.49-ru=10/config-222.txt.gz,1.1,0.08,43.0
SRRW-MARCELO-L=130-N=186741-phi=0.08-alpha=1.1-bmax=20-r=0.49-ru=10/config-223.txt.gz,1.1,0.08,45.0
SRRW-MARCELO-L=130-N=186741-phi=0.08-alpha=1.1-bmax=20-r=0.49-ru=10/config-224.txt.gz,1.1,0.08,62.0
SRRW-MARCELO-L=130-N=186741-phi=0.08-alpha=1.1-bmax=20-r=0.49-ru=10/config-225.txt.gz,1.1,0.08,58.0
SRRW-MARCELO-L=130-N=186741-phi=0.08-alpha=1.1-bmax=20-r=0.49-ru=10/config-226.txt.gz,1.1,0.08,51.0
SRRW-MARCELO-L=130-N=186741-phi=0.08-alpha=1.1-bmax=20-r=0.49-ru=10/config-227.txt.gz,1.1,0.08,61.0
SRRW-MARCELO-L=130-N=186741-phi=0.08-alpha=1.1-bmax=20-r=0.49-ru=10/config-228.txt.gz,1.1,0.08,50.0
SRRW-MARCELO-L=130-N=186741-phi=0.08-alpha=1.1-bmax=20-r=0.49-ru=10/config-229.txt.gz,1.1,0.08,52.0
SRRW-MARCELO-L=130-N=186741-phi=0.08-alpha=1.1-bmax=20-r=0.49-ru=10/config-23.txt.gz,1.1,0.08,40.0
SRRW-MARCELO-L=130-N=186741-phi=0.08-alpha=1.1-bmax=20-r=0.49-ru=10/config-230.txt.gz,1.1,0.08,53.0
SRRW-MARCELO-L=130-N=186741-phi=0.08-alpha=1.1-bmax=20-r=0.49-ru=10/config-231.txt.gz,1.1,0.08,66.0
SRRW-MARCELO-L=130-N=186741-phi=0.08-alpha=1.1-bmax=20-r=0.49-ru=10/config-232.txt.gz,1.1,0.08,65.0
SRRW-MARCELO-L=130-N=186741-phi=0.08-alpha=1.1-bmax=20-r=0.49-ru=10/config-233.txt.gz,1.1,0.08,51.0
SRRW-MARCELO-L=130-N=186741-phi=0.08-alpha=1.1-bmax=20-r=0.49-ru=10/config-234.txt.gz,1.1,0.08,58.0
SRRW-MARCELO-L=130-N=186741-phi=0.08-alpha=1.1-bmax=20-r=0.49-ru=10/config-235.txt.gz,1.1,0.08,54.0
SRRW-MARCELO-L=130-N=186741-phi=0.08-alpha=1.1-bmax=20-r=0.49-ru=10/config-236.txt.gz,1.1,0.08,45.0
SRRW-MARCELO-L=130-N=186741-phi=0.08-alpha=1.1-bmax=20-r=0.49-ru=10/config-237.txt.gz,1.1,0.08,64.0
SRRW-MARCELO-L=130-N=186741-phi=0.08-alpha=1.1-bmax=20-r=0.49-ru=10/config-238.txt.gz,1.1,0.08,47.0
SRRW-MARCELO-L=130-N=186741-phi=0.08-alpha=1.1-bmax=20-r=0.49-ru=10/config-239.txt.gz,1.1,0.08,56.0
SRRW-MARCELO-L=130-N=186741-phi=0.08-alpha=1.1-bmax=20-r=0.49-ru=10/config-24.txt.gz,1.1,0.08,66.0
SRRW-MARCELO-L=130-N=186741-phi=0.08-alpha=1.1-bmax=20-r=0.49-ru=10/config-240.txt.gz,1.1,0.08,47.0
SRRW-MARCELO-L=130-N=186741-phi=0.08-alpha=1.1-bmax=20-r=0.49-ru=10/config-241.txt.gz,1.1,0.08,44.0
SRRW-MARCELO-L=130-N=186741-phi=0.08-alpha=1.1-bmax=20-r=0.49-ru=10/config-242.txt.gz,1.1,0.08,65.0
SRRW-MARCELO-L=130-N=186741-phi=0.08-alpha=1.1-bmax=20-r=0.49-ru=10/config-243.txt.gz,1.1,0.08,54.0
SRRW-MARCELO-L=130-N=186741-phi=0.08-alpha=1.1-bmax=20-r=0.49-ru=10/config-244.txt.gz,1.1,0.08,55.0
SRRW-MARCELO-L=130-N=186741-phi=0.08-alpha=1.1-bmax=20-r=0.49-ru=10/config-245.txt.gz,1.1,0.08,46.0
SRRW-MARCELO-L=130-N=186741-phi=0.08-alpha=1.1-bmax=20-r=0.49-ru=10/config-246.txt.gz,1.1,0.08,45.0
SRRW-MARCELO-L=130-N=186741-phi=0.08-alpha=1.1-bmax=20-r=0.49-ru=10/config-247.txt.gz,1.1,0.08,60.0
SRRW-MARCELO-L=130-N=186741-phi=0.08-alpha=1.1-bmax=20-r=0.49-ru=10/config-248.txt.gz,1.1,0.08,72.0
SRRW-MARCELO-L=130-N=186741-phi=0.08-alpha=1.1-bmax=20-r=0.49-ru=10/config-249.txt.gz,1.1,0.08,59.0
SRRW-MARCELO-L=130-N=186741-phi=0.08-alpha=1.1-bmax=20-r=0.49-ru=10/config-25.txt.gz,1.1,0.08,43.0
SRRW-MARCELO-L=130-N=186741-phi=0.08-alpha=1.1-bmax=20-r=0.49-ru=10/config-250.txt.gz,1.1,0.08,45.0
SRRW-MARCELO-L=130-N=186741-phi=0.08-alpha=1.1-bmax=20-r=0.49-ru=10/config-251.txt.gz,1.1,0.08,61.0
SRRW-MARCELO-L=130-N=186741-phi=0.08-alpha=1.1-bmax=20-r=0.49-ru=10/config-252.txt.gz,1.1,0.08,57.0
SRRW-MARCELO-L=130-N=186741-phi=0.08-alpha=1.1-bmax=20-r=0.49-ru=10/config-253.txt.gz,1.1,0.08,42.0
SRRW-MARCELO-L=130-N=186741-phi=0.08-alpha=1.1-bmax=20-r=0.49-ru=10/config-254.txt.gz,1.1,0.08,64.0
SRRW-MARCELO-L=130-N=186741-phi=0.08-alpha=1.1-bmax=20-r=0.49-ru=10/config-255.txt.gz,1.1,0.08,45.0
SRRW-MARCELO-L=130-N=186741-phi=0.08-alpha=1.1-bmax=20-r=0.49-ru=10/config-256.txt.gz,1.1,0.08,31.0
SRRW-MARCELO-L=130-N=186741-phi=0.08-alpha=1.1-bmax=20-r=0.49-ru=10/config-257.txt.gz,1.1,0.08,48.0
SRRW-MARCELO-L=130-N=186741-phi=0.08-alpha=1.1-bmax=20-r=0.49-ru=10/config-258.txt.gz,1.1,0.08,47.0
SRRW-MARCELO-L=130-N=186741-phi=0.08-alpha=1.1-bmax=20-r=0.49-ru=10/config-259.txt.gz,1.1,0.08,49.0
SRRW-MARCELO-L=130-N=186741-phi=0.08-alpha=1.1-bmax=20-r=0.49-ru=10/config-26.txt.gz,1.1,0.08,46.0
SRRW-MARCELO-L=130-N=186741-phi=0.08-alpha=1.1-bmax=20-r=0.49-ru=10/config-260.txt.gz,1.1,0.08,58.0
SRRW-MARCELO-L=130-N=186741-phi=0.08-alpha=1.1-bmax=20-r=0.49-ru=10/config-261.txt.gz,1.1,0.08,65.0
SRRW-MARCELO-L=130-N=186741-phi=0.08-alpha=1.1-bmax=20-r=0.49-ru=10/config-262.txt.gz,1.1,0.08,57.0
SRRW-MARCELO-L=130-N=186741-phi=0.08-alpha=1.1-bmax=20-r=0.49-ru=10/config-263.txt.gz,1.1,0.08,54.0
SRRW-MARCELO-L=130-N=186741-phi=0.08-alpha=1.1-bmax=20-r=0.49-ru=10/config-264.txt.gz,1.1,0.08,49.0
SRRW-MARCELO-L=130-N=186741-phi=0.08-alpha=1.1-bmax=20-r=0.49-ru=10/config-265.txt.gz,1.1,0.08,54.0
SRRW-MARCELO-L=130-N=186741-phi=0.08-alpha=1.1-bmax=20-r=0.49-ru=10/config-266.txt.gz,1.1,0.08,52.0
SRRW-MARCELO-L=130-N=186741-phi=0.08-alpha=1.1-bmax=20-r=0.49-ru=10/config-267.txt.gz,1.1,0.08,42.0
SRRW-MARCELO-L=130-N=186741-phi=0.08-alpha=1.1-bmax=20-r=0.49-ru=10/config-268.txt.gz,1.1,0.08,71.0
SRRW-MARCELO-L=130-N=186741-phi=0.08-alpha=1.1-bmax=20-r=0.49-ru=10/config-269.txt.gz,1.1,0.08,66.0
SRRW-MARCELO-L=130-N=186741-phi=0.08-alpha=1.1-bmax=20-r=0.49-ru=10/config-27.txt.gz,1.1,0.08,48.0
SRRW-MARCELO-L=130-N=186741-phi=0.08-alpha=1.1-bmax=20-r=0.49-ru=10/config-270.txt.gz,1.1,0.08,63.0
SRRW-MARCELO-L=130-N=186741-phi=0.08-alpha=1.1-bmax=20-r=0.49-ru=10/config-271.txt.gz,1.1,0.08,53.0
SRRW-MARCELO-L=130-N=186741-phi=0.08-alpha=1.1-bmax=20-r=0.49-ru=10/config-272.txt.gz,1.1,0.08,48.0
SRRW-MARCELO-L=130-N=186741-phi=0.08-alpha=1.1-bmax=20-r=0.49-ru=10/config-273.txt.gz,1.1,0.08,64.0
SRRW-MARCELO-L=130-N=186741-phi=0.08-alpha=1.1-bmax=20-r=0.49-ru=10/config-274.txt.gz,1.1,0.08,54.0
SRRW-MARCELO-L=130-N=186741-phi=0.08-alpha=1.1-bmax=20-r=0.49-ru=10/config-275.txt.gz,1.1,0.08,53.0
SRRW-MARCELO-L=130-N=186741-phi=0.08-alpha=1.1-bmax=20-r=0.49-ru=10/config-276.txt.gz,1.1,0.08,52.0
SRRW-MARCELO-L=130-N=186741-phi=0.08-alpha=1.1-bmax=20-r=0.49-ru=10/config-277.txt.gz,1.1,0.08,74.0
SRRW-MARCELO-L=130-N=186741-phi=0.08-alpha=1.1-bmax=20-r=0.49-ru=10/config-278.txt.gz,1.1,0.08,42.0
SRRW-MARCELO-L=130-N=186741-phi=0.08-alpha=1.1-bmax=20-r=0.49-ru=10/config-279.txt.gz,1.1,0.08,57.0
SRRW-MARCELO-L=130-N=186741-phi=0.08-alpha=1.1-bmax=20-r=0.49-ru=10/config-28.txt.gz,1.1,0.08,73.0
SRRW-MARCELO-L=130-N=186741-phi=0.08-alpha=1.1-bmax=20-r=0.49-ru=10/config-280.txt.gz,1.1,0.08,65.0
SRRW-MARCELO-L=130-N=186741-phi=0.08-alpha=1.1-bmax=20-r=0.49-ru=10/config-281.txt.gz,1.1,0.08,55.0
SRRW-MARCELO-L=130-N=186741-phi=0.08-alpha=1.1-bmax=20-r=0.49-ru=10/config-282.txt.gz,1.1,0.08,48.0
SRRW-MARCELO-L=130-N=186741-phi=0.08-alpha=1.1-bmax=20-r=0.49-ru=10/config-283.txt.gz,1.1,0.08,66.0
SRRW-MARCELO-L=130-N=186741-phi=0.08-alpha=1.1-bmax=20-r=0.49-ru=10/config-284.txt.gz,1.1,0.08,57.0
SRRW-MARCELO-L=130-N=186741-phi=0.08-alpha=1.1-bmax=20-r=0.49-ru=10/config-285.txt.gz,1.1,0.08,51.0
SRRW-MARCELO-L=130-N=186741-phi=0.08-alpha=1.1-bmax=20-r=0.49-ru=10/config-286.txt.gz,1.1,0.08,59.0
SRRW-MARCELO-L=130-N=186741-phi=0.08-alpha=1.1-bmax=20-r=0.49-ru=10/config-287.txt.gz,1.1,0.08,60.0
SRRW-MARCELO-L=130-N=186741-phi=0.08-alpha=1.1-bmax=20-r=0.49-ru=10/config-288.txt.gz,1.1,0.08,53.0
SRRW-MARCELO-L=130-N=186741-phi=0.08-alpha=1.1-bmax=20-r=0.49-ru=10/config-289.txt.gz,1.1,0.08,34.0
SRRW-MARCELO-L=130-N=186741-phi=0.08-alpha=1.1-bmax=20-r=0.49-ru=10/config-29.txt.gz,1.1,0.08,56.0
SRRW-MARCELO-L=130-N=186741-phi=0.08-alpha=1.1-bmax=20-r=0.49-ru=10/config-290.txt.gz,1.1,0.08,44.0
SRRW-MARCELO-L=130-N=186741-phi=0.08-alpha=1.1-bmax=20-r=0.49-ru=10/config-291.txt.gz,1.1,0.08,66.0
SRRW-MARCELO-L=130-N=186741-phi=0.08-alpha=1.1-bmax=20-r=0.49-ru=10/config-292.txt.gz,1.1,0.08,68.0
SRRW-MARCELO-L=130-N=186741-phi=0.08-alpha=1.1-bmax=20-r=0.49-ru=10/config-293.txt.gz,1.1,0.08,44.0
SRRW-MARCELO-L=130-N=186741-phi=0.08-alpha=1.1-bmax=20-r=0.49-ru=10/config-294.txt.gz,1.1,0.08,52.0
SRRW-MARCELO-L=130-N=186741-phi=0.08-alpha=1.1-bmax=20-r=0.49-ru=10/config-295.txt.gz,1.1,0.08,58.0
SRRW-MARCELO-L=130-N=186741-phi=0.08-alpha=1.1-bmax=20-r=0.49-ru=10/config-296.txt.gz,1.1,0.08,49.0
SRRW-MARCELO-L=130-N=186741-phi=0.08-alpha=1.1-bmax=20-r=0.49-ru=10/config-297.txt.gz,1.1,0.08,40.0
SRRW-MARCELO-L=130-N=186741-phi=0.08-alpha=1.1-bmax=20-r=0.49-ru=10/config-298.txt.gz,1.1,0.08,72.0
SRRW-MARCELO-L=130-N=186741-phi=0.08-alpha=1.1-bmax=20-r=0.49-ru=10/config-299.txt.gz,1.1,0.08,56.0
SRRW-MARCELO-L=130-N=186741-phi=0.08-alpha=1.1-bmax=20-r=0.49-ru=10/config-3.txt.gz,1.1,0.08,57.0
SRRW-MARCELO-L=130-N=186741-phi=0.08-alpha=1.1-bmax=20-r=0.49-ru=10/config-30.txt.gz,1.1,0.08,63.0
SRRW-MARCELO-L=130-N=186741-phi=0.08-alpha=1.1-bmax=20-r=0.49-ru=10/config-300.txt.gz,1.1,0.08,43.0
SRRW-MARCELO-L=130-N=186741-phi=0.08-alpha=1.1-bmax=20-r=0.49-ru=10/config-301.txt.gz,1.1,0.08,58.0
SRRW-MARCELO-L=130-N=186741-phi=0.08-alpha=1.1-bmax=20-r=0.49-ru=10/config-302.txt.gz,1.1,0.08,76.0
SRRW-MARCELO-L=130-N=186741-phi=0.08-alpha=1.1-bmax=20-r=0.49-ru=10/config-303.txt.gz,1.1,0.08,55.0
SRRW-MARCELO-L=130-N=186741-phi=0.08-alpha=1.1-bmax=20-r=0.49-ru=10/config-304.txt.gz,1.1,0.08,52.0
SRRW-MARCELO-L=130-N=186741-phi=0.08-alpha=1.1-bmax=20-r=0.49-ru=10/config-305.txt.gz,1.1,0.08,50.0
SRRW-MARCELO-L=130-N=186741-phi=0.08-alpha=1.1-bmax=20-r=0.49-ru=10/config-306.txt.gz,1.1,0.08,67.0
SRRW-MARCELO-L=130-N=186741-phi=0.08-alpha=1.1-bmax=20-r=0.49-ru=10/config-307.txt.gz,1.1,0.08,59.0
SRRW-MARCELO-L=130-N=186741-phi=0.08-alpha=1.1-bmax=20-r=0.49-ru=10/config-308.txt.gz,1.1,0.08,56.0
SRRW-MARCELO-L=130-N=186741-phi=0.08-alpha=1.1-bmax=20-r=0.49-ru=10/config-309.txt.gz,1.1,0.08,55.0
SRRW-MARCELO-L=130-N=186741-phi=0.08-alpha=1.1-bmax=20-r=0.49-ru=10/config-31.txt.gz,1.1,0.08,37.0
SRRW-MARCELO-L=130-N=186741-phi=0.08-alpha=1.1-bmax=20-r=0.49-ru=10/config-310.txt.gz,1.1,0.08,60.0
SRRW-MARCELO-L=130-N=186741-phi=0.08-alpha=1.1-bmax=20-r=0.49-ru=10/config-311.txt.gz,1.1,0.08,59.0
SRRW-MARCELO-L=130-N=186741-phi=0.08-alpha=1.1-bmax=20-r=0.49-ru=10/config-312.txt.gz,1.1,0.08,51.0
SRRW-MARCELO-L=130-N=186741-phi=0.08-alpha=1.1-bmax=20-r=0.49-ru=10/config-313.txt.gz,1.1,0.08,51.0
SRRW-MARCELO-L=130-N=186741-phi=0.08-alpha=1.1-bmax=20-r=0.49-ru=10/config-314.txt.gz,1.1,0.08,53.0
SRRW-MARCELO-L=130-N=186741-phi=0.08-alpha=1.1-bmax=20-r=0.49-ru=10/config-315.txt.gz,1.1,0.08,60.0
SRRW-MARCELO-L=130-N=186741-phi=0.08-alpha=1.1-bmax=20-r=0.49-ru=10/config-316.txt.gz,1.1,0.08,53.0
SRRW-MARCELO-L=130-N=186741-phi=0.08-alpha=1.1-bmax=20-r=0.49-ru=10/config-317.txt.gz,1.1,0.08,60.0
SRRW-MARCELO-L=130-N=186741-phi=0.08-alpha=1.1-bmax=20-r=0.49-ru=10/config-318.txt.gz,1.1,0.08,38.0
SRRW-MARCELO-L=130-N=186741-phi=0.08-alpha=1.1-bmax=20-r=0.49-ru=10/config-319.txt.gz,1.1,0.08,60.0
SRRW-MARCELO-L=130-N=186741-phi=0.08-alpha=1.1-bmax=20-r=0.49-ru=10/config-32.txt.gz,1.1,0.08,37.0
SRRW-MARCELO-L=130-N=186741-phi=0.08-alpha=1.1-bmax=20-r=0.49-ru=10/config-320.txt.gz,1.1,0.08,38.0
SRRW-MARCELO-L=130-N=186741-phi=0.08-alpha=1.1-bmax=20-r=0.49-ru=10/config-321.txt.gz,1.1,0.08,65.0
SRRW-MARCELO-L=130-N=186741-phi=0.08-alpha=1.1-bmax=20-r=0.49-ru=10/config-322.txt.gz,1.1,0.08,73.0
SRRW-MARCELO-L=130-N=186741-phi=0.08-alpha=1.1-bmax=20-r=0.49-ru=10/config-323.txt.gz,1.1,0.08,67.0
SRRW-MARCELO-L=130-N=186741-phi=0.08-alpha=1.1-bmax=20-r=0.49-ru=10/config-324.txt.gz,1.1,0.08,47.0
SRRW-MARCELO-L=130-N=186741-phi=0.08-alpha=1.1-bmax=20-r=0.49-ru=10/config-325.txt.gz,1.1,0.08,68.0
SRRW-MARCELO-L=130-N=186741-phi=0.08-alpha=1.1-bmax=20-r=0.49-ru=10/config-326.txt.gz,1.1,0.08,55.0
SRRW-MARCELO-L=130-N=186741-phi=0.08-alpha=1.1-bmax=20-r=0.49-ru=10/config-327.txt.gz,1.1,0.08,53.0
SRRW-MARCELO-L=130-N=186741-phi=0.08-alpha=1.1-bmax=20-r=0.49-ru=10/config-328.txt.gz,1.1,0.08,75.0
SRRW-MARCELO-L=130-N=186741-phi=0.08-alpha=1.1-bmax=20-r=0.49-ru=10/config-329.txt.gz,1.1,0.08,55.0
SRRW-MARCELO-L=130-N=186741-phi=0.08-alpha=1.1-bmax=20-r=0.49-ru=10/config-33.txt.gz,1.1,0.08,61.0
SRRW-MARCELO-L=130-N=186741-phi=0.08-alpha=1.1-bmax=20-r=0.49-ru=10/config-330.txt.gz,1.1,0.08,51.0
SRRW-MARCELO-L=130-N=186741-phi=0.08-alpha=1.1-bmax=20-r=0.49-ru=10/config-331.txt.gz,1.1,0.08,62.0
SRRW-MARCELO-L=130-N=186741-phi=0.08-alpha=1.1-bmax=20-r=0.49-ru=10/config-332.txt.gz,1.1,0.08,57.0
SRRW-MARCELO-L=130-N=186741-phi=0.08-alpha=1.1-bmax=20-r=0.49-ru=10/config-333.txt.gz,1.1,0.08,32.0
SRRW-MARCELO-L=130-N=186741-phi=0.08-alpha=1.1-bmax=20-r=0.49-ru=10/config-334.txt.gz,1.1,0.08,49.0
SRRW-MARCELO-L=130-N=186741-phi=0.08-alpha=1.1-bmax=20-r=0.49-ru=10/config-335.txt.gz,1.1,0.08,60.0
SRRW-MARCELO-L=130-N=186741-phi=0.08-alpha=1.1-bmax=20-r=0.49-ru=10/config-336.txt.gz,1.1,0.08,55.0
SRRW-MARCELO-L=130-N=186741-phi=0.08-alpha=1.1-bmax=20-r=0.49-ru=10/config-337.txt.gz,1.1,0.08,51.0
SRRW-MARCELO-L=130-N=186741-phi=0.08-alpha=1.1-bmax=20-r=0.49-ru=10/config-338.txt.gz,1.1,0.08,62.0
SRRW-MARCELO-L=130-N=186741-phi=0.08-alpha=1.1-bmax=20-r=0.49-ru=10/config-339.txt.gz,1.1,0.08,67.0
SRRW-MARCELO-L=130-N=186741-phi=0.08-alpha=1.1-bmax=20-r=0.49-ru=10/config-34.txt.gz,1.1,0.08,52.0
SRRW-MARCELO-L=130-N=186741-phi=0.08-alpha=1.1-bmax=20-r=0.49-ru=10/config-340.txt.gz,1.1,0.08,64.0
SRRW-MARCELO-L=130-N=186741-phi=0.08-alpha=1.1-bmax=20-r=0.49-ru=10/config-341.txt.gz,1.1,0.08,43.0
SRRW-MARCELO-L=130-N=186741-phi=0.08-alpha=1.1-bmax=20-r=0.49-ru=10/config-342.txt.gz,1.1,0.08,51.0
SRRW-MARCELO-L=130-N=186741-phi=0.08-alpha=1.1-bmax=20-r=0.49-ru=10/config-343.txt.gz,1.1,0.08,55.0
SRRW-MARCELO-L=130-N=186741-phi=0.08-alpha=1.1-bmax=20-r=0.49-ru=10/config-344.txt.gz,1.1,0.08,50.0
SRRW-MARCELO-L=130-N=186741-phi=0.08-alpha=1.1-bmax=20-r=0.49-ru=10/config-345.txt.gz,1.1,0.08,49.0
SRRW-MARCELO-L=130-N=186741-phi=0.08-alpha=1.1-bmax=20-r=0.49-ru=10/config-346.txt.gz,1.1,0.08,31.0
SRRW-MARCELO-L=130-N=186741-phi=0.08-alpha=1.1-bmax=20-r=0.49-ru=10/config-347.txt.gz,1.1,0.08,63.0
SRRW-MARCELO-L=130-N=186741-phi=0.08-alpha=1.1-bmax=20-r=0.49-ru=10/config-348.txt.gz,1.1,0.08,45.0
SRRW-MARCELO-L=130-N=186741-phi=0.08-alpha=1.1-bmax=20-r=0.49-ru=10/config-349.txt.gz,1.1,0.08,58.0
SRRW-MARCELO-L=130-N=186741-phi=0.08-alpha=1.1-bmax=20-r=0.49-ru=10/config-35.txt.gz,1.1,0.08,67.0
SRRW-MARCELO-L=130-N=186741-phi=0.08-alpha=1.1-bmax=20-r=0.49-ru=10/config-350.txt.gz,1.1,0.08,68.0
SRRW-MARCELO-L=130-N=186741-phi=0.08-alpha=1.1-bmax=20-r=0.49-ru=10/config-351.txt.gz,1.1,0.08,53.0
SRRW-MARCELO-L=130-N=186741-phi=0.08-alpha=1.1-bmax=20-r=0.49-ru=10/config-352.txt.gz,1.1,0.08,38.0
SRRW-MARCELO-L=130-N=186741-phi=0.08-alpha=1.1-bmax=20-r=0.49-ru=10/config-353.txt.gz,1.1,0.08,59.0
SRRW-MARCELO-L=130-N=186741-phi=0.08-alpha=1.1-bmax=20-r=0.49-ru=10/config-354.txt.gz,1.1,0.08,57.0
SRRW-MARCELO-L=130-N=186741-phi=0.08-alpha=1.1-bmax=20-r=0.49-ru=10/config-355.txt.gz,1.1,0.08,44.0
SRRW-MARCELO-L=130-N=186741-phi=0.08-alpha=1.1-bmax=20-r=0.49-ru=10/config-356.txt.gz,1.1,0.08,47.0
SRRW-MARCELO-L=130-N=186741-phi=0.08-alpha=1.1-bmax=20-r=0.49-ru=10/config-357.txt.gz,1.1,0.08,39.0
SRRW-MARCELO-L=130-N=186741-phi=0.08-alpha=1.1-bmax=20-r=0.49-ru=10/config-358.txt.gz,1.1,0.08,54.0
SRRW-MARCELO-L=130-N=186741-phi=0.08-alpha=1.1-bmax=20-r=0.49-ru=10/config-359.txt.gz,1.1,0.08,49.0
SRRW-MARCELO-L=130-N=186741-phi=0.08-alpha=1.1-bmax=20-r=0.49-ru=10/config-36.txt.gz,1.1,0.08,57.0
SRRW-MARCELO-L=130-N=186741-phi=0.08-alpha=1.1-bmax=20-r=0.49-ru=10/config-360.txt.gz,1.1,0.08,65.0
SRRW-MARCELO-L=130-N=186741-phi=0.08-alpha=1.1-bmax=20-r=0.49-ru=10/config-361.txt.gz,1.1,0.08,46.0
SRRW-MARCELO-L=130-N=186741-phi=0.08-alpha=1.1-bmax=20-r=0.49-ru=10/config-362.txt.gz,1.1,0.08,64.0
SRRW-MARCELO-L=130-N=186741-phi=0.08-alpha=1.1-bmax=20-r=0.49-ru=10/config-363.txt.gz,1.1,0.08,63.0
SRRW-MARCELO-L=130-N=186741-phi=0.08-alpha=1.1-bmax=20-r=0.49-ru=10/config-364.txt.gz,1.1,0.08,57.0
SRRW-MARCELO-L=130-N=186741-phi=0.08-alpha=1.1-bmax=20-r=0.49-ru=10/config-365.txt.gz,1.1,0.08,64.0
SRRW-MARCELO-L=130-N=186741-phi=0.08-alpha=1.1-bmax=20-r=0.49-ru=10/config-366.txt.gz,1.1,0.08,51.0
SRRW-MARCELO-L=130-N=186741-phi=0.08-alpha=1.1-bmax=20-r=0.49-ru=10/config-367.txt.gz,1.1,0.08,66.0
SRRW-MARCELO-L=130-N=186741-phi=0.08-alpha=1.1-bmax=20-r=0.49-ru=10/config-368.txt.gz,1.1,0.08,54.0
SRRW-MARCELO-L=130-N=186741-phi=0.08-alpha=1.1-bmax=20-r=0.49-ru=10/config-369.txt.gz,1.1,0.08,62.0
SRRW-MARCELO-L=130-N=186741-phi=0.08-alpha=1.1-bmax=20-r=0.49-ru=10/config-37.txt.gz,1.1,0.08,49.0
SRRW-MARCELO-L=130-N=186741-phi=0.08-alpha=1.1-bmax=20-r=0.49-ru=10/config-370.txt.gz,1.1,0.08,57.0
SRRW-MARCELO-L=130-N=186741-phi=0.08-alpha=1.1-bmax=20-r=0.49-ru=10/config-371.txt.gz,1.1,0.08,55.0
SRRW-MARCELO-L=130-N=186741-phi=0.08-alpha=1.1-bmax=20-r=0.49-ru=10/config-372.txt.gz,1.1,0.08,46.0
SRRW-MARCELO-L=130-N=186741-phi=0.08-alpha=1.1-bmax=20-r=0.49-ru=10/config-373.txt.gz,1.1,0.08,59.0
SRRW-MARCELO-L=130-N=186741-phi=0.08-alpha=1.1-bmax=20-r=0.49-ru=10/config-374.txt.gz,1.1,0.08,57.0
SRRW-MARCELO-L=130-N=186741-phi=0.08-alpha=1.1-bmax=20-r=0.49-ru=10/config-375.txt.gz,1.1,0.08,66.0
SRRW-MARCELO-L=130-N=186741-phi=0.08-alpha=1.1-bmax=20-r=0.49-ru=10/config-376.txt.gz,1.1,0.08,58.0
SRRW-MARCELO-L=130-N=186741-phi=0.08-alpha=1.1-bmax=20-r=0.49-ru=10/config-377.txt.gz,1.1,0.08,57.0
SRRW-MARCELO-L=130-N=186741-phi=0.08-alpha=1.1-bmax=20-r=0.49-ru=10/config-378.txt.gz,1.1,0.08,55.0
SRRW-MARCELO-L=130-N=186741-phi=0.08-alpha=1.1-bmax=20-r=0.49-ru=10/config-379.txt.gz,1.1,0.08,53.0
SRRW-MARCELO-L=130-N=186741-phi=0.08-alpha=1.1-bmax=20-r=0.49-ru=10/config-38.txt.gz,1.1,0.08,65.0
SRRW-MARCELO-L=130-N=186741-phi=0.08-alpha=1.1-bmax=20-r=0.49-ru=10/config-380.txt.gz,1.1,0.08,54.0
SRRW-MARCELO-L=130-N=186741-phi=0.08-alpha=1.1-bmax=20-r=0.49-ru=10/config-381.txt.gz,1.1,0.08,53.0
SRRW-MARCELO-L=130-N=186741-phi=0.08-alpha=1.1-bmax=20-r=0.49-ru=10/config-382.txt.gz,1.1,0.08,54.0
SRRW-MARCELO-L=130-N=186741-phi=0.08-alpha=1.1-bmax=20-r=0.49-ru=10/config-383.txt.gz,1.1,0.08,45.0
SRRW-MARCELO-L=130-N=186741-phi=0.08-alpha=1.1-bmax=20-r=0.49-ru=10/config-384.txt.gz,1.1,0.08,50.0
SRRW-MARCELO-L=130-N=186741-phi=0.08-alpha=1.1-bmax=20-r=0.49-ru=10/config-385.txt.gz,1.1,0.08,58.0
SRRW-MARCELO-L=130-N=186741-phi=0.08-alpha=1.1-bmax=20-r=0.49-ru=10/config-386.txt.gz,1.1,0.08,60.0
SRRW-MARCELO-L=130-N=186741-phi=0.08-alpha=1.1-bmax=20-r=0.49-ru=10/config-387.txt.gz,1.1,0.08,65.0
SRRW-MARCELO-L=130-N=186741-phi=0.08-alpha=1.1-bmax=20-r=0.49-ru=10/config-388.txt.gz,1.1,0.08,61.0
SRRW-MARCELO-L=130-N=186741-phi=0.08-alpha=1.1-bmax=20-r=0.49-ru=10/config-389.txt.gz,1.1,0.08,49.0
SRRW-MARCELO-L=130-N=186741-phi=0.08-alpha=1.1-bmax=20-r=0.49-ru=10/config-39.txt.gz,1.1,0.08,64.0
SRRW-MARCELO-L=130-N=186741-phi=0.08-alpha=1.1-bmax=20-r=0.49-ru=10/config-390.txt.gz,1.1,0.08,37.0
SRRW-MARCELO-L=130-N=186741-phi=0.08-alpha=1.1-bmax=20-r=0.49-ru=10/config-391.txt.gz,1.1,0.08,63.0
SRRW-MARCELO-L=130-N=186741-phi=0.08-alpha=1.1-bmax=20-r=0.49-ru=10/config-392.txt.gz,1.1,0.08,58.0
SRRW-MARCELO-L=130-N=186741-phi=0.08-alpha=1.1-bmax=20-r=0.49-ru=10/config-393.txt.gz,1.1,0.08,50.0
SRRW-MARCELO-L=130-N=186741-phi=0.08-alpha=1.1-bmax=20-r=0.49-ru=10/config-394.txt.gz,1.1,0.08,45.0
SRRW-MARCELO-L=130-N=186741-phi=0.08-alpha=1.1-bmax=20-r=0.49-ru=10/config-395.txt.gz,1.1,0.08,68.0
SRRW-MARCELO-L=130-N=186741-phi=0.08-alpha=1.1-bmax=20-r=0.49-ru=10/config-396.txt.gz,1.1,0.08,61.0
SRRW-MARCELO-L=130-N=186741-phi=0.08-alpha=1.1-bmax=20-r=0.49-ru=10/config-397.txt.gz,1.1,0.08,44.0
SRRW-MARCELO-L=130-N=186741-phi=0.08-alpha=1.1-bmax=20-r=0.49-ru=10/config-398.txt.gz,1.1,0.08,66.0
SRRW-MARCELO-L=130-N=186741-phi=0.08-alpha=1.1-bmax=20-r=0.49-ru=10/config-399.txt.gz,1.1,0.08,68.0
SRRW-MARCELO-L=130-N=186741-phi=0.08-alpha=1.1-bmax=20-r=0.49-ru=10/config-4.txt.gz,1.1,0.08,52.0
SRRW-MARCELO-L=130-N=186741-phi=0.08-alpha=1.1-bmax=20-r=0.49-ru=10/config-40.txt.gz,1.1,0.08,72.0
SRRW-MARCELO-L=130-N=186741-phi=0.08-alpha=1.1-bmax=20-r=0.49-ru=10/config-400.txt.gz,1.1,0.08,51.0
SRRW-MARCELO-L=130-N=186741-phi=0.08-alpha=1.1-bmax=20-r=0.49-ru=10/config-401.txt.gz,1.1,0.08,59.0
SRRW-MARCELO-L=130-N=186741-phi=0.08-alpha=1.1-bmax=20-r=0.49-ru=10/config-402.txt.gz,1.1,0.08,60.0
SRRW-MARCELO-L=130-N=186741-phi=0.08-alpha=1.1-bmax=20-r=0.49-ru=10/config-403.txt.gz,1.1,0.08,53.0
SRRW-MARCELO-L=130-N=186741-phi=0.08-alpha=1.1-bmax=20-r=0.49-ru=10/config-404.txt.gz,1.1,0.08,72.0
SRRW-MARCELO-L=130-N=186741-phi=0.08-alpha=1.1-bmax=20-r=0.49-ru=10/config-405.txt.gz,1.1,0.08,56.0
SRRW-MARCELO-L=130-N=186741-phi=0.08-alpha=1.1-bmax=20-r=0.49-ru=10/config-406.txt.gz,1.1,0.08,62.0
SRRW-MARCELO-L=130-N=186741-phi=0.08-alpha=1.1-bmax=20-r=0.49-ru=10/config-407.txt.gz,1.1,0.08,50.0
SRRW-MARCELO-L=130-N=186741-phi=0.08-alpha=1.1-bmax=20-r=0.49-ru=10/config-408.txt.gz,1.1,0.08,58.0
SRRW-MARCELO-L=130-N=186741-phi=0.08-alpha=1.1-bmax=20-r=0.49-ru=10/config-409.txt.gz,1.1,0.08,69.0
SRRW-MARCELO-L=130-N=186741-phi=0.08-alpha=1.1-bmax=20-r=0.49-ru=10/config-41.txt.gz,1.1,0.08,67.0
SRRW-MARCELO-L=130-N=186741-phi=0.08-alpha=1.1-bmax=20-r=0.49-ru=10/config-410.txt.gz,1.1,0.08,56.0
SRRW-MARCELO-L=130-N=186741-phi=0.08-alpha=1.1-bmax=20-r=0.49-ru=10/config-411.txt.gz,1.1,0.08,44.0
SRRW-MARCELO-L=130-N=186741-phi=0.08-alpha=1.1-bmax=20-r=0.49-ru=10/config-412.txt.gz,1.1,0.08,55.0
SRRW-MARCELO-L=130-N=186741-phi=0.08-alpha=1.1-bmax=20-r=0.49-ru=10/config-413.txt.gz,1.1,0.08,63.0
SRRW-MARCELO-L=130-N=186741-phi=0.08-alpha=1.1-bmax=20-r=0.49-ru=10/config-414.txt.gz,1.1,0.08,46.0
SRRW-MARCELO-L=130-N=186741-phi=0.08-alpha=1.1-bmax=20-r=0.49-ru=10/config-415.txt.gz,1.1,0.08,62.0
SRRW-MARCELO-L=130-N=186741-phi=0.08-alpha=1.1-bmax=20-r=0.49-ru=10/config-416.txt.gz,1.1,0.08,33.0
SRRW-MARCELO-L=130-N=186741-phi=0.08-alpha=1.1-bmax=20-r=0.49-ru=10/config-417.txt.gz,1.1,0.08,58.0
SRRW-MARCELO-L=130-N=186741-phi=0.08-alpha=1.1-bmax=20-r=0.49-ru=10/config-418.txt.gz,1.1,0.08,39.0
SRRW-MARCELO-L=130-N=186741-phi=0.08-alpha=1.1-bmax=20-r=0.49-ru=10/config-419.txt.gz,1.1,0.08,57.0
SRRW-MARCELO-L=130-N=186741-phi=0.08-alpha=1.1-bmax=20-r=0.49-ru=10/config-42.txt.gz,1.1,0.08,56.0
SRRW-MARCELO-L=130-N=186741-phi=0.08-alpha=1.1-bmax=20-r=0.49-ru=10/config-420.txt.gz,1.1,0.08,50.0
SRRW-MARCELO-L=130-N=186741-phi=0.08-alpha=1.1-bmax=20-r=0.49-ru=10/config-421.txt.gz,1.1,0.08,52.0
SRRW-MARCELO-L=130-N=186741-phi=0.08-alpha=1.1-bmax=20-r=0.49-ru=10/config-422.txt.gz,1.1,0.08,48.0
SRRW-MARCELO-L=130-N=186741-phi=0.08-alpha=1.1-bmax=20-r=0.49-ru=10/config-423.txt.gz,1.1,0.08,39.0
SRRW-MARCELO-L=130-N=186741-phi=0.08-alpha=1.1-bmax=20-r=0.49-ru=10/config-424.txt.gz,1.1,0.08,46.0
SRRW-MARCELO-L=130-N=186741-phi=0.08-alpha=1.1-bmax=20-r=0.49-ru=10/config-425.txt.gz,1.1,0.08,46.0
SRRW-MARCELO-L=130-N=186741-phi=0.08-alpha=1.1-bmax=20-r=0.49-ru=10/config-426.txt.gz,1.1,0.08,48.0
SRRW-MARCELO-L=130-N=186741-phi=0.08-alpha=1.1-bmax=20-r=0.49-ru=10/config-427.txt.gz,1.1,0.08,68.0
SRRW-MARCELO-L=130-N=186741-phi=0.08-alpha=1.1-bmax=20-r=0.49-ru=10/config-428.txt.gz,1.1,0.08,41.0
SRRW-MARCELO-L=130-N=186741-phi=0.08-alpha=1.1-bmax=20-r=0.49-ru=10/config-429.txt.gz,1.1,0.08,69.0
SRRW-MARCELO-L=130-N=186741-phi=0.08-alpha=1.1-bmax=20-r=0.49-ru=10/config-43.txt.gz,1.1,0.08,70.0
SRRW-MARCELO-L=130-N=186741-phi=0.08-alpha=1.1-bmax=20-r=0.49-ru=10/config-430.txt.gz,1.1,0.08,49.0
SRRW-MARCELO-L=130-N=186741-phi=0.08-alpha=1.1-bmax=20-r=0.49-ru=10/config-431.txt.gz,1.1,0.08,48.0
SRRW-MARCELO-L=130-N=186741-phi=0.08-alpha=1.1-bmax=20-r=0.49-ru=10/config-432.txt.gz,1.1,0.08,45.0
SRRW-MARCELO-L=130-N=186741-phi=0.08-alpha=1.1-bmax=20-r=0.49-ru=10/config-433.txt.gz,1.1,0.08,51.0
SRRW-MARCELO-L=130-N=186741-phi=0.08-alpha=1.1-bmax=20-r=0.49-ru=10/config-434.txt.gz,1.1,0.08,72.0
SRRW-MARCELO-L=130-N=186741-phi=0.08-alpha=1.1-bmax=20-r=0.49-ru=10/config-435.txt.gz,1.1,0.08,61.0
SRRW-MARCELO-L=130-N=186741-phi=0.08-alpha=1.1-bmax=20-r=0.49-ru=10/config-436.txt.gz,1.1,0.08,59.0
SRRW-MARCELO-L=130-N=186741-phi=0.08-alpha=1.1-bmax=20-r=0.49-ru=10/config-437.txt.gz,1.1,0.08,51.0
SRRW-MARCELO-L=130-N=186741-phi=0.08-alpha=1.1-bmax=20-r=0.49-ru=10/config-438.txt.gz,1.1,0.08,55.0
SRRW-MARCELO-L=130-N=186741-phi=0.08-alpha=1.1-bmax=20-r=0.49-ru=10/config-439.txt.gz,1.1,0.08,56.0
SRRW-MARCELO-L=130-N=186741-phi=0.08-alpha=1.1-bmax=20-r=0.49-ru=10/config-44.txt.gz,1.1,0.08,64.0
SRRW-MARCELO-L=130-N=186741-phi=0.08-alpha=1.1-bmax=20-r=0.49-ru=10/config-440.txt.gz,1.1,0.08,68.0
SRRW-MARCELO-L=130-N=186741-phi=0.08-alpha=1.1-bmax=20-r=0.49-ru=10/config-441.txt.gz,1.1,0.08,52.0
SRRW-MARCELO-L=130-N=186741-phi=0.08-alpha=1.1-bmax=20-r=0.49-ru=10/config-442.txt.gz,1.1,0.08,58.0
SRRW-MARCELO-L=130-N=186741-phi=0.08-alpha=1.1-bmax=20-r=0.49-ru=10/config-443.txt.gz,1.1,0.08,64.0
SRRW-MARCELO-L=130-N=186741-phi=0.08-alpha=1.1-bmax=20-r=0.49-ru=10/config-444.txt.gz,1.1,0.08,49.0
SRRW-MARCELO-L=130-N=186741-phi=0.08-alpha=1.1-bmax=20-r=0.49-ru=10/config-445.txt.gz,1.1,0.08,46.0
SRRW-MARCELO-L=130-N=186741-phi=0.08-alpha=1.1-bmax=20-r=0.49-ru=10/config-446.txt.gz,1.1,0.08,48.0
SRRW-MARCELO-L=130-N=186741-phi=0.08-alpha=1.1-bmax=20-r=0.49-ru=10/config-447.txt.gz,1.1,0.08,59.0
SRRW-MARCELO-L=130-N=186741-phi=0.08-alpha=1.1-bmax=20-r=0.49-ru=10/config-448.txt.gz,1.1,0.08,54.0
SRRW-MARCELO-L=130-N=186741-phi=0.08-alpha=1.1-bmax=20-r=0.49-ru=10/config-449.txt.gz,1.1,0.08,41.0
SRRW-MARCELO-L=130-N=186741-phi=0.08-alpha=1.1-bmax=20-r=0.49-ru=10/config-45.txt.gz,1.1,0.08,63.0
SRRW-MARCELO-L=130-N=186741-phi=0.08-alpha=1.1-bmax=20-r=0.49-ru=10/config-450.txt.gz,1.1,0.08,52.0
SRRW-MARCELO-L=130-N=186741-phi=0.08-alpha=1.1-bmax=20-r=0.49-ru=10/config-451.txt.gz,1.1,0.08,49.0
SRRW-MARCELO-L=130-N=186741-phi=0.08-alpha=1.1-bmax=20-r=0.49-ru=10/config-452.txt.gz,1.1,0.08,47.0
SRRW-MARCELO-L=130-N=186741-phi=0.08-alpha=1.1-bmax=20-r=0.49-ru=10/config-453.txt.gz,1.1,0.08,53.0
SRRW-MARCELO-L=130-N=186741-phi=0.08-alpha=1.1-bmax=20-r=0.49-ru=10/config-454.txt.gz,1.1,0.08,48.0
SRRW-MARCELO-L=130-N=186741-phi=0.08-alpha=1.1-bmax=20-r=0.49-ru=10/config-455.txt.gz,1.1,0.08,53.0
SRRW-MARCELO-L=130-N=186741-phi=0.08-alpha=1.1-bmax=20-r=0.49-ru=10/config-456.txt.gz,1.1,0.08,65.0
SRRW-MARCELO-L=130-N=186741-phi=0.08-alpha=1.1-bmax=20-r=0.49-ru=10/config-457.txt.gz,1.1,0.08,47.0
SRRW-MARCELO-L=130-N=186741-phi=0.08-alpha=1.1-bmax=20-r=0.49-ru=10/config-458.txt.gz,1.1,0.08,52.0
SRRW-MARCELO-L=130-N=186741-phi=0.08-alpha=1.1-bmax=20-r=0.49-ru=10/config-459.txt.gz,1.1,0.08,47.0
SRRW-MARCELO-L=130-N=186741-phi=0.08-alpha=1.1-bmax=20-r=0.49-ru=10/config-46.txt.gz,1.1,0.08,42.0
SRRW-MARCELO-L=130-N=186741-phi=0.08-alpha=1.1-bmax=20-r=0.49-ru=10/config-460.txt.gz,1.1,0.08,61.0
SRRW-MARCELO-L=130-N=186741-phi=0.08-alpha=1.1-bmax=20-r=0.49-ru=10/config-461.txt.gz,1.1,0.08,66.0
SRRW-MARCELO-L=130-N=186741-phi=0.08-alpha=1.1-bmax=20-r=0.49-ru=10/config-462.txt.gz,1.1,0.08,64.0
SRRW-MARCELO-L=130-N=186741-phi=0.08-alpha=1.1-bmax=20-r=0.49-ru=10/config-463.txt.gz,1.1,0.08,39.0
SRRW-MARCELO-L=130-N=186741-phi=0.08-alpha=1.1-bmax=20-r=0.49-ru=10/config-464.txt.gz,1.1,0.08,77.0
SRRW-MARCELO-L=130-N=186741-phi=0.08-alpha=1.1-bmax=20-r=0.49-ru=10/config-465.txt.gz,1.1,0.08,64.0
SRRW-MARCELO-L=130-N=186741-phi=0.08-alpha=1.1-bmax=20-r=0.49-ru=10/config-466.txt.gz,1.1,0.08,43.0
SRRW-MARCELO-L=130-N=186741-phi=0.08-alpha=1.1-bmax=20-r=0.49-ru=10/config-467.txt.gz,1.1,0.08,61.0
SRRW-MARCELO-L=130-N=186741-phi=0.08-alpha=1.1-bmax=20-r=0.49-ru=10/config-468.txt.gz,1.1,0.08,45.0
SRRW-MARCELO-L=130-N=186741-phi=0.08-alpha=1.1-bmax=20-r=0.49-ru=10/config-469.txt.gz,1.1,0.08,52.0
SRRW-MARCELO-L=130-N=186741-phi=0.08-alpha=1.1-bmax=20-r=0.49-ru=10/config-47.txt.gz,1.1,0.08,66.0
SRRW-MARCELO-L=130-N=186741-phi=0.08-alpha=1.1-bmax=20-r=0.49-ru=10/config-470.txt.gz,1.1,0.08,67.0
SRRW-MARCELO-L=130-N=186741-phi=0.08-alpha=1.1-bmax=20-r=0.49-ru=10/config-471.txt.gz,1.1,0.08,72.0
SRRW-MARCELO-L=130-N=186741-phi=0.08-alpha=1.1-bmax=20-r=0.49-ru=10/config-472.txt.gz,1.1,0.08,55.0
SRRW-MARCELO-L=130-N=186741-phi=0.08-alpha=1.1-bmax=20-r=0.49-ru=10/config-473.txt.gz,1.1,0.08,55.0
SRRW-MARCELO-L=130-N=186741-phi=0.08-alpha=1.1-bmax=20-r=0.49-ru=10/config-474.txt.gz,1.1,0.08,42.0
SRRW-MARCELO-L=130-N=186741-phi=0.08-alpha=1.1-bmax=20-r=0.49-ru=10/config-475.txt.gz,1.1,0.08,57.0
SRRW-MARCELO-L=130-N=186741-phi=0.08-alpha=1.1-bmax=20-r=0.49-ru=10/config-476.txt.gz,1.1,0.08,35.0
SRRW-MARCELO-L=130-N=186741-phi=0.08-alpha=1.1-bmax=20-r=0.49-ru=10/config-477.txt.gz,1.1,0.08,59.0
SRRW-MARCELO-L=130-N=186741-phi=0.08-alpha=1.1-bmax=20-r=0.49-ru=10/config-478.txt.gz,1.1,0.08,72.0
SRRW-MARCELO-L=130-N=186741-phi=0.08-alpha=1.1-bmax=20-r=0.49-ru=10/config-479.txt.gz,1.1,0.08,56.0
SRRW-MARCELO-L=130-N=186741-phi=0.08-alpha=1.1-bmax=20-r=0.49-ru=10/config-48.txt.gz,1.1,0.08,60.0
SRRW-MARCELO-L=130-N=186741-phi=0.08-alpha=1.1-bmax=20-r=0.49-ru=10/config-480.txt.gz,1.1,0.08,32.0
SRRW-MARCELO-L=130-N=186741-phi=0.08-alpha=1.1-bmax=20-r=0.49-ru=10/config-481.txt.gz,1.1,0.08,43.0
SRRW-MARCELO-L=130-N=186741-phi=0.08-alpha=1.1-bmax=20-r=0.49-ru=10/config-482.txt.gz,1.1,0.08,53.0
SRRW-MARCELO-L=130-N=186741-phi=0.08-alpha=1.1-bmax=20-r=0.49-ru=10/config-483.txt.gz,1.1,0.08,44.0
SRRW-MARCELO-L=130-N=186741-phi=0.08-alpha=1.1-bmax=20-r=0.49-ru=10/config-484.txt.gz,1.1,0.08,64.0
SRRW-MARCELO-L=130-N=186741-phi=0.08-alpha=1.1-bmax=20-r=0.49-ru=10/config-485.txt.gz,1.1,0.08,61.0
SRRW-MARCELO-L=130-N=186741-phi=0.08-alpha=1.1-bmax=20-r=0.49-ru=10/config-486.txt.gz,1.1,0.08,52.0
SRRW-MARCELO-L=130-N=186741-phi=0.08-alpha=1.1-bmax=20-r=0.49-ru=10/config-487.txt.gz,1.1,0.08,49.0
SRRW-MARCELO-L=130-N=186741-phi=0.08-alpha=1.1-bmax=20-r=0.49-ru=10/config-488.txt.gz,1.1,0.08,38.0
SRRW-MARCELO-L=130-N=186741-phi=0.08-alpha=1.1-bmax=20-r=0.49-ru=10/config-489.txt.gz,1.1,0.08,49.0
SRRW-MARCELO-L=130-N=186741-phi=0.08-alpha=1.1-bmax=20-r=0.49-ru=10/config-49.txt.gz,1.1,0.08,51.0
SRRW-MARCELO-L=130-N=186741-phi=0.08-alpha=1.1-bmax=20-r=0.49-ru=10/config-490.txt.gz,1.1,0.08,58.0
SRRW-MARCELO-L=130-N=186741-phi=0.08-alpha=1.1-bmax=20-r=0.49-ru=10/config-491.txt.gz,1.1,0.08,53.0
SRRW-MARCELO-L=130-N=186741-phi=0.08-alpha=1.1-bmax=20-r=0.49-ru=10/config-492.txt.gz,1.1,0.08,54.0
SRRW-MARCELO-L=130-N=186741-phi=0.08-alpha=1.1-bmax=20-r=0.49-ru=10/config-493.txt.gz,1.1,0.08,67.0
SRRW-MARCELO-L=130-N=186741-phi=0.08-alpha=1.1-bmax=20-r=0.49-ru=10/config-494.txt.gz,1.1,0.08,74.0
SRRW-MARCELO-L=130-N=186741-phi=0.08-alpha=1.1-bmax=20-r=0.49-ru=10/config-495.txt.gz,1.1,0.08,76.0
SRRW-MARCELO-L=130-N=186741-phi=0.08-alpha=1.1-bmax=20-r=0.49-ru=10/config-496.txt.gz,1.1,0.08,48.0
SRRW-MARCELO-L=130-N=186741-phi=0.08-alpha=1.1-bmax=20-r=0.49-ru=10/config-497.txt.gz,1.1,0.08,49.0
SRRW-MARCELO-L=130-N=186741-phi=0.08-alpha=1.1-bmax=20-r=0.49-ru=10/config-498.txt.gz,1.1,0.08,51.0
SRRW-MARCELO-L=130-N=186741-phi=0.08-alpha=1.1-bmax=20-r=0.49-ru=10/config-499.txt.gz,1.1,0.08,58.0
SRRW-MARCELO-L=130-N=186741-phi=0.08-alpha=1.1-bmax=20-r=0.49-ru=10/config-5.txt.gz,1.1,0.08,53.0
SRRW-MARCELO-L=130-N=186741-phi=0.08-alpha=1.1-bmax=20-r=0.49-ru=10/config-50.txt.gz,1.1,0.08,47.0
SRRW-MARCELO-L=130-N=186741-phi=0.08-alpha=1.1-bmax=20-r=0.49-ru=10/config-500.txt.gz,1.1,0.08,52.0
SRRW-MARCELO-L=130-N=186741-phi=0.08-alpha=1.1-bmax=20-r=0.49-ru=10/config-501.txt.gz,1.1,0.08,57.0
SRRW-MARCELO-L=130-N=186741-phi=0.08-alpha=1.1-bmax=20-r=0.49-ru=10/config-502.txt.gz,1.1,0.08,49.0
SRRW-MARCELO-L=130-N=186741-phi=0.08-alpha=1.1-bmax=20-r=0.49-ru=10/config-503.txt.gz,1.1,0.08,50.0
SRRW-MARCELO-L=130-N=186741-phi=0.08-alpha=1.1-bmax=20-r=0.49-ru=10/config-504.txt.gz,1.1,0.08,66.0
SRRW-MARCELO-L=130-N=186741-phi=0.08-alpha=1.1-bmax=20-r=0.49-ru=10/config-505.txt.gz,1.1,0.08,58.0
SRRW-MARCELO-L=130-N=186741-phi=0.08-alpha=1.1-bmax=20-r=0.49-ru=10/config-506.txt.gz,1.1,0.08,52.0
SRRW-MARCELO-L=130-N=186741-phi=0.08-alpha=1.1-bmax=20-r=0.49-ru=10/config-507.txt.gz,1.1,0.08,54.0
SRRW-MARCELO-L=130-N=186741-phi=0.08-alpha=1.1-bmax=20-r=0.49-ru=10/config-508.txt.gz,1.1,0.08,58.0
SRRW-MARCELO-L=130-N=186741-phi=0.08-alpha=1.1-bmax=20-r=0.49-ru=10/config-509.txt.gz,1.1,0.08,41.0
SRRW-MARCELO-L=130-N=186741-phi=0.08-alpha=1.1-bmax=20-r=0.49-ru=10/config-51.txt.gz,1.1,0.08,34.0
SRRW-MARCELO-L=130-N=186741-phi=0.08-alpha=1.1-bmax=20-r=0.49-ru=10/config-510.txt.gz,1.1,0.08,47.0
SRRW-MARCELO-L=130-N=186741-phi=0.08-alpha=1.1-bmax=20-r=0.49-ru=10/config-511.txt.gz,1.1,0.08,47.0
SRRW-MARCELO-L=130-N=186741-phi=0.08-alpha=1.1-bmax=20-r=0.49-ru=10/config-512.txt.gz,1.1,0.08,48.0
SRRW-MARCELO-L=130-N=186741-phi=0.08-alpha=1.1-bmax=20-r=0.49-ru=10/config-513.txt.gz,1.1,0.08,47.0
SRRW-MARCELO-L=130-N=186741-phi=0.08-alpha=1.1-bmax=20-r=0.49-ru=10/config-514.txt.gz,1.1,0.08,60.0
SRRW-MARCELO-L=130-N=186741-phi=0.08-alpha=1.1-bmax=20-r=0.49-ru=10/config-515.txt.gz,1.1,0.08,50.0
SRRW-MARCELO-L=130-N=186741-phi=0.08-alpha=1.1-bmax=20-r=0.49-ru=10/config-516.txt.gz,1.1,0.08,51.0
SRRW-MARCELO-L=130-N=186741-phi=0.08-alpha=1.1-bmax=20-r=0.49-ru=10/config-517.txt.gz,1.1,0.08,50.0
SRRW-MARCELO-L=130-N=186741-phi=0.08-alpha=1.1-bmax=20-r=0.49-ru=10/config-518.txt.gz,1.1,0.08,52.0
SRRW-MARCELO-L=130-N=186741-phi=0.08-alpha=1.1-bmax=20-r=0.49-ru=10/config-519.txt.gz,1.1,0.08,61.0
SRRW-MARCELO-L=130-N=186741-phi=0.08-alpha=1.1-bmax=20-r=0.49-ru=10/config-52.txt.gz,1.1,0.08,57.0
SRRW-MARCELO-L=130-N=186741-phi=0.08-alpha=1.1-bmax=20-r=0.49-ru=10/config-520.txt.gz,1.1,0.08,48.0
SRRW-MARCELO-L=130-N=186741-phi=0.08-alpha=1.1-bmax=20-r=0.49-ru=10/config-521.txt.gz,1.1,0.08,54.0
SRRW-MARCELO-L=130-N=186741-phi=0.08-alpha=1.1-bmax=20-r=0.49-ru=10/config-522.txt.gz,1.1,0.08,69.0
SRRW-MARCELO-L=130-N=186741-phi=0.08-alpha=1.1-bmax=20-r=0.49-ru=10/config-523.txt.gz,1.1,0.08,54.0
SRRW-MARCELO-L=130-N=186741-phi=0.08-alpha=1.1-bmax=20-r=0.49-ru=10/config-524.txt.gz,1.1,0.08,52.0
SRRW-MARCELO-L=130-N=186741-phi=0.08-alpha=1.1-bmax=20-r=0.49-ru=10/config-525.txt.gz,1.1,0.08,53.0
SRRW-MARCELO-L=130-N=186741-phi=0.08-alpha=1.1-bmax=20-r=0.49-ru=10/config-526.txt.gz,1.1,0.08,57.0
SRRW-MARCELO-L=130-N=186741-phi=0.08-alpha=1.1-bmax=20-r=0.49-ru=10/config-527.txt.gz,1.1,0.08,53.0
SRRW-MARCELO-L=130-N=186741-phi=0.08-alpha=1.1-bmax=20-r=0.49-ru=10/config-528.txt.gz,1.1,0.08,60.0
SRRW-MARCELO-L=130-N=186741-phi=0.08-alpha=1.1-bmax=20-r=0.49-ru=10/config-529.txt.gz,1.1,0.08,54.0
SRRW-MARCELO-L=130-N=186741-phi=0.08-alpha=1.1-bmax=20-r=0.49-ru=10/config-53.txt.gz,1.1,0.08,68.0
SRRW-MARCELO-L=130-N=186741-phi=0.08-alpha=1.1-bmax=20-r=0.49-ru=10/config-530.txt.gz,1.1,0.08,59.0
SRRW-MARCELO-L=130-N=186741-phi=0.08-alpha=1.1-bmax=20-r=0.49-ru=10/config-531.txt.gz,1.1,0.08,54.0
SRRW-MARCELO-L=130-N=186741-phi=0.08-alpha=1.1-bmax=20-r=0.49-ru=10/config-532.txt.gz,1.1,0.08,58.0
SRRW-MARCELO-L=130-N=186741-phi=0.08-alpha=1.1-bmax=20-r=0.49-ru=10/config-533.txt.gz,1.1,0.08,43.0
SRRW-MARCELO-L=130-N=186741-phi=0.08-alpha=1.1-bmax=20-r=0.49-ru=10/config-534.txt.gz,1.1,0.08,33.0
SRRW-MARCELO-L=130-N=186741-phi=0.08-alpha=1.1-bmax=20-r=0.49-ru=10/config-535.txt.gz,1.1,0.08,65.0
SRRW-MARCELO-L=130-N=186741-phi=0.08-alpha=1.1-bmax=20-r=0.49-ru=10/config-536.txt.gz,1.1,0.08,57.0
SRRW-MARCELO-L=130-N=186741-phi=0.08-alpha=1.1-bmax=20-r=0.49-ru=10/config-537.txt.gz,1.1,0.08,47.0
SRRW-MARCELO-L=130-N=186741-phi=0.08-alpha=1.1-bmax=20-r=0.49-ru=10/config-538.txt.gz,1.1,0.08,27.0
SRRW-MARCELO-L=130-N=186741-phi=0.08-alpha=1.1-bmax=20-r=0.49-ru=10/config-539.txt.gz,1.1,0.08,48.0
SRRW-MARCELO-L=130-N=186741-phi=0.08-alpha=1.1-bmax=20-r=0.49-ru=10/config-54.txt.gz,1.1,0.08,35.0
SRRW-MARCELO-L=130-N=186741-phi=0.08-alpha=1.1-bmax=20-r=0.49-ru=10/config-540.txt.gz,1.1,0.08,58.0
SRRW-MARCELO-L=130-N=186741-phi=0.08-alpha=1.1-bmax=20-r=0.49-ru=10/config-541.txt.gz,1.1,0.08,56.0
SRRW-MARCELO-L=130-N=186741-phi=0.08-alpha=1.1-bmax=20-r=0.49-ru=10/config-542.txt.gz,1.1,0.08,57.0
SRRW-MARCELO-L=130-N=186741-phi=0.08-alpha=1.1-bmax=20-r=0.49-ru=10/config-543.txt.gz,1.1,0.08,51.0
SRRW-MARCELO-L=130-N=186741-phi=0.08-alpha=1.1-bmax=20-r=0.49-ru=10/config-544.txt.gz,1.1,0.08,72.0
SRRW-MARCELO-L=130-N=186741-phi=0.08-alpha=1.1-bmax=20-r=0.49-ru=10/config-545.txt.gz,1.1,0.08,50.0
SRRW-MARCELO-L=130-N=186741-phi=0.08-alpha=1.1-bmax=20-r=0.49-ru=10/config-546.txt.gz,1.1,0.08,37.0
SRRW-MARCELO-L=130-N=186741-phi=0.08-alpha=1.1-bmax=20-r=0.49-ru=10/config-547.txt.gz,1.1,0.08,56.0
SRRW-MARCELO-L=130-N=186741-phi=0.08-alpha=1.1-bmax=20-r=0.49-ru=10/config-548.txt.gz,1.1,0.08,38.0
SRRW-MARCELO-L=130-N=186741-phi=0.08-alpha=1.1-bmax=20-r=0.49-ru=10/config-549.txt.gz,1.1,0.08,46.0
SRRW-MARCELO-L=130-N=186741-phi=0.08-alpha=1.1-bmax=20-r=0.49-ru=10/config-55.txt.gz,1.1,0.08,58.0
SRRW-MARCELO-L=130-N=186741-phi=0.08-alpha=1.1-bmax=20-r=0.49-ru=10/config-550.txt.gz,1.1,0.08,33.0
SRRW-MARCELO-L=130-N=186741-phi=0.08-alpha=1.1-bmax=20-r=0.49-ru=10/config-551.txt.gz,1.1,0.08,49.0
SRRW-MARCELO-L=130-N=186741-phi=0.08-alpha=1.1-bmax=20-r=0.49-ru=10/config-552.txt.gz,1.1,0.08,66.0
SRRW-MARCELO-L=130-N=186741-phi=0.08-alpha=1.1-bmax=20-r=0.49-ru=10/config-553.txt.gz,1.1,0.08,45.0
SRRW-MARCELO-L=130-N=186741-phi=0.08-alpha=1.1-bmax=20-r=0.49-ru=10/config-554.txt.gz,1.1,0.08,51.0
SRRW-MARCELO-L=130-N=186741-phi=0.08-alpha=1.1-bmax=20-r=0.49-ru=10/config-555.txt.gz,1.1,0.08,63.0
SRRW-MARCELO-L=130-N=186741-phi=0.08-alpha=1.1-bmax=20-r=0.49-ru=10/config-556.txt.gz,1.1,0.08,54.0
SRRW-MARCELO-L=130-N=186741-phi=0.08-alpha=1.1-bmax=20-r=0.49-ru=10/config-557.txt.gz,1.1,0.08,38.0
SRRW-MARCELO-L=130-N=186741-phi=0.08-alpha=1.1-bmax=20-r=0.49-ru=10/config-558.txt.gz,1.1,0.08,61.0
SRRW-MARCELO-L=130-N=186741-phi=0.08-alpha=1.1-bmax=20-r=0.49-ru=10/config-559.txt.gz,1.1,0.08,44.0
SRRW-MARCELO-L=130-N=186741-phi=0.08-alpha=1.1-bmax=20-r=0.49-ru=10/config-56.txt.gz,1.1,0.08,45.0
SRRW-MARCELO-L=130-N=186741-phi=0.08-alpha=1.1-bmax=20-r=0.49-ru=10/config-560.txt.gz,1.1,0.08,41.0
SRRW-MARCELO-L=130-N=186741-phi=0.08-alpha=1.1-bmax=20-r=0.49-ru=10/config-561.txt.gz,1.1,0.08,42.0
SRRW-MARCELO-L=130-N=186741-phi=0.08-alpha=1.1-bmax=20-r=0.49-ru=10/config-562.txt.gz,1.1,0.08,64.0
SRRW-MARCELO-L=130-N=186741-phi=0.08-alpha=1.1-bmax=20-r=0.49-ru=10/config-563.txt.gz,1.1,0.08,52.0
SRRW-MARCELO-L=130-N=186741-phi=0.08-alpha=1.1-bmax=20-r=0.49-ru=10/config-564.txt.gz,1.1,0.08,61.0
SRRW-MARCELO-L=130-N=186741-phi=0.08-alpha=1.1-bmax=20-r=0.49-ru=10/config-565.txt.gz,1.1,0.08,64.0
SRRW-MARCELO-L=130-N=186741-phi=0.08-alpha=1.1-bmax=20-r=0.49-ru=10/config-566.txt.gz,1.1,0.08,55.0
SRRW-MARCELO-L=130-N=186741-phi=0.08-alpha=1.1-bmax=20-r=0.49-ru=10/config-567.txt.gz,1.1,0.08,60.0
SRRW-MARCELO-L=130-N=186741-phi=0.08-alpha=1.1-bmax=20-r=0.49-ru=10/config-568.txt.gz,1.1,0.08,39.0
SRRW-MARCELO-L=130-N=186741-phi=0.08-alpha=1.1-bmax=20-r=0.49-ru=10/config-569.txt.gz,1.1,0.08,56.0
SRRW-MARCELO-L=130-N=186741-phi=0.08-alpha=1.1-bmax=20-r=0.49-ru=10/config-57.txt.gz,1.1,0.08,60.0
SRRW-MARCELO-L=130-N=186741-phi=0.08-alpha=1.1-bmax=20-r=0.49-ru=10/config-570.txt.gz,1.1,0.08,70.0
SRRW-MARCELO-L=130-N=186741-phi=0.08-alpha=1.1-bmax=20-r=0.49-ru=10/config-571.txt.gz,1.1,0.08,55.0
SRRW-MARCELO-L=130-N=186741-phi=0.08-alpha=1.1-bmax=20-r=0.49-ru=10/config-572.txt.gz,1.1,0.08,61.0
SRRW-MARCELO-L=130-N=186741-phi=0.08-alpha=1.1-bmax=20-r=0.49-ru=10/config-573.txt.gz,1.1,0.08,59.0
SRRW-MARCELO-L=130-N=186741-phi=0.08-alpha=1.1-bmax=20-r=0.49-ru=10/config-574.txt.gz,1.1,0.08,57.0
SRRW-MARCELO-L=130-N=186741-phi=0.08-alpha=1.1-bmax=20-r=0.49-ru=10/config-575.txt.gz,1.1,0.08,53.0
SRRW-MARCELO-L=130-N=186741-phi=0.08-alpha=1.1-bmax=20-r=0.49-ru=10/config-576.txt.gz,1.1,0.08,57.0
SRRW-MARCELO-L=130-N=186741-phi=0.08-alpha=1.1-bmax=20-r=0.49-ru=10/config-577.txt.gz,1.1,0.08,59.0
SRRW-MARCELO-L=130-N=186741-phi=0.08-alpha=1.1-bmax=20-r=0.49-ru=10/config-578.txt.gz,1.1,0.08,49.0
SRRW-MARCELO-L=130-N=186741-phi=0.08-alpha=1.1-bmax=20-r=0.49-ru=10/config-579.txt.gz,1.1,0.08,42.0
SRRW-MARCELO-L=130-N=186741-phi=0.08-alpha=1.1-bmax=20-r=0.49-ru=10/config-58.txt.gz,1.1,0.08,42.0
SRRW-MARCELO-L=130-N=186741-phi=0.08-alpha=1.1-bmax=20-r=0.49-ru=10/config-580.txt.gz,1.1,0.08,38.0
SRRW-MARCELO-L=130-N=186741-phi=0.08-alpha=1.1-bmax=20-r=0.49-ru=10/config-581.txt.gz,1.1,0.08,46.0
SRRW-MARCELO-L=130-N=186741-phi=0.08-alpha=1.1-bmax=20-r=0.49-ru=10/config-582.txt.gz,1.1,0.08,34.0
SRRW-MARCELO-L=130-N=186741-phi=0.08-alpha=1.1-bmax=20-r=0.49-ru=10/config-583.txt.gz,1.1,0.08,69.0
SRRW-MARCELO-L=130-N=186741-phi=0.08-alpha=1.1-bmax=20-r=0.49-ru=10/config-584.txt.gz,1.1,0.08,42.0
SRRW-MARCELO-L=130-N=186741-phi=0.08-alpha=1.1-bmax=20-r=0.49-ru=10/config-585.txt.gz,1.1,0.08,61.0
SRRW-MARCELO-L=130-N=186741-phi=0.08-alpha=1.1-bmax=20-r=0.49-ru=10/config-586.txt.gz,1.1,0.08,43.0
SRRW-MARCELO-L=130-N=186741-phi=0.08-alpha=1.1-bmax=20-r=0.49-ru=10/config-587.txt.gz,1.1,0.08,46.0
SRRW-MARCELO-L=130-N=186741-phi=0.08-alpha=1.1-bmax=20-r=0.49-ru=10/config-588.txt.gz,1.1,0.08,49.0
SRRW-MARCELO-L=130-N=186741-phi=0.08-alpha=1.1-bmax=20-r=0.49-ru=10/config-589.txt.gz,1.1,0.08,60.0
SRRW-MARCELO-L=130-N=186741-phi=0.08-alpha=1.1-bmax=20-r=0.49-ru=10/config-59.txt.gz,1.1,0.08,64.0
SRRW-MARCELO-L=130-N=186741-phi=0.08-alpha=1.1-bmax=20-r=0.49-ru=10/config-590.txt.gz,1.1,0.08,60.0
SRRW-MARCELO-L=130-N=186741-phi=0.08-alpha=1.1-bmax=20-r=0.49-ru=10/config-591.txt.gz,1.1,0.08,64.0
SRRW-MARCELO-L=130-N=186741-phi=0.08-alpha=1.1-bmax=20-r=0.49-ru=10/config-592.txt.gz,1.1,0.08,49.0
SRRW-MARCELO-L=130-N=186741-phi=0.08-alpha=1.1-bmax=20-r=0.49-ru=10/config-593.txt.gz,1.1,0.08,44.0
SRRW-MARCELO-L=130-N=186741-phi=0.08-alpha=1.1-bmax=20-r=0.49-ru=10/config-594.txt.gz,1.1,0.08,53.0
SRRW-MARCELO-L=130-N=186741-phi=0.08-alpha=1.1-bmax=20-r=0.49-ru=10/config-595.txt.gz,1.1,0.08,63.0
SRRW-MARCELO-L=130-N=186741-phi=0.08-alpha=1.1-bmax=20-r=0.49-ru=10/config-596.txt.gz,1.1,0.08,51.0
SRRW-MARCELO-L=130-N=186741-phi=0.08-alpha=1.1-bmax=20-r=0.49-ru=10/config-597.txt.gz,1.1,0.08,56.0
SRRW-MARCELO-L=130-N=186741-phi=0.08-alpha=1.1-bmax=20-r=0.49-ru=10/config-598.txt.gz,1.1,0.08,49.0
SRRW-MARCELO-L=130-N=186741-phi=0.08-alpha=1.1-bmax=20-r=0.49-ru=10/config-599.txt.gz,1.1,0.08,59.0
SRRW-MARCELO-L=130-N=186741-phi=0.08-alpha=1.1-bmax=20-r=0.49-ru=10/config-6.txt.gz,1.1,0.08,57.0
SRRW-MARCELO-L=130-N=186741-phi=0.08-alpha=1.1-bmax=20-r=0.49-ru=10/config-60.txt.gz,1.1,0.08,67.0
SRRW-MARCELO-L=130-N=186741-phi=0.08-alpha=1.1-bmax=20-r=0.49-ru=10/config-600.txt.gz,1.1,0.08,41.0
SRRW-MARCELO-L=130-N=186741-phi=0.08-alpha=1.1-bmax=20-r=0.49-ru=10/config-601.txt.gz,1.1,0.08,58.0
SRRW-MARCELO-L=130-N=186741-phi=0.08-alpha=1.1-bmax=20-r=0.49-ru=10/config-602.txt.gz,1.1,0.08,48.0
SRRW-MARCELO-L=130-N=186741-phi=0.08-alpha=1.1-bmax=20-r=0.49-ru=10/config-603.txt.gz,1.1,0.08,58.0
SRRW-MARCELO-L=130-N=186741-phi=0.08-alpha=1.1-bmax=20-r=0.49-ru=10/config-604.txt.gz,1.1,0.08,54.0
SRRW-MARCELO-L=130-N=186741-phi=0.08-alpha=1.1-bmax=20-r=0.49-ru=10/config-605.txt.gz,1.1,0.08,54.0
SRRW-MARCELO-L=130-N=186741-phi=0.08-alpha=1.1-bmax=20-r=0.49-ru=10/config-606.txt.gz,1.1,0.08,68.0
SRRW-MARCELO-L=130-N=186741-phi=0.08-alpha=1.1-bmax=20-r=0.49-ru=10/config-607.txt.gz,1.1,0.08,47.0
SRRW-MARCELO-L=130-N=186741-phi=0.08-alpha=1.1-bmax=20-r=0.49-ru=10/config-608.txt.gz,1.1,0.08,44.0
SRRW-MARCELO-L=130-N=186741-phi=0.08-alpha=1.1-bmax=20-r=0.49-ru=10/config-609.txt.gz,1.1,0.08,47.0
SRRW-MARCELO-L=130-N=186741-phi=0.08-alpha=1.1-bmax=20-r=0.49-ru=10/config-61.txt.gz,1.1,0.08,57.0
SRRW-MARCELO-L=130-N=186741-phi=0.08-alpha=1.1-bmax=20-r=0.49-ru=10/config-610.txt.gz,1.1,0.08,43.0
SRRW-MARCELO-L=130-N=186741-phi=0.08-alpha=1.1-bmax=20-r=0.49-ru=10/config-611.txt.gz,1.1,0.08,51.0
SRRW-MARCELO-L=130-N=186741-phi=0.08-alpha=1.1-bmax=20-r=0.49-ru=10/config-612.txt.gz,1.1,0.08,42.0
SRRW-MARCELO-L=130-N=186741-phi=0.08-alpha=1.1-bmax=20-r=0.49-ru=10/config-613.txt.gz,1.1,0.08,68.0
SRRW-MARCELO-L=130-N=186741-phi=0.08-alpha=1.1-bmax=20-r=0.49-ru=10/config-614.txt.gz,1.1,0.08,52.0
SRRW-MARCELO-L=130-N=186741-phi=0.08-alpha=1.1-bmax=20-r=0.49-ru=10/config-615.txt.gz,1.1,0.08,43.0
SRRW-MARCELO-L=130-N=186741-phi=0.08-alpha=1.1-bmax=20-r=0.49-ru=10/config-616.txt.gz,1.1,0.08,42.0
SRRW-MARCELO-L=130-N=186741-phi=0.08-alpha=1.1-bmax=20-r=0.49-ru=10/config-617.txt.gz,1.1,0.08,55.0
SRRW-MARCELO-L=130-N=186741-phi=0.08-alpha=1.1-bmax=20-r=0.49-ru=10/config-618.txt.gz,1.1,0.08,59.0
SRRW-MARCELO-L=130-N=186741-phi=0.08-alpha=1.1-bmax=20-r=0.49-ru=10/config-619.txt.gz,1.1,0.08,55.0
SRRW-MARCELO-L=130-N=186741-phi=0.08-alpha=1.1-bmax=20-r=0.49-ru=10/config-62.txt.gz,1.1,0.08,61.0
SRRW-MARCELO-L=130-N=186741-phi=0.08-alpha=1.1-bmax=20-r=0.49-ru=10/config-620.txt.gz,1.1,0.08,69.0
SRRW-MARCELO-L=130-N=186741-phi=0.08-alpha=1.1-bmax=20-r=0.49-ru=10/config-621.txt.gz,1.1,0.08,55.0
SRRW-MARCELO-L=130-N=186741-phi=0.08-alpha=1.1-bmax=20-r=0.49-ru=10/config-622.txt.gz,1.1,0.08,58.0
SRRW-MARCELO-L=130-N=186741-phi=0.08-alpha=1.1-bmax=20-r=0.49-ru=10/config-623.txt.gz,1.1,0.08,66.0
SRRW-MARCELO-L=130-N=186741-phi=0.08-alpha=1.1-bmax=20-r=0.49-ru=10/config-624.txt.gz,1.1,0.08,66.0
SRRW-MARCELO-L=130-N=186741-phi=0.08-alpha=1.1-bmax=20-r=0.49-ru=10/config-625.txt.gz,1.1,0.08,66.0
SRRW-MARCELO-L=130-N=186741-phi=0.08-alpha=1.1-bmax=20-r=0.49-ru=10/config-626.txt.gz,1.1,0.08,57.0
SRRW-MARCELO-L=130-N=186741-phi=0.08-alpha=1.1-bmax=20-r=0.49-ru=10/config-627.txt.gz,1.1,0.08,60.0
SRRW-MARCELO-L=130-N=186741-phi=0.08-alpha=1.1-bmax=20-r=0.49-ru=10/config-628.txt.gz,1.1,0.08,58.0
SRRW-MARCELO-L=130-N=186741-phi=0.08-alpha=1.1-bmax=20-r=0.49-ru=10/config-629.txt.gz,1.1,0.08,51.0
SRRW-MARCELO-L=130-N=186741-phi=0.08-alpha=1.1-bmax=20-r=0.49-ru=10/config-63.txt.gz,1.1,0.08,68.0
SRRW-MARCELO-L=130-N=186741-phi=0.08-alpha=1.1-bmax=20-r=0.49-ru=10/config-630.txt.gz,1.1,0.08,33.0
SRRW-MARCELO-L=130-N=186741-phi=0.08-alpha=1.1-bmax=20-r=0.49-ru=10/config-631.txt.gz,1.1,0.08,66.0
SRRW-MARCELO-L=130-N=186741-phi=0.08-alpha=1.1-bmax=20-r=0.49-ru=10/config-632.txt.gz,1.1,0.08,41.0
SRRW-MARCELO-L=130-N=186741-phi=0.08-alpha=1.1-bmax=20-r=0.49-ru=10/config-633.txt.gz,1.1,0.08,61.0
SRRW-MARCELO-L=130-N=186741-phi=0.08-alpha=1.1-bmax=20-r=0.49-ru=10/config-634.txt.gz,1.1,0.08,70.0
SRRW-MARCELO-L=130-N=186741-phi=0.08-alpha=1.1-bmax=20-r=0.49-ru=10/config-635.txt.gz,1.1,0.08,51.0
SRRW-MARCELO-L=130-N=186741-phi=0.08-alpha=1.1-bmax=20-r=0.49-ru=10/config-636.txt.gz,1.1,0.08,68.0
SRRW-MARCELO-L=130-N=186741-phi=0.08-alpha=1.1-bmax=20-r=0.49-ru=10/config-637.txt.gz,1.1,0.08,61.0
SRRW-MARCELO-L=130-N=186741-phi=0.08-alpha=1.1-bmax=20-r=0.49-ru=10/config-638.txt.gz,1.1,0.08,48.0
SRRW-MARCELO-L=130-N=186741-phi=0.08-alpha=1.1-bmax=20-r=0.49-ru=10/config-639.txt.gz,1.1,0.08,57.0
SRRW-MARCELO-L=130-N=186741-phi=0.08-alpha=1.1-bmax=20-r=0.49-ru=10/config-64.txt.gz,1.1,0.08,45.0
SRRW-MARCELO-L=130-N=186741-phi=0.08-alpha=1.1-bmax=20-r=0.49-ru=10/config-640.txt.gz,1.1,0.08,66.0
SRRW-MARCELO-L=130-N=186741-phi=0.08-alpha=1.1-bmax=20-r=0.49-ru=10/config-641.txt.gz,1.1,0.08,61.0
SRRW-MARCELO-L=130-N=186741-phi=0.08-alpha=1.1-bmax=20-r=0.49-ru=10/config-642.txt.gz,1.1,0.08,55.0
SRRW-MARCELO-L=130-N=186741-phi=0.08-alpha=1.1-bmax=20-r=0.49-ru=10/config-643.txt.gz,1.1,0.08,42.0
SRRW-MARCELO-L=130-N=186741-phi=0.08-alpha=1.1-bmax=20-r=0.49-ru=10/config-644.txt.gz,1.1,0.08,58.0
SRRW-MARCELO-L=130-N=186741-phi=0.08-alpha=1.1-bmax=20-r=0.49-ru=10/config-645.txt.gz,1.1,0.08,46.0
SRRW-MARCELO-L=130-N=186741-phi=0.08-alpha=1.1-bmax=20-r=0.49-ru=10/config-646.txt.gz,1.1,0.08,44.0
SRRW-MARCELO-L=130-N=186741-phi=0.08-alpha=1.1-bmax=20-r=0.49-ru=10/config-647.txt.gz,1.1,0.08,41.0
SRRW-MARCELO-L=130-N=186741-phi=0.08-alpha=1.1-bmax=20-r=0.49-ru=10/config-648.txt.gz,1.1,0.08,49.0
SRRW-MARCELO-L=130-N=186741-phi=0.08-alpha=1.1-bmax=20-r=0.49-ru=10/config-649.txt.gz,1.1,0.08,64.0
SRRW-MARCELO-L=130-N=186741-phi=0.08-alpha=1.1-bmax=20-r=0.49-ru=10/config-65.txt.gz,1.1,0.08,48.0
SRRW-MARCELO-L=130-N=186741-phi=0.08-alpha=1.1-bmax=20-r=0.49-ru=10/config-650.txt.gz,1.1,0.08,60.0
SRRW-MARCELO-L=130-N=186741-phi=0.08-alpha=1.1-bmax=20-r=0.49-ru=10/config-651.txt.gz,1.1,0.08,54.0
SRRW-MARCELO-L=130-N=186741-phi=0.08-alpha=1.1-bmax=20-r=0.49-ru=10/config-652.txt.gz,1.1,0.08,44.0
SRRW-MARCELO-L=130-N=186741-phi=0.08-alpha=1.1-bmax=20-r=0.49-ru=10/config-653.txt.gz,1.1,0.08,40.0
SRRW-MARCELO-L=130-N=186741-phi=0.08-alpha=1.1-bmax=20-r=0.49-ru=10/config-654.txt.gz,1.1,0.08,53.0
SRRW-MARCELO-L=130-N=186741-phi=0.08-alpha=1.1-bmax=20-r=0.49-ru=10/config-655.txt.gz,1.1,0.08,57.0
SRRW-MARCELO-L=130-N=186741-phi=0.08-alpha=1.1-bmax=20-r=0.49-ru=10/config-656.txt.gz,1.1,0.08,51.0
SRRW-MARCELO-L=130-N=186741-phi=0.08-alpha=1.1-bmax=20-r=0.49-ru=10/config-657.txt.gz,1.1,0.08,52.0
SRRW-MARCELO-L=130-N=186741-phi=0.08-alpha=1.1-bmax=20-r=0.49-ru=10/config-658.txt.gz,1.1,0.08,52.0
SRRW-MARCELO-L=130-N=186741-phi=0.08-alpha=1.1-bmax=20-r=0.49-ru=10/config-659.txt.gz,1.1,0.08,40.0
SRRW-MARCELO-L=130-N=186741-phi=0.08-alpha=1.1-bmax=20-r=0.49-ru=10/config-66.txt.gz,1.1,0.08,60.0
SRRW-MARCELO-L=130-N=186741-phi=0.08-alpha=1.1-bmax=20-r=0.49-ru=10/config-660.txt.gz,1.1,0.08,53.0
SRRW-MARCELO-L=130-N=186741-phi=0.08-alpha=1.1-bmax=20-r=0.49-ru=10/config-661.txt.gz,1.1,0.08,43.0
SRRW-MARCELO-L=130-N=186741-phi=0.08-alpha=1.1-bmax=20-r=0.49-ru=10/config-662.txt.gz,1.1,0.08,51.0
SRRW-MARCELO-L=130-N=186741-phi=0.08-alpha=1.1-bmax=20-r=0.49-ru=10/config-663.txt.gz,1.1,0.08,59.0
SRRW-MARCELO-L=130-N=186741-phi=0.08-alpha=1.1-bmax=20-r=0.49-ru=10/config-664.txt.gz,1.1,0.08,58.0
SRRW-MARCELO-L=130-N=186741-phi=0.08-alpha=1.1-bmax=20-r=0.49-ru=10/config-665.txt.gz,1.1,0.08,57.0
SRRW-MARCELO-L=130-N=186741-phi=0.08-alpha=1.1-bmax=20-r=0.49-ru=10/config-666.txt.gz,1.1,0.08,46.0
SRRW-MARCELO-L=130-N=186741-phi=0.08-alpha=1.1-bmax=20-r=0.49-ru=10/config-667.txt.gz,1.1,0.08,49.0
SRRW-MARCELO-L=130-N=186741-phi=0.08-alpha=1.1-bmax=20-r=0.49-ru=10/config-668.txt.gz,1.1,0.08,57.0
SRRW-MARCELO-L=130-N=186741-phi=0.08-alpha=1.1-bmax=20-r=0.49-ru=10/config-669.txt.gz,1.1,0.08,49.0
SRRW-MARCELO-L=130-N=186741-phi=0.08-alpha=1.1-bmax=20-r=0.49-ru=10/config-67.txt.gz,1.1,0.08,48.0
SRRW-MARCELO-L=130-N=186741-phi=0.08-alpha=1.1-bmax=20-r=0.49-ru=10/config-670.txt.gz,1.1,0.08,52.0
SRRW-MARCELO-L=130-N=186741-phi=0.08-alpha=1.1-bmax=20-r=0.49-ru=10/config-671.txt.gz,1.1,0.08,36.0
SRRW-MARCELO-L=130-N=186741-phi=0.08-alpha=1.1-bmax=20-r=0.49-ru=10/config-672.txt.gz,1.1,0.08,65.0
SRRW-MARCELO-L=130-N=186741-phi=0.08-alpha=1.1-bmax=20-r=0.49-ru=10/config-673.txt.gz,1.1,0.08,52.0
SRRW-MARCELO-L=130-N=186741-phi=0.08-alpha=1.1-bmax=20-r=0.49-ru=10/config-674.txt.gz,1.1,0.08,65.0
SRRW-MARCELO-L=130-N=186741-phi=0.08-alpha=1.1-bmax=20-r=0.49-ru=10/config-675.txt.gz,1.1,0.08,51.0
SRRW-MARCELO-L=130-N=186741-phi=0.08-alpha=1.1-bmax=20-r=0.49-ru=10/config-676.txt.gz,1.1,0.08,52.0
SRRW-MARCELO-L=130-N=186741-phi=0.08-alpha=1.1-bmax=20-r=0.49-ru=10/config-677.txt.gz,1.1,0.08,59.0
SRRW-MARCELO-L=130-N=186741-phi=0.08-alpha=1.1-bmax=20-r=0.49-ru=10/config-678.txt.gz,1.1,0.08,59.0
SRRW-MARCELO-L=130-N=186741-phi=0.08-alpha=1.1-bmax=20-r=0.49-ru=10/config-679.txt.gz,1.1,0.08,46.0
SRRW-MARCELO-L=130-N=186741-phi=0.08-alpha=1.1-bmax=20-r=0.49-ru=10/config-68.txt.gz,1.1,0.08,64.0
SRRW-MARCELO-L=130-N=186741-phi=0.08-alpha=1.1-bmax=20-r=0.49-ru=10/config-680.txt.gz,1.1,0.08,57.0
SRRW-MARCELO-L=130-N=186741-phi=0.08-alpha=1.1-bmax=20-r=0.49-ru=10/config-681.txt.gz,1.1,0.08,64.0
SRRW-MARCELO-L=130-N=186741-phi=0.08-alpha=1.1-bmax=20-r=0.49-ru=10/config-682.txt.gz,1.1,0.08,71.0
SRRW-MARCELO-L=130-N=186741-phi=0.08-alpha=1.1-bmax=20-r=0.49-ru=10/config-683.txt.gz,1.1,0.08,54.0
SRRW-MARCELO-L=130-N=186741-phi=0.08-alpha=1.1-bmax=20-r=0.49-ru=10/config-684.txt.gz,1.1,0.08,61.0
SRRW-MARCELO-L=130-N=186741-phi=0.08-alpha=1.1-bmax=20-r=0.49-ru=10/config-685.txt.gz,1.1,0.08,67.0
SRRW-MARCELO-L=130-N=186741-phi=0.08-alpha=1.1-bmax=20-r=0.49-ru=10/config-686.txt.gz,1.1,0.08,50.0
SRRW-MARCELO-L=130-N=186741-phi=0.08-alpha=1.1-bmax=20-r=0.49-ru=10/config-687.txt.gz,1.1,0.08,62.0
SRRW-MARCELO-L=130-N=186741-phi=0.08-alpha=1.1-bmax=20-r=0.49-ru=10/config-688.txt.gz,1.1,0.08,49.0
SRRW-MARCELO-L=130-N=186741-phi=0.08-alpha=1.1-bmax=20-r=0.49-ru=10/config-689.txt.gz,1.1,0.08,55.0
SRRW-MARCELO-L=130-N=186741-phi=0.08-alpha=1.1-bmax=20-r=0.49-ru=10/config-69.txt.gz,1.1,0.08,55.0
SRRW-MARCELO-L=130-N=186741-phi=0.08-alpha=1.1-bmax=20-r=0.49-ru=10/config-690.txt.gz,1.1,0.08,49.0
SRRW-MARCELO-L=130-N=186741-phi=0.08-alpha=1.1-bmax=20-r=0.49-ru=10/config-691.txt.gz,1.1,0.08,65.0
SRRW-MARCELO-L=130-N=186741-phi=0.08-alpha=1.1-bmax=20-r=0.49-ru=10/config-692.txt.gz,1.1,0.08,59.0
SRRW-MARCELO-L=130-N=186741-phi=0.08-alpha=1.1-bmax=20-r=0.49-ru=10/config-693.txt.gz,1.1,0.08,53.0
SRRW-MARCELO-L=130-N=186741-phi=0.08-alpha=1.1-bmax=20-r=0.49-ru=10/config-694.txt.gz,1.1,0.08,54.0
SRRW-MARCELO-L=130-N=186741-phi=0.08-alpha=1.1-bmax=20-r=0.49-ru=10/config-695.txt.gz,1.1,0.08,56.0
SRRW-MARCELO-L=130-N=186741-phi=0.08-alpha=1.1-bmax=20-r=0.49-ru=10/config-696.txt.gz,1.1,0.08,54.0
SRRW-MARCELO-L=130-N=186741-phi=0.08-alpha=1.1-bmax=20-r=0.49-ru=10/config-697.txt.gz,1.1,0.08,43.0
SRRW-MARCELO-L=130-N=186741-phi=0.08-alpha=1.1-bmax=20-r=0.49-ru=10/config-698.txt.gz,1.1,0.08,45.0
SRRW-MARCELO-L=130-N=186741-phi=0.08-alpha=1.1-bmax=20-r=0.49-ru=10/config-699.txt.gz,1.1,0.08,60.0
SRRW-MARCELO-L=130-N=186741-phi=0.08-alpha=1.1-bmax=20-r=0.49-ru=10/config-7.txt.gz,1.1,0.08,57.0
SRRW-MARCELO-L=130-N=186741-phi=0.08-alpha=1.1-bmax=20-r=0.49-ru=10/config-70.txt.gz,1.1,0.08,62.0
SRRW-MARCELO-L=130-N=186741-phi=0.08-alpha=1.1-bmax=20-r=0.49-ru=10/config-700.txt.gz,1.1,0.08,41.0
SRRW-MARCELO-L=130-N=186741-phi=0.08-alpha=1.1-bmax=20-r=0.49-ru=10/config-701.txt.gz,1.1,0.08,56.0
SRRW-MARCELO-L=130-N=186741-phi=0.08-alpha=1.1-bmax=20-r=0.49-ru=10/config-702.txt.gz,1.1,0.08,62.0
SRRW-MARCELO-L=130-N=186741-phi=0.08-alpha=1.1-bmax=20-r=0.49-ru=10/config-703.txt.gz,1.1,0.08,55.0
SRRW-MARCELO-L=130-N=186741-phi=0.08-alpha=1.1-bmax=20-r=0.49-ru=10/config-704.txt.gz,1.1,0.08,50.0
SRRW-MARCELO-L=130-N=186741-phi=0.08-alpha=1.1-bmax=20-r=0.49-ru=10/config-705.txt.gz,1.1,0.08,65.0
SRRW-MARCELO-L=130-N=186741-phi=0.08-alpha=1.1-bmax=20-r=0.49-ru=10/config-706.txt.gz,1.1,0.08,51.0
SRRW-MARCELO-L=130-N=186741-phi=0.08-alpha=1.1-bmax=20-r=0.49-ru=10/config-707.txt.gz,1.1,0.08,49.0
SRRW-MARCELO-L=130-N=186741-phi=0.08-alpha=1.1-bmax=20-r=0.49-ru=10/config-708.txt.gz,1.1,0.08,54.0
SRRW-MARCELO-L=130-N=186741-phi=0.08-alpha=1.1-bmax=20-r=0.49-ru=10/config-709.txt.gz,1.1,0.08,43.0
SRRW-MARCELO-L=130-N=186741-phi=0.08-alpha=1.1-bmax=20-r=0.49-ru=10/config-71.txt.gz,1.1,0.08,57.0
SRRW-MARCELO-L=130-N=186741-phi=0.08-alpha=1.1-bmax=20-r=0.49-ru=10/config-710.txt.gz,1.1,0.08,51.0
SRRW-MARCELO-L=130-N=186741-phi=0.08-alpha=1.1-bmax=20-r=0.49-ru=10/config-711.txt.gz,1.1,0.08,62.0
SRRW-MARCELO-L=130-N=186741-phi=0.08-alpha=1.1-bmax=20-r=0.49-ru=10/config-712.txt.gz,1.1,0.08,44.0
SRRW-MARCELO-L=130-N=186741-phi=0.08-alpha=1.1-bmax=20-r=0.49-ru=10/config-713.txt.gz,1.1,0.08,53.0
SRRW-MARCELO-L=130-N=186741-phi=0.08-alpha=1.1-bmax=20-r=0.49-ru=10/config-714.txt.gz,1.1,0.08,42.0
SRRW-MARCELO-L=130-N=186741-phi=0.08-alpha=1.1-bmax=20-r=0.49-ru=10/config-715.txt.gz,1.1,0.08,59.0
SRRW-MARCELO-L=130-N=186741-phi=0.08-alpha=1.1-bmax=20-r=0.49-ru=10/config-716.txt.gz,1.1,0.08,55.0
SRRW-MARCELO-L=130-N=186741-phi=0.08-alpha=1.1-bmax=20-r=0.49-ru=10/config-717.txt.gz,1.1,0.08,52.0
SRRW-MARCELO-L=130-N=186741-phi=0.08-alpha=1.1-bmax=20-r=0.49-ru=10/config-718.txt.gz,1.1,0.08,57.0
SRRW-MARCELO-L=130-N=186741-phi=0.08-alpha=1.1-bmax=20-r=0.49-ru=10/config-719.txt.gz,1.1,0.08,56.0
SRRW-MARCELO-L=130-N=186741-phi=0.08-alpha=1.1-bmax=20-r=0.49-ru=10/config-72.txt.gz,1.1,0.08,34.0
SRRW-MARCELO-L=130-N=186741-phi=0.08-alpha=1.1-bmax=20-r=0.49-ru=10/config-720.txt.gz,1.1,0.08,60.0
SRRW-MARCELO-L=130-N=186741-phi=0.08-alpha=1.1-bmax=20-r=0.49-ru=10/config-721.txt.gz,1.1,0.08,46.0
SRRW-MARCELO-L=130-N=186741-phi=0.08-alpha=1.1-bmax=20-r=0.49-ru=10/config-722.txt.gz,1.1,0.08,52.0
SRRW-MARCELO-L=130-N=186741-phi=0.08-alpha=1.1-bmax=20-r=0.49-ru=10/config-723.txt.gz,1.1,0.08,64.0
SRRW-MARCELO-L=130-N=186741-phi=0.08-alpha=1.1-bmax=20-r=0.49-ru=10/config-724.txt.gz,1.1,0.08,44.0
SRRW-MARCELO-L=130-N=186741-phi=0.08-alpha=1.1-bmax=20-r=0.49-ru=10/config-725.txt.gz,1.1,0.08,47.0
SRRW-MARCELO-L=130-N=186741-phi=0.08-alpha=1.1-bmax=20-r=0.49-ru=10/config-726.txt.gz,1.1,0.08,37.0
SRRW-MARCELO-L=130-N=186741-phi=0.08-alpha=1.1-bmax=20-r=0.49-ru=10/config-727.txt.gz,1.1,0.08,45.0
SRRW-MARCELO-L=130-N=186741-phi=0.08-alpha=1.1-bmax=20-r=0.49-ru=10/config-728.txt.gz,1.1,0.08,54.0
SRRW-MARCELO-L=130-N=186741-phi=0.08-alpha=1.1-bmax=20-r=0.49-ru=10/config-729.txt.gz,1.1,0.08,56.0
SRRW-MARCELO-L=130-N=186741-phi=0.08-alpha=1.1-bmax=20-r=0.49-ru=10/config-73.txt.gz,1.1,0.08,57.0
SRRW-MARCELO-L=130-N=186741-phi=0.08-alpha=1.1-bmax=20-r=0.49-ru=10/config-730.txt.gz,1.1,0.08,47.0
SRRW-MARCELO-L=130-N=186741-phi=0.08-alpha=1.1-bmax=20-r=0.49-ru=10/config-731.txt.gz,1.1,0.08,49.0
SRRW-MARCELO-L=130-N=186741-phi=0.08-alpha=1.1-bmax=20-r=0.49-ru=10/config-732.txt.gz,1.1,0.08,53.0
SRRW-MARCELO-L=130-N=186741-phi=0.08-alpha=1.1-bmax=20-r=0.49-ru=10/config-733.txt.gz,1.1,0.08,47.0
SRRW-MARCELO-L=130-N=186741-phi=0.08-alpha=1.1-bmax=20-r=0.49-ru=10/config-734.txt.gz,1.1,0.08,47.0
SRRW-MARCELO-L=130-N=186741-phi=0.08-alpha=1.1-bmax=20-r=0.49-ru=10/config-735.txt.gz,1.1,0.08,55.0
SRRW-MARCELO-L=130-N=186741-phi=0.08-alpha=1.1-bmax=20-r=0.49-ru=10/config-736.txt.gz,1.1,0.08,50.0
SRRW-MARCELO-L=130-N=186741-phi=0.08-alpha=1.1-bmax=20-r=0.49-ru=10/config-737.txt.gz,1.1,0.08,54.0
SRRW-MARCELO-L=130-N=186741-phi=0.08-alpha=1.1-bmax=20-r=0.49-ru=10/config-738.txt.gz,1.1,0.08,34.0
SRRW-MARCELO-L=130-N=186741-phi=0.08-alpha=1.1-bmax=20-r=0.49-ru=10/config-739.txt.gz,1.1,0.08,59.0
SRRW-MARCELO-L=130-N=186741-phi=0.08-alpha=1.1-bmax=20-r=0.49-ru=10/config-74.txt.gz,1.1,0.08,59.0
SRRW-MARCELO-L=130-N=186741-phi=0.08-alpha=1.1-bmax=20-r=0.49-ru=10/config-740.txt.gz,1.1,0.08,55.0
SRRW-MARCELO-L=130-N=186741-phi=0.08-alpha=1.1-bmax=20-r=0.49-ru=10/config-741.txt.gz,1.1,0.08,43.0
SRRW-MARCELO-L=130-N=186741-phi=0.08-alpha=1.1-bmax=20-r=0.49-ru=10/config-742.txt.gz,1.1,0.08,56.0
SRRW-MARCELO-L=130-N=186741-phi=0.08-alpha=1.1-bmax=20-r=0.49-ru=10/config-743.txt.gz,1.1,0.08,54.0
SRRW-MARCELO-L=130-N=186741-phi=0.08-alpha=1.1-bmax=20-r=0.49-ru=10/config-744.txt.gz,1.1,0.08,68.0
SRRW-MARCELO-L=130-N=186741-phi=0.08-alpha=1.1-bmax=20-r=0.49-ru=10/config-745.txt.gz,1.1,0.08,60.0
SRRW-MARCELO-L=130-N=186741-phi=0.08-alpha=1.1-bmax=20-r=0.49-ru=10/config-746.txt.gz,1.1,0.08,58.0
SRRW-MARCELO-L=130-N=186741-phi=0.08-alpha=1.1-bmax=20-r=0.49-ru=10/config-747.txt.gz,1.1,0.08,62.0
SRRW-MARCELO-L=130-N=186741-phi=0.08-alpha=1.1-bmax=20-r=0.49-ru=10/config-748.txt.gz,1.1,0.08,69.0
SRRW-MARCELO-L=130-N=186741-phi=0.08-alpha=1.1-bmax=20-r=0.49-ru=10/config-749.txt.gz,1.1,0.08,55.0
SRRW-MARCELO-L=130-N=186741-phi=0.08-alpha=1.1-bmax=20-r=0.49-ru=10/config-75.txt.gz,1.1,0.08,49.0
SRRW-MARCELO-L=130-N=186741-phi=0.08-alpha=1.1-bmax=20-r=0.49-ru=10/config-750.txt.gz,1.1,0.08,69.0
SRRW-MARCELO-L=130-N=186741-phi=0.08-alpha=1.1-bmax=20-r=0.49-ru=10/config-751.txt.gz,1.1,0.08,61.0
SRRW-MARCELO-L=130-N=186741-phi=0.08-alpha=1.1-bmax=20-r=0.49-ru=10/config-752.txt.gz,1.1,0.08,43.0
SRRW-MARCELO-L=130-N=186741-phi=0.08-alpha=1.1-bmax=20-r=0.49-ru=10/config-753.txt.gz,1.1,0.08,55.0
SRRW-MARCELO-L=130-N=186741-phi=0.08-alpha=1.1-bmax=20-r=0.49-ru=10/config-754.txt.gz,1.1,0.08,49.0
SRRW-MARCELO-L=130-N=186741-phi=0.08-alpha=1.1-bmax=20-r=0.49-ru=10/config-755.txt.gz,1.1,0.08,45.0
SRRW-MARCELO-L=130-N=186741-phi=0.08-alpha=1.1-bmax=20-r=0.49-ru=10/config-756.txt.gz,1.1,0.08,62.0
SRRW-MARCELO-L=130-N=186741-phi=0.08-alpha=1.1-bmax=20-r=0.49-ru=10/config-757.txt.gz,1.1,0.08,60.0
SRRW-MARCELO-L=130-N=186741-phi=0.08-alpha=1.1-bmax=20-r=0.49-ru=10/config-758.txt.gz,1.1,0.08,63.0
SRRW-MARCELO-L=130-N=186741-phi=0.08-alpha=1.1-bmax=20-r=0.49-ru=10/config-759.txt.gz,1.1,0.08,58.0
SRRW-MARCELO-L=130-N=186741-phi=0.08-alpha=1.1-bmax=20-r=0.49-ru=10/config-76.txt.gz,1.1,0.08,45.0
SRRW-MARCELO-L=130-N=186741-phi=0.08-alpha=1.1-bmax=20-r=0.49-ru=10/config-760.txt.gz,1.1,0.08,41.0
SRRW-MARCELO-L=130-N=186741-phi=0.08-alpha=1.1-bmax=20-r=0.49-ru=10/config-761.txt.gz,1.1,0.08,57.0
SRRW-MARCELO-L=130-N=186741-phi=0.08-alpha=1.1-bmax=20-r=0.49-ru=10/config-762.txt.gz,1.1,0.08,46.0
SRRW-MARCELO-L=130-N=186741-phi=0.08-alpha=1.1-bmax=20-r=0.49-ru=10/config-763.txt.gz,1.1,0.08,60.0
SRRW-MARCELO-L=130-N=186741-phi=0.08-alpha=1.1-bmax=20-r=0.49-ru=10/config-764.txt.gz,1.1,0.08,62.0
SRRW-MARCELO-L=130-N=186741-phi=0.08-alpha=1.1-bmax=20-r=0.49-ru=10/config-765.txt.gz,1.1,0.08,47.0
SRRW-MARCELO-L=130-N=186741-phi=0.08-alpha=1.1-bmax=20-r=0.49-ru=10/config-766.txt.gz,1.1,0.08,79.0
SRRW-MARCELO-L=130-N=186741-phi=0.08-alpha=1.1-bmax=20-r=0.49-ru=10/config-767.txt.gz,1.1,0.08,58.0
SRRW-MARCELO-L=130-N=186741-phi=0.08-alpha=1.1-bmax=20-r=0.49-ru=10/config-768.txt.gz,1.1,0.08,68.0
SRRW-MARCELO-L=130-N=186741-phi=0.08-alpha=1.1-bmax=20-r=0.49-ru=10/config-769.txt.gz,1.1,0.08,49.0
SRRW-MARCELO-L=130-N=186741-phi=0.08-alpha=1.1-bmax=20-r=0.49-ru=10/config-77.txt.gz,1.1,0.08,57.0
SRRW-MARCELO-L=130-N=186741-phi=0.08-alpha=1.1-bmax=20-r=0.49-ru=10/config-770.txt.gz,1.1,0.08,71.0
SRRW-MARCELO-L=130-N=186741-phi=0.08-alpha=1.1-bmax=20-r=0.49-ru=10/config-771.txt.gz,1.1,0.08,33.0
SRRW-MARCELO-L=130-N=186741-phi=0.08-alpha=1.1-bmax=20-r=0.49-ru=10/config-772.txt.gz,1.1,0.08,61.0
SRRW-MARCELO-L=130-N=186741-phi=0.08-alpha=1.1-bmax=20-r=0.49-ru=10/config-773.txt.gz,1.1,0.08,59.0
SRRW-MARCELO-L=130-N=186741-phi=0.08-alpha=1.1-bmax=20-r=0.49-ru=10/config-774.txt.gz,1.1,0.08,56.0
SRRW-MARCELO-L=130-N=186741-phi=0.08-alpha=1.1-bmax=20-r=0.49-ru=10/config-775.txt.gz,1.1,0.08,60.0
SRRW-MARCELO-L=130-N=186741-phi=0.08-alpha=1.1-bmax=20-r=0.49-ru=10/config-776.txt.gz,1.1,0.08,54.0
SRRW-MARCELO-L=130-N=186741-phi=0.08-alpha=1.1-bmax=20-r=0.49-ru=10/config-777.txt.gz,1.1,0.08,52.0
SRRW-MARCELO-L=130-N=186741-phi=0.08-alpha=1.1-bmax=20-r=0.49-ru=10/config-778.txt.gz,1.1,0.08,36.0
SRRW-MARCELO-L=130-N=186741-phi=0.08-alpha=1.1-bmax=20-r=0.49-ru=10/config-779.txt.gz,1.1,0.08,52.0
SRRW-MARCELO-L=130-N=186741-phi=0.08-alpha=1.1-bmax=20-r=0.49-ru=10/config-78.txt.gz,1.1,0.08,60.0
SRRW-MARCELO-L=130-N=186741-phi=0.08-alpha=1.1-bmax=20-r=0.49-ru=10/config-780.txt.gz,1.1,0.08,55.0
SRRW-MARCELO-L=130-N=186741-phi=0.08-alpha=1.1-bmax=20-r=0.49-ru=10/config-781.txt.gz,1.1,0.08,42.0
SRRW-MARCELO-L=130-N=186741-phi=0.08-alpha=1.1-bmax=20-r=0.49-ru=10/config-782.txt.gz,1.1,0.08,51.0
SRRW-MARCELO-L=130-N=186741-phi=0.08-alpha=1.1-bmax=20-r=0.49-ru=10/config-783.txt.gz,1.1,0.08,64.0
SRRW-MARCELO-L=130-N=186741-phi=0.08-alpha=1.1-bmax=20-r=0.49-ru=10/config-784.txt.gz,1.1,0.08,67.0
SRRW-MARCELO-L=130-N=186741-phi=0.08-alpha=1.1-bmax=20-r=0.49-ru=10/config-785.txt.gz,1.1,0.08,37.0
SRRW-MARCELO-L=130-N=186741-phi=0.08-alpha=1.1-bmax=20-r=0.49-ru=10/config-786.txt.gz,1.1,0.08,43.0
SRRW-MARCELO-L=130-N=186741-phi=0.08-alpha=1.1-bmax=20-r=0.49-ru=10/config-787.txt.gz,1.1,0.08,33.0
SRRW-MARCELO-L=130-N=186741-phi=0.08-alpha=1.1-bmax=20-r=0.49-ru=10/config-788.txt.gz,1.1,0.08,47.0
SRRW-MARCELO-L=130-N=186741-phi=0.08-alpha=1.1-bmax=20-r=0.49-ru=10/config-789.txt.gz,1.1,0.08,68.0
SRRW-MARCELO-L=130-N=186741-phi=0.08-alpha=1.1-bmax=20-r=0.49-ru=10/config-79.txt.gz,1.1,0.08,68.0
SRRW-MARCELO-L=130-N=186741-phi=0.08-alpha=1.1-bmax=20-r=0.49-ru=10/config-790.txt.gz,1.1,0.08,51.0
SRRW-MARCELO-L=130-N=186741-phi=0.08-alpha=1.1-bmax=20-r=0.49-ru=10/config-791.txt.gz,1.1,0.08,43.0
SRRW-MARCELO-L=130-N=186741-phi=0.08-alpha=1.1-bmax=20-r=0.49-ru=10/config-792.txt.gz,1.1,0.08,51.0
SRRW-MARCELO-L=130-N=186741-phi=0.08-alpha=1.1-bmax=20-r=0.49-ru=10/config-793.txt.gz,1.1,0.08,61.0
SRRW-MARCELO-L=130-N=186741-phi=0.08-alpha=1.1-bmax=20-r=0.49-ru=10/config-794.txt.gz,1.1,0.08,55.0
SRRW-MARCELO-L=130-N=186741-phi=0.08-alpha=1.1-bmax=20-r=0.49-ru=10/config-795.txt.gz,1.1,0.08,61.0
SRRW-MARCELO-L=130-N=186741-phi=0.08-alpha=1.1-bmax=20-r=0.49-ru=10/config-796.txt.gz,1.1,0.08,64.0
SRRW-MARCELO-L=130-N=186741-phi=0.08-alpha=1.1-bmax=20-r=0.49-ru=10/config-797.txt.gz,1.1,0.08,53.0
SRRW-MARCELO-L=130-N=186741-phi=0.08-alpha=1.1-bmax=20-r=0.49-ru=10/config-798.txt.gz,1.1,0.08,61.0
SRRW-MARCELO-L=130-N=186741-phi=0.08-alpha=1.1-bmax=20-r=0.49-ru=10/config-799.txt.gz,1.1,0.08,55.0
SRRW-MARCELO-L=130-N=186741-phi=0.08-alpha=1.1-bmax=20-r=0.49-ru=10/config-8.txt.gz,1.1,0.08,55.0
SRRW-MARCELO-L=130-N=186741-phi=0.08-alpha=1.1-bmax=20-r=0.49-ru=10/config-80.txt.gz,1.1,0.08,60.0
SRRW-MARCELO-L=130-N=186741-phi=0.08-alpha=1.1-bmax=20-r=0.49-ru=10/config-800.txt.gz,1.1,0.08,59.0
SRRW-MARCELO-L=130-N=186741-phi=0.08-alpha=1.1-bmax=20-r=0.49-ru=10/config-801.txt.gz,1.1,0.08,46.0
SRRW-MARCELO-L=130-N=186741-phi=0.08-alpha=1.1-bmax=20-r=0.49-ru=10/config-802.txt.gz,1.1,0.08,68.0
SRRW-MARCELO-L=130-N=186741-phi=0.08-alpha=1.1-bmax=20-r=0.49-ru=10/config-803.txt.gz,1.1,0.08,44.0
SRRW-MARCELO-L=130-N=186741-phi=0.08-alpha=1.1-bmax=20-r=0.49-ru=10/config-804.txt.gz,1.1,0.08,38.0
SRRW-MARCELO-L=130-N=186741-phi=0.08-alpha=1.1-bmax=20-r=0.49-ru=10/config-805.txt.gz,1.1,0.08,57.0
SRRW-MARCELO-L=130-N=186741-phi=0.08-alpha=1.1-bmax=20-r=0.49-ru=10/config-806.txt.gz,1.1,0.08,60.0
SRRW-MARCELO-L=130-N=186741-phi=0.08-alpha=1.1-bmax=20-r=0.49-ru=10/config-807.txt.gz,1.1,0.08,68.0
SRRW-MARCELO-L=130-N=186741-phi=0.08-alpha=1.1-bmax=20-r=0.49-ru=10/config-808.txt.gz,1.1,0.08,57.0
SRRW-MARCELO-L=130-N=186741-phi=0.08-alpha=1.1-bmax=20-r=0.49-ru=10/config-809.txt.gz,1.1,0.08,46.0
SRRW-MARCELO-L=130-N=186741-phi=0.08-alpha=1.1-bmax=20-r=0.49-ru=10/config-81.txt.gz,1.1,0.08,64.0
SRRW-MARCELO-L=130-N=186741-phi=0.08-alpha=1.1-bmax=20-r=0.49-ru=10/config-810.txt.gz,1.1,0.08,53.0
SRRW-MARCELO-L=130-N=186741-phi=0.08-alpha=1.1-bmax=20-r=0.49-ru=10/config-811.txt.gz,1.1,0.08,64.0
SRRW-MARCELO-L=130-N=186741-phi=0.08-alpha=1.1-bmax=20-r=0.49-ru=10/config-812.txt.gz,1.1,0.08,42.0
SRRW-MARCELO-L=130-N=186741-phi=0.08-alpha=1.1-bmax=20-r=0.49-ru=10/config-813.txt.gz,1.1,0.08,63.0
SRRW-MARCELO-L=130-N=186741-phi=0.08-alpha=1.1-bmax=20-r=0.49-ru=10/config-814.txt.gz,1.1,0.08,51.0
SRRW-MARCELO-L=130-N=186741-phi=0.08-alpha=1.1-bmax=20-r=0.49-ru=10/config-815.txt.gz,1.1,0.08,55.0
SRRW-MARCELO-L=130-N=186741-phi=0.08-alpha=1.1-bmax=20-r=0.49-ru=10/config-816.txt.gz,1.1,0.08,63.0
SRRW-MARCELO-L=130-N=186741-phi=0.08-alpha=1.1-bmax=20-r=0.49-ru=10/config-817.txt.gz,1.1,0.08,40.0
SRRW-MARCELO-L=130-N=186741-phi=0.08-alpha=1.1-bmax=20-r=0.49-ru=10/config-818.txt.gz,1.1,0.08,70.0
SRRW-MARCELO-L=130-N=186741-phi=0.08-alpha=1.1-bmax=20-r=0.49-ru=10/config-819.txt.gz,1.1,0.08,51.0
SRRW-MARCELO-L=130-N=186741-phi=0.08-alpha=1.1-bmax=20-r=0.49-ru=10/config-82.txt.gz,1.1,0.08,50.0
SRRW-MARCELO-L=130-N=186741-phi=0.08-alpha=1.1-bmax=20-r=0.49-ru=10/config-820.txt.gz,1.1,0.08,64.0
SRRW-MARCELO-L=130-N=186741-phi=0.08-alpha=1.1-bmax=20-r=0.49-ru=10/config-821.txt.gz,1.1,0.08,61.0
SRRW-MARCELO-L=130-N=186741-phi=0.08-alpha=1.1-bmax=20-r=0.49-ru=10/config-822.txt.gz,1.1,0.08,52.0
SRRW-MARCELO-L=130-N=186741-phi=0.08-alpha=1.1-bmax=20-r=0.49-ru=10/config-823.txt.gz,1.1,0.08,48.0
SRRW-MARCELO-L=130-N=186741-phi=0.08-alpha=1.1-bmax=20-r=0.49-ru=10/config-824.txt.gz,1.1,0.08,44.0
SRRW-MARCELO-L=130-N=186741-phi=0.08-alpha=1.1-bmax=20-r=0.49-ru=10/config-825.txt.gz,1.1,0.08,43.0
SRRW-MARCELO-L=130-N=186741-phi=0.08-alpha=1.1-bmax=20-r=0.49-ru=10/config-826.txt.gz,1.1,0.08,70.0
SRRW-MARCELO-L=130-N=186741-phi=0.08-alpha=1.1-bmax=20-r=0.49-ru=10/config-827.txt.gz,1.1,0.08,71.0
SRRW-MARCELO-L=130-N=186741-phi=0.08-alpha=1.1-bmax=20-r=0.49-ru=10/config-828.txt.gz,1.1,0.08,52.0
SRRW-MARCELO-L=130-N=186741-phi=0.08-alpha=1.1-bmax=20-r=0.49-ru=10/config-829.txt.gz,1.1,0.08,62.0
SRRW-MARCELO-L=130-N=186741-phi=0.08-alpha=1.1-bmax=20-r=0.49-ru=10/config-83.txt.gz,1.1,0.08,51.0
SRRW-MARCELO-L=130-N=186741-phi=0.08-alpha=1.1-bmax=20-r=0.49-ru=10/config-830.txt.gz,1.1,0.08,42.0
SRRW-MARCELO-L=130-N=186741-phi=0.08-alpha=1.1-bmax=20-r=0.49-ru=10/config-831.txt.gz,1.1,0.08,58.0
SRRW-MARCELO-L=130-N=186741-phi=0.08-alpha=1.1-bmax=20-r=0.49-ru=10/config-832.txt.gz,1.1,0.08,58.0
SRRW-MARCELO-L=130-N=186741-phi=0.08-alpha=1.1-bmax=20-r=0.49-ru=10/config-833.txt.gz,1.1,0.08,68.0
SRRW-MARCELO-L=130-N=186741-phi=0.08-alpha=1.1-bmax=20-r=0.49-ru=10/config-834.txt.gz,1.1,0.08,68.0
SRRW-MARCELO-L=130-N=186741-phi=0.08-alpha=1.1-bmax=20-r=0.49-ru=10/config-835.txt.gz,1.1,0.08,51.0
SRRW-MARCELO-L=130-N=186741-phi=0.08-alpha=1.1-bmax=20-r=0.49-ru=10/config-836.txt.gz,1.1,0.08,58.0
SRRW-MARCELO-L=130-N=186741-phi=0.08-alpha=1.1-bmax=20-r=0.49-ru=10/config-837.txt.gz,1.1,0.08,47.0
SRRW-MARCELO-L=130-N=186741-phi=0.08-alpha=1.1-bmax=20-r=0.49-ru=10/config-838.txt.gz,1.1,0.08,38.0
SRRW-MARCELO-L=130-N=186741-phi=0.08-alpha=1.1-bmax=20-r=0.49-ru=10/config-839.txt.gz,1.1,0.08,65.0
SRRW-MARCELO-L=130-N=186741-phi=0.08-alpha=1.1-bmax=20-r=0.49-ru=10/config-84.txt.gz,1.1,0.08,55.0
SRRW-MARCELO-L=130-N=186741-phi=0.08-alpha=1.1-bmax=20-r=0.49-ru=10/config-840.txt.gz,1.1,0.08,40.0
SRRW-MARCELO-L=130-N=186741-phi=0.08-alpha=1.1-bmax=20-r=0.49-ru=10/config-841.txt.gz,1.1,0.08,36.0
SRRW-MARCELO-L=130-N=186741-phi=0.08-alpha=1.1-bmax=20-r=0.49-ru=10/config-842.txt.gz,1.1,0.08,42.0
SRRW-MARCELO-L=130-N=186741-phi=0.08-alpha=1.1-bmax=20-r=0.49-ru=10/config-843.txt.gz,1.1,0.08,49.0
SRRW-MARCELO-L=130-N=186741-phi=0.08-alpha=1.1-bmax=20-r=0.49-ru=10/config-844.txt.gz,1.1,0.08,61.0
SRRW-MARCELO-L=130-N=186741-phi=0.08-alpha=1.1-bmax=20-r=0.49-ru=10/config-845.txt.gz,1.1,0.08,48.0
SRRW-MARCELO-L=130-N=186741-phi=0.08-alpha=1.1-bmax=20-r=0.49-ru=10/config-846.txt.gz,1.1,0.08,49.0
SRRW-MARCELO-L=130-N=186741-phi=0.08-alpha=1.1-bmax=20-r=0.49-ru=10/config-847.txt.gz,1.1,0.08,63.0
SRRW-MARCELO-L=130-N=186741-phi=0.08-alpha=1.1-bmax=20-r=0.49-ru=10/config-848.txt.gz,1.1,0.08,50.0
SRRW-MARCELO-L=130-N=186741-phi=0.08-alpha=1.1-bmax=20-r=0.49-ru=10/config-849.txt.gz,1.1,0.08,57.0
SRRW-MARCELO-L=130-N=186741-phi=0.08-alpha=1.1-bmax=20-r=0.49-ru=10/config-85.txt.gz,1.1,0.08,50.0
SRRW-MARCELO-L=130-N=186741-phi=0.08-alpha=1.1-bmax=20-r=0.49-ru=10/config-850.txt.gz,1.1,0.08,46.0
SRRW-MARCELO-L=130-N=186741-phi=0.08-alpha=1.1-bmax=20-r=0.49-ru=10/config-851.txt.gz,1.1,0.08,64.0
SRRW-MARCELO-L=130-N=186741-phi=0.08-alpha=1.1-bmax=20-r=0.49-ru=10/config-852.txt.gz,1.1,0.08,39.0
SRRW-MARCELO-L=130-N=186741-phi=0.08-alpha=1.1-bmax=20-r=0.49-ru=10/config-853.txt.gz,1.1,0.08,53.0
SRRW-MARCELO-L=130-N=186741-phi=0.08-alpha=1.1-bmax=20-r=0.49-ru=10/config-854.txt.gz,1.1,0.08,39.0
SRRW-MARCELO-L=130-N=186741-phi=0.08-alpha=1.1-bmax=20-r=0.49-ru=10/config-855.txt.gz,1.1,0.08,45.0
SRRW-MARCELO-L=130-N=186741-phi=0.08-alpha=1.1-bmax=20-r=0.49-ru=10/config-856.txt.gz,1.1,0.08,63.0
SRRW-MARCELO-L=130-N=186741-phi=0.08-alpha=1.1-bmax=20-r=0.49-ru=10/config-857.txt.gz,1.1,0.08,54.0
SRRW-MARCELO-L=130-N=186741-phi=0.08-alpha=1.1-bmax=20-r=0.49-ru=10/config-858.txt.gz,1.1,0.08,73.0
SRRW-MARCELO-L=130-N=186741-phi=0.08-alpha=1.1-bmax=20-r=0.49-ru=10/config-859.txt.gz,1.1,0.08,63.0
SRRW-MARCELO-L=130-N=186741-phi=0.08-alpha=1.1-bmax=20-r=0.49-ru=10/config-86.txt.gz,1.1,0.08,45.0
SRRW-MARCELO-L=130-N=186741-phi=0.08-alpha=1.1-bmax=20-r=0.49-ru=10/config-860.txt.gz,1.1,0.08,48.0
SRRW-MARCELO-L=130-N=186741-phi=0.08-alpha=1.1-bmax=20-r=0.49-ru=10/config-861.txt.gz,1.1,0.08,49.0
SRRW-MARCELO-L=130-N=186741-phi=0.08-alpha=1.1-bmax=20-r=0.49-ru=10/config-862.txt.gz,1.1,0.08,64.0
SRRW-MARCELO-L=130-N=186741-phi=0.08-alpha=1.1-bmax=20-r=0.49-ru=10/config-863.txt.gz,1.1,0.08,42.0
SRRW-MARCELO-L=130-N=186741-phi=0.08-alpha=1.1-bmax=20-r=0.49-ru=10/config-864.txt.gz,1.1,0.08,44.0
SRRW-MARCELO-L=130-N=186741-phi=0.08-alpha=1.1-bmax=20-r=0.49-ru=10/config-865.txt.gz,1.1,0.08,56.0
SRRW-MARCELO-L=130-N=186741-phi=0.08-alpha=1.1-bmax=20-r=0.49-ru=10/config-866.txt.gz,1.1,0.08,52.0
SRRW-MARCELO-L=130-N=186741-phi=0.08-alpha=1.1-bmax=20-r=0.49-ru=10/config-867.txt.gz,1.1,0.08,65.0
SRRW-MARCELO-L=130-N=186741-phi=0.08-alpha=1.1-bmax=20-r=0.49-ru=10/config-868.txt.gz,1.1,0.08,57.0
SRRW-MARCELO-L=130-N=186741-phi=0.08-alpha=1.1-bmax=20-r=0.49-ru=10/config-869.txt.gz,1.1,0.08,58.0
SRRW-MARCELO-L=130-N=186741-phi=0.08-alpha=1.1-bmax=20-r=0.49-ru=10/config-87.txt.gz,1.1,0.08,56.0
SRRW-MARCELO-L=130-N=186741-phi=0.08-alpha=1.1-bmax=20-r=0.49-ru=10/config-870.txt.gz,1.1,0.08,61.0
SRRW-MARCELO-L=130-N=186741-phi=0.08-alpha=1.1-bmax=20-r=0.49-ru=10/config-871.txt.gz,1.1,0.08,54.0
SRRW-MARCELO-L=130-N=186741-phi=0.08-alpha=1.1-bmax=20-r=0.49-ru=10/config-872.txt.gz,1.1,0.08,58.0
SRRW-MARCELO-L=130-N=186741-phi=0.08-alpha=1.1-bmax=20-r=0.49-ru=10/config-873.txt.gz,1.1,0.08,69.0
SRRW-MARCELO-L=130-N=186741-phi=0.08-alpha=1.1-bmax=20-r=0.49-ru=10/config-874.txt.gz,1.1,0.08,73.0
SRRW-MARCELO-L=130-N=186741-phi=0.08-alpha=1.1-bmax=20-r=0.49-ru=10/config-875.txt.gz,1.1,0.08,55.0
SRRW-MARCELO-L=130-N=186741-phi=0.08-alpha=1.1-bmax=20-r=0.49-ru=10/config-876.txt.gz,1.1,0.08,56.0
SRRW-MARCELO-L=130-N=186741-phi=0.08-alpha=1.1-bmax=20-r=0.49-ru=10/config-877.txt.gz,1.1,0.08,63.0
SRRW-MARCELO-L=130-N=186741-phi=0.08-alpha=1.1-bmax=20-r=0.49-ru=10/config-878.txt.gz,1.1,0.08,67.0
SRRW-MARCELO-L=130-N=186741-phi=0.08-alpha=1.1-bmax=20-r=0.49-ru=10/config-879.txt.gz,1.1,0.08,43.0
SRRW-MARCELO-L=130-N=186741-phi=0.08-alpha=1.1-bmax=20-r=0.49-ru=10/config-88.txt.gz,1.1,0.08,37.0
SRRW-MARCELO-L=130-N=186741-phi=0.08-alpha=1.1-bmax=20-r=0.49-ru=10/config-880.txt.gz,1.1,0.08,37.0
SRRW-MARCELO-L=130-N=186741-phi=0.08-alpha=1.1-bmax=20-r=0.49-ru=10/config-881.txt.gz,1.1,0.08,36.0
SRRW-MARCELO-L=130-N=186741-phi=0.08-alpha=1.1-bmax=20-r=0.49-ru=10/config-882.txt.gz,1.1,0.08,58.0
SRRW-MARCELO-L=130-N=186741-phi=0.08-alpha=1.1-bmax=20-r=0.49-ru=10/config-883.txt.gz,1.1,0.08,40.0
SRRW-MARCELO-L=130-N=186741-phi=0.08-alpha=1.1-bmax=20-r=0.49-ru=10/config-884.txt.gz,1.1,0.08,50.0
SRRW-MARCELO-L=130-N=186741-phi=0.08-alpha=1.1-bmax=20-r=0.49-ru=10/config-885.txt.gz,1.1,0.08,60.0
SRRW-MARCELO-L=130-N=186741-phi=0.08-alpha=1.1-bmax=20-r=0.49-ru=10/config-886.txt.gz,1.1,0.08,56.0
SRRW-MARCELO-L=130-N=186741-phi=0.08-alpha=1.1-bmax=20-r=0.49-ru=10/config-887.txt.gz,1.1,0.08,63.0
SRRW-MARCELO-L=130-N=186741-phi=0.08-alpha=1.1-bmax=20-r=0.49-ru=10/config-888.txt.gz,1.1,0.08,53.0
SRRW-MARCELO-L=130-N=186741-phi=0.08-alpha=1.1-bmax=20-r=0.49-ru=10/config-889.txt.gz,1.1,0.08,60.0
SRRW-MARCELO-L=130-N=186741-phi=0.08-alpha=1.1-bmax=20-r=0.49-ru=10/config-89.txt.gz,1.1,0.08,48.0
SRRW-MARCELO-L=130-N=186741-phi=0.08-alpha=1.1-bmax=20-r=0.49-ru=10/config-890.txt.gz,1.1,0.08,58.0
SRRW-MARCELO-L=130-N=186741-phi=0.08-alpha=1.1-bmax=20-r=0.49-ru=10/config-891.txt.gz,1.1,0.08,53.0
SRRW-MARCELO-L=130-N=186741-phi=0.08-alpha=1.1-bmax=20-r=0.49-ru=10/config-892.txt.gz,1.1,0.08,42.0
SRRW-MARCELO-L=130-N=186741-phi=0.08-alpha=1.1-bmax=20-r=0.49-ru=10/config-893.txt.gz,1.1,0.08,49.0
SRRW-MARCELO-L=130-N=186741-phi=0.08-alpha=1.1-bmax=20-r=0.49-ru=10/config-894.txt.gz,1.1,0.08,48.0
SRRW-MARCELO-L=130-N=186741-phi=0.08-alpha=1.1-bmax=20-r=0.49-ru=10/config-895.txt.gz,1.1,0.08,47.0
SRRW-MARCELO-L=130-N=186741-phi=0.08-alpha=1.1-bmax=20-r=0.49-ru=10/config-896.txt.gz,1.1,0.08,47.0
SRRW-MARCELO-L=130-N=186741-phi=0.08-alpha=1.1-bmax=20-r=0.49-ru=10/config-897.txt.gz,1.1,0.08,52.0
SRRW-MARCELO-L=130-N=186741-phi=0.08-alpha=1.1-bmax=20-r=0.49-ru=10/config-898.txt.gz,1.1,0.08,53.0
SRRW-MARCELO-L=130-N=186741-phi=0.08-alpha=1.1-bmax=20-r=0.49-ru=10/config-899.txt.gz,1.1,0.08,60.0
SRRW-MARCELO-L=130-N=186741-phi=0.08-alpha=1.1-bmax=20-r=0.49-ru=10/config-9.txt.gz,1.1,0.08,53.0
SRRW-MARCELO-L=130-N=186741-phi=0.08-alpha=1.1-bmax=20-r=0.49-ru=10/config-90.txt.gz,1.1,0.08,50.0
SRRW-MARCELO-L=130-N=186741-phi=0.08-alpha=1.1-bmax=20-r=0.49-ru=10/config-900.txt.gz,1.1,0.08,65.0
SRRW-MARCELO-L=130-N=186741-phi=0.08-alpha=1.1-bmax=20-r=0.49-ru=10/config-901.txt.gz,1.1,0.08,43.0
SRRW-MARCELO-L=130-N=186741-phi=0.08-alpha=1.1-bmax=20-r=0.49-ru=10/config-902.txt.gz,1.1,0.08,47.0
SRRW-MARCELO-L=130-N=186741-phi=0.08-alpha=1.1-bmax=20-r=0.49-ru=10/config-903.txt.gz,1.1,0.08,47.0
SRRW-MARCELO-L=130-N=186741-phi=0.08-alpha=1.1-bmax=20-r=0.49-ru=10/config-904.txt.gz,1.1,0.08,38.0
SRRW-MARCELO-L=130-N=186741-phi=0.08-alpha=1.1-bmax=20-r=0.49-ru=10/config-905.txt.gz,1.1,0.08,37.0
SRRW-MARCELO-L=130-N=186741-phi=0.08-alpha=1.1-bmax=20-r=0.49-ru=10/config-906.txt.gz,1.1,0.08,69.0
SRRW-MARCELO-L=130-N=186741-phi=0.08-alpha=1.1-bmax=20-r=0.49-ru=10/config-907.txt.gz,1.1,0.08,52.0
SRRW-MARCELO-L=130-N=186741-phi=0.08-alpha=1.1-bmax=20-r=0.49-ru=10/config-908.txt.gz,1.1,0.08,73.0
SRRW-MARCELO-L=130-N=186741-phi=0.08-alpha=1.1-bmax=20-r=0.49-ru=10/config-909.txt.gz,1.1,0.08,41.0
SRRW-MARCELO-L=130-N=186741-phi=0.08-alpha=1.1-bmax=20-r=0.49-ru=10/config-91.txt.gz,1.1,0.08,60.0
SRRW-MARCELO-L=130-N=186741-phi=0.08-alpha=1.1-bmax=20-r=0.49-ru=10/config-910.txt.gz,1.1,0.08,41.0
SRRW-MARCELO-L=130-N=186741-phi=0.08-alpha=1.1-bmax=20-r=0.49-ru=10/config-911.txt.gz,1.1,0.08,32.0
SRRW-MARCELO-L=130-N=186741-phi=0.08-alpha=1.1-bmax=20-r=0.49-ru=10/config-912.txt.gz,1.1,0.08,43.0
SRRW-MARCELO-L=130-N=186741-phi=0.08-alpha=1.1-bmax=20-r=0.49-ru=10/config-913.txt.gz,1.1,0.08,58.0
SRRW-MARCELO-L=130-N=186741-phi=0.08-alpha=1.1-bmax=20-r=0.49-ru=10/config-914.txt.gz,1.1,0.08,64.0
SRRW-MARCELO-L=130-N=186741-phi=0.08-alpha=1.1-bmax=20-r=0.49-ru=10/config-915.txt.gz,1.1,0.08,68.0
SRRW-MARCELO-L=130-N=186741-phi=0.08-alpha=1.1-bmax=20-r=0.49-ru=10/config-916.txt.gz,1.1,0.08,54.0
SRRW-MARCELO-L=130-N=186741-phi=0.08-alpha=1.1-bmax=20-r=0.49-ru=10/config-917.txt.gz,1.1,0.08,48.0
SRRW-MARCELO-L=130-N=186741-phi=0.08-alpha=1.1-bmax=20-r=0.49-ru=10/config-918.txt.gz,1.1,0.08,37.0
SRRW-MARCELO-L=130-N=186741-phi=0.08-alpha=1.1-bmax=20-r=0.49-ru=10/config-919.txt.gz,1.1,0.08,67.0
SRRW-MARCELO-L=130-N=186741-phi=0.08-alpha=1.1-bmax=20-r=0.49-ru=10/config-92.txt.gz,1.1,0.08,47.0
SRRW-MARCELO-L=130-N=186741-phi=0.08-alpha=1.1-bmax=20-r=0.49-ru=10/config-920.txt.gz,1.1,0.08,73.0
SRRW-MARCELO-L=130-N=186741-phi=0.08-alpha=1.1-bmax=20-r=0.49-ru=10/config-921.txt.gz,1.1,0.08,44.0
SRRW-MARCELO-L=130-N=186741-phi=0.08-alpha=1.1-bmax=20-r=0.49-ru=10/config-922.txt.gz,1.1,0.08,90.0
SRRW-MARCELO-L=130-N=186741-phi=0.08-alpha=1.1-bmax=20-r=0.49-ru=10/config-923.txt.gz,1.1,0.08,39.0
SRRW-MARCELO-L=130-N=186741-phi=0.08-alpha=1.1-bmax=20-r=0.49-ru=10/config-924.txt.gz,1.1,0.08,71.0
SRRW-MARCELO-L=130-N=186741-phi=0.08-alpha=1.1-bmax=20-r=0.49-ru=10/config-925.txt.gz,1.1,0.08,74.0
SRRW-MARCELO-L=130-N=186741-phi=0.08-alpha=1.1-bmax=20-r=0.49-ru=10/config-926.txt.gz,1.1,0.08,42.0
SRRW-MARCELO-L=130-N=186741-phi=0.08-alpha=1.1-bmax=20-r=0.49-ru=10/config-927.txt.gz,1.1,0.08,69.0
SRRW-MARCELO-L=130-N=186741-phi=0.08-alpha=1.1-bmax=20-r=0.49-ru=10/config-928.txt.gz,1.1,0.08,69.0
SRRW-MARCELO-L=130-N=186741-phi=0.08-alpha=1.1-bmax=20-r=0.49-ru=10/config-929.txt.gz,1.1,0.08,77.0
SRRW-MARCELO-L=130-N=186741-phi=0.08-alpha=1.1-bmax=20-r=0.49-ru=10/config-93.txt.gz,1.1,0.08,48.0
SRRW-MARCELO-L=130-N=186741-phi=0.08-alpha=1.1-bmax=20-r=0.49-ru=10/config-930.txt.gz,1.1,0.08,41.0
SRRW-MARCELO-L=130-N=186741-phi=0.08-alpha=1.1-bmax=20-r=0.49-ru=10/config-931.txt.gz,1.1,0.08,47.0
SRRW-MARCELO-L=130-N=186741-phi=0.08-alpha=1.1-bmax=20-r=0.49-ru=10/config-932.txt.gz,1.1,0.08,67.0
SRRW-MARCELO-L=130-N=186741-phi=0.08-alpha=1.1-bmax=20-r=0.49-ru=10/config-933.txt.gz,1.1,0.08,43.0
SRRW-MARCELO-L=130-N=186741-phi=0.08-alpha=1.1-bmax=20-r=0.49-ru=10/config-934.txt.gz,1.1,0.08,68.0
SRRW-MARCELO-L=130-N=186741-phi=0.08-alpha=1.1-bmax=20-r=0.49-ru=10/config-935.txt.gz,1.1,0.08,34.0
SRRW-MARCELO-L=130-N=186741-phi=0.08-alpha=1.1-bmax=20-r=0.49-ru=10/config-936.txt.gz,1.1,0.08,48.0
SRRW-MARCELO-L=130-N=186741-phi=0.08-alpha=1.1-bmax=20-r=0.49-ru=10/config-937.txt.gz,1.1,0.08,74.0
SRRW-MARCELO-L=130-N=186741-phi=0.08-alpha=1.1-bmax=20-r=0.49-ru=10/config-938.txt.gz,1.1,0.08,52.0
SRRW-MARCELO-L=130-N=186741-phi=0.08-alpha=1.1-bmax=20-r=0.49-ru=10/config-939.txt.gz,1.1,0.08,63.0
SRRW-MARCELO-L=130-N=186741-phi=0.08-alpha=1.1-bmax=20-r=0.49-ru=10/config-94.txt.gz,1.1,0.08,62.0
SRRW-MARCELO-L=130-N=186741-phi=0.08-alpha=1.1-bmax=20-r=0.49-ru=10/config-940.txt.gz,1.1,0.08,59.0
SRRW-MARCELO-L=130-N=186741-phi=0.08-alpha=1.1-bmax=20-r=0.49-ru=10/config-941.txt.gz,1.1,0.08,43.0
SRRW-MARCELO-L=130-N=186741-phi=0.08-alpha=1.1-bmax=20-r=0.49-ru=10/config-942.txt.gz,1.1,0.08,50.0
SRRW-MARCELO-L=130-N=186741-phi=0.08-alpha=1.1-bmax=20-r=0.49-ru=10/config-943.txt.gz,1.1,0.08,50.0
SRRW-MARCELO-L=130-N=186741-phi=0.08-alpha=1.1-bmax=20-r=0.49-ru=10/config-944.txt.gz,1.1,0.08,45.0
SRRW-MARCELO-L=130-N=186741-phi=0.08-alpha=1.1-bmax=20-r=0.49-ru=10/config-945.txt.gz,1.1,0.08,50.0
SRRW-MARCELO-L=130-N=186741-phi=0.08-alpha=1.1-bmax=20-r=0.49-ru=10/config-946.txt.gz,1.1,0.08,70.0
SRRW-MARCELO-L=130-N=186741-phi=0.08-alpha=1.1-bmax=20-r=0.49-ru=10/config-947.txt.gz,1.1,0.08,55.0
SRRW-MARCELO-L=130-N=186741-phi=0.08-alpha=1.1-bmax=20-r=0.49-ru=10/config-948.txt.gz,1.1,0.08,59.0
SRRW-MARCELO-L=130-N=186741-phi=0.08-alpha=1.1-bmax=20-r=0.49-ru=10/config-949.txt.gz,1.1,0.08,74.0
SRRW-MARCELO-L=130-N=186741-phi=0.08-alpha=1.1-bmax=20-r=0.49-ru=10/config-95.txt.gz,1.1,0.08,45.0
SRRW-MARCELO-L=130-N=186741-phi=0.08-alpha=1.1-bmax=20-r=0.49-ru=10/config-950.txt.gz,1.1,0.08,63.0
SRRW-MARCELO-L=130-N=186741-phi=0.08-alpha=1.1-bmax=20-r=0.49-ru=10/config-951.txt.gz,1.1,0.08,42.0
SRRW-MARCELO-L=130-N=186741-phi=0.08-alpha=1.1-bmax=20-r=0.49-ru=10/config-952.txt.gz,1.1,0.08,50.0
SRRW-MARCELO-L=130-N=186741-phi=0.08-alpha=1.1-bmax=20-r=0.49-ru=10/config-953.txt.gz,1.1,0.08,44.0
SRRW-MARCELO-L=130-N=186741-phi=0.08-alpha=1.1-bmax=20-r=0.49-ru=10/config-954.txt.gz,1.1,0.08,73.0
SRRW-MARCELO-L=130-N=186741-phi=0.08-alpha=1.1-bmax=20-r=0.49-ru=10/config-955.txt.gz,1.1,0.08,56.0
SRRW-MARCELO-L=130-N=186741-phi=0.08-alpha=1.1-bmax=20-r=0.49-ru=10/config-956.txt.gz,1.1,0.08,42.0
SRRW-MARCELO-L=130-N=186741-phi=0.08-alpha=1.1-bmax=20-r=0.49-ru=10/config-957.txt.gz,1.1,0.08,55.0
SRRW-MARCELO-L=130-N=186741-phi=0.08-alpha=1.1-bmax=20-r=0.49-ru=10/config-958.txt.gz,1.1,0.08,56.0
SRRW-MARCELO-L=130-N=186741-phi=0.08-alpha=1.1-bmax=20-r=0.49-ru=10/config-959.txt.gz,1.1,0.08,47.0
SRRW-MARCELO-L=130-N=186741-phi=0.08-alpha=1.1-bmax=20-r=0.49-ru=10/config-96.txt.gz,1.1,0.08,56.0
SRRW-MARCELO-L=130-N=186741-phi=0.08-alpha=1.1-bmax=20-r=0.49-ru=10/config-960.txt.gz,1.1,0.08,39.0
SRRW-MARCELO-L=130-N=186741-phi=0.08-alpha=1.1-bmax=20-r=0.49-ru=10/config-961.txt.gz,1.1,0.08,44.0
SRRW-MARCELO-L=130-N=186741-phi=0.08-alpha=1.1-bmax=20-r=0.49-ru=10/config-962.txt.gz,1.1,0.08,50.0
SRRW-MARCELO-L=130-N=186741-phi=0.08-alpha=1.1-bmax=20-r=0.49-ru=10/config-963.txt.gz,1.1,0.08,59.0
SRRW-MARCELO-L=130-N=186741-phi=0.08-alpha=1.1-bmax=20-r=0.49-ru=10/config-964.txt.gz,1.1,0.08,60.0
SRRW-MARCELO-L=130-N=186741-phi=0.08-alpha=1.1-bmax=20-r=0.49-ru=10/config-965.txt.gz,1.1,0.08,57.0
SRRW-MARCELO-L=130-N=186741-phi=0.08-alpha=1.1-bmax=20-r=0.49-ru=10/config-966.txt.gz,1.1,0.08,47.0
SRRW-MARCELO-L=130-N=186741-phi=0.08-alpha=1.1-bmax=20-r=0.49-ru=10/config-967.txt.gz,1.1,0.08,43.0
SRRW-MARCELO-L=130-N=186741-phi=0.08-alpha=1.1-bmax=20-r=0.49-ru=10/config-968.txt.gz,1.1,0.08,57.0
SRRW-MARCELO-L=130-N=186741-phi=0.08-alpha=1.1-bmax=20-r=0.49-ru=10/config-969.txt.gz,1.1,0.08,45.0
SRRW-MARCELO-L=130-N=186741-phi=0.08-alpha=1.1-bmax=20-r=0.49-ru=10/config-97.txt.gz,1.1,0.08,42.0
SRRW-MARCELO-L=130-N=186741-phi=0.08-alpha=1.1-bmax=20-r=0.49-ru=10/config-970.txt.gz,1.1,0.08,71.0
SRRW-MARCELO-L=130-N=186741-phi=0.08-alpha=1.1-bmax=20-r=0.49-ru=10/config-971.txt.gz,1.1,0.08,49.0
SRRW-MARCELO-L=130-N=186741-phi=0.08-alpha=1.1-bmax=20-r=0.49-ru=10/config-972.txt.gz,1.1,0.08,39.0
SRRW-MARCELO-L=130-N=186741-phi=0.08-alpha=1.1-bmax=20-r=0.49-ru=10/config-973.txt.gz,1.1,0.08,62.0
SRRW-MARCELO-L=130-N=186741-phi=0.08-alpha=1.1-bmax=20-r=0.49-ru=10/config-974.txt.gz,1.1,0.08,57.0
SRRW-MARCELO-L=130-N=186741-phi=0.08-alpha=1.1-bmax=20-r=0.49-ru=10/config-975.txt.gz,1.1,0.08,46.0
SRRW-MARCELO-L=130-N=186741-phi=0.08-alpha=1.1-bmax=20-r=0.49-ru=10/config-976.txt.gz,1.1,0.08,58.0
SRRW-MARCELO-L=130-N=186741-phi=0.08-alpha=1.1-bmax=20-r=0.49-ru=10/config-977.txt.gz,1.1,0.08,49.0
SRRW-MARCELO-L=130-N=186741-phi=0.08-alpha=1.1-bmax=20-r=0.49-ru=10/config-978.txt.gz,1.1,0.08,54.0
SRRW-MARCELO-L=130-N=186741-phi=0.08-alpha=1.1-bmax=20-r=0.49-ru=10/config-979.txt.gz,1.1,0.08,62.0
SRRW-MARCELO-L=130-N=186741-phi=0.08-alpha=1.1-bmax=20-r=0.49-ru=10/config-98.txt.gz,1.1,0.08,41.0
SRRW-MARCELO-L=130-N=186741-phi=0.08-alpha=1.1-bmax=20-r=0.49-ru=10/config-980.txt.gz,1.1,0.08,57.0
SRRW-MARCELO-L=130-N=186741-phi=0.08-alpha=1.1-bmax=20-r=0.49-ru=10/config-981.txt.gz,1.1,0.08,80.0
SRRW-MARCELO-L=130-N=186741-phi=0.08-alpha=1.1-bmax=20-r=0.49-ru=10/config-982.txt.gz,1.1,0.08,47.0
SRRW-MARCELO-L=130-N=186741-phi=0.08-alpha=1.1-bmax=20-r=0.49-ru=10/config-983.txt.gz,1.1,0.08,47.0
SRRW-MARCELO-L=130-N=186741-phi=0.08-alpha=1.1-bmax=20-r=0.49-ru=10/config-984.txt.gz,1.1,0.08,51.0
SRRW-MARCELO-L=130-N=186741-phi=0.08-alpha=1.1-bmax=20-r=0.49-ru=10/config-985.txt.gz,1.1,0.08,76.0
SRRW-MARCELO-L=130-N=186741-phi=0.08-alpha=1.1-bmax=20-r=0.49-ru=10/config-986.txt.gz,1.1,0.08,39.0
SRRW-MARCELO-L=130-N=186741-phi=0.08-alpha=1.1-bmax=20-r=0.49-ru=10/config-987.txt.gz,1.1,0.08,56.0
SRRW-MARCELO-L=130-N=186741-phi=0.08-alpha=1.1-bmax=20-r=0.49-ru=10/config-988.txt.gz,1.1,0.08,38.0
SRRW-MARCELO-L=130-N=186741-phi=0.08-alpha=1.1-bmax=20-r=0.49-ru=10/config-989.txt.gz,1.1,0.08,61.0
SRRW-MARCELO-L=130-N=186741-phi=0.08-alpha=1.1-bmax=20-r=0.49-ru=10/config-99.txt.gz,1.1,0.08,63.0
SRRW-MARCELO-L=130-N=186741-phi=0.08-alpha=1.1-bmax=20-r=0.49-ru=10/config-990.txt.gz,1.1,0.08,47.0
SRRW-MARCELO-L=130-N=186741-phi=0.08-alpha=1.1-bmax=20-r=0.49-ru=10/config-991.txt.gz,1.1,0.08,55.0
SRRW-MARCELO-L=130-N=186741-phi=0.08-alpha=1.1-bmax=20-r=0.49-ru=10/config-992.txt.gz,1.1,0.08,59.0
SRRW-MARCELO-L=130-N=186741-phi=0.08-alpha=1.1-bmax=20-r=0.49-ru=10/config-993.txt.gz,1.1,0.08,51.0
SRRW-MARCELO-L=130-N=186741-phi=0.08-alpha=1.1-bmax=20-r=0.49-ru=10/config-994.txt.gz,1.1,0.08,42.0
SRRW-MARCELO-L=130-N=186741-phi=0.08-alpha=1.1-bmax=20-r=0.49-ru=10/config-995.txt.gz,1.1,0.08,42.0
SRRW-MARCELO-L=130-N=186741-phi=0.08-alpha=1.1-bmax=20-r=0.49-ru=10/config-996.txt.gz,1.1,0.08,67.0
SRRW-MARCELO-L=130-N=186741-phi=0.08-alpha=1.1-bmax=20-r=0.49-ru=10/config-997.txt.gz,1.1,0.08,76.0
SRRW-MARCELO-L=130-N=186741-phi=0.08-alpha=1.1-bmax=20-r=0.49-ru=10/config-998.txt.gz,1.1,0.08,47.0
SRRW-MARCELO-L=130-N=186741-phi=0.08-alpha=1.1-bmax=20-r=0.49-ru=10/config-999.txt.gz,1.1,0.08,57.0
SRRW-MARCELO-L=130-N=186741-phi=0.08-alpha=1.2-bmax=20-r=0.49-ru=10/config-189.txt.gz,1.2,0.08,79.0
SRRW-MARCELO-L=130-N=186741-phi=0.08-alpha=1.2-bmax=20-r=0.49-ru=10/config-19.txt.gz,1.2,0.08,70.0
SRRW-MARCELO-L=130-N=186741-phi=0.08-alpha=1.2-bmax=20-r=0.49-ru=10/config-190.txt.gz,1.2,0.08,68.0
SRRW-MARCELO-L=130-N=186741-phi=0.08-alpha=1.2-bmax=20-r=0.49-ru=10/config-191.txt.gz,1.2,0.08,64.0
SRRW-MARCELO-L=130-N=186741-phi=0.08-alpha=1.2-bmax=20-r=0.49-ru=10/config-192.txt.gz,1.2,0.08,72.0
SRRW-MARCELO-L=130-N=186741-phi=0.08-alpha=1.2-bmax=20-r=0.49-ru=10/config-193.txt.gz,1.2,0.08,70.0
SRRW-MARCELO-L=130-N=186741-phi=0.08-alpha=1.2-bmax=20-r=0.49-ru=10/config-194.txt.gz,1.2,0.08,71.0
SRRW-MARCELO-L=130-N=186741-phi=0.08-alpha=1.2-bmax=20-r=0.49-ru=10/config-195.txt.gz,1.2,0.08,78.0
SRRW-MARCELO-L=130-N=186741-phi=0.08-alpha=1.2-bmax=20-r=0.49-ru=10/config-196.txt.gz,1.2,0.08,59.0
SRRW-MARCELO-L=130-N=186741-phi=0.08-alpha=1.2-bmax=20-r=0.49-ru=10/config-197.txt.gz,1.2,0.08,64.0
SRRW-MARCELO-L=130-N=186741-phi=0.08-alpha=1.2-bmax=20-r=0.49-ru=10/config-198.txt.gz,1.2,0.08,74.0
SRRW-MARCELO-L=130-N=186741-phi=0.08-alpha=1.2-bmax=20-r=0.49-ru=10/config-199.txt.gz,1.2,0.08,75.0
SRRW-MARCELO-L=130-N=186741-phi=0.08-alpha=1.2-bmax=20-r=0.49-ru=10/config-2.txt.gz,1.2,0.08,74.0
SRRW-MARCELO-L=130-N=186741-phi=0.08-alpha=1.2-bmax=20-r=0.49-ru=10/config-20.txt.gz,1.2,0.08,75.0
SRRW-MARCELO-L=130-N=186741-phi=0.08-alpha=1.2-bmax=20-r=0.49-ru=10/config-200.txt.gz,1.2,0.08,64.0
SRRW-MARCELO-L=130-N=186741-phi=0.08-alpha=1.2-bmax=20-r=0.49-ru=10/config-201.txt.gz,1.2,0.08,67.0
SRRW-MARCELO-L=130-N=186741-phi=0.08-alpha=1.2-bmax=20-r=0.49-ru=10/config-202.txt.gz,1.2,0.08,64.0
SRRW-MARCELO-L=130-N=186741-phi=0.08-alpha=1.2-bmax=20-r=0.49-ru=10/config-203.txt.gz,1.2,0.08,56.0
SRRW-MARCELO-L=130-N=186741-phi=0.08-alpha=1.2-bmax=20-r=0.49-ru=10/config-204.txt.gz,1.2,0.08,59.0
SRRW-MARCELO-L=130-N=186741-phi=0.08-alpha=1.2-bmax=20-r=0.49-ru=10/config-205.txt.gz,1.2,0.08,71.0
SRRW-MARCELO-L=130-N=186741-phi=0.08-alpha=1.2-bmax=20-r=0.49-ru=10/config-206.txt.gz,1.2,0.08,77.0
SRRW-MARCELO-L=130-N=186741-phi=0.08-alpha=1.2-bmax=20-r=0.49-ru=10/config-207.txt.gz,1.2,0.08,68.0
SRRW-MARCELO-L=130-N=186741-phi=0.08-alpha=1.2-bmax=20-r=0.49-ru=10/config-208.txt.gz,1.2,0.08,64.0
SRRW-MARCELO-L=130-N=186741-phi=0.08-alpha=1.2-bmax=20-r=0.49-ru=10/config-209.txt.gz,1.2,0.08,79.0
SRRW-MARCELO-L=130-N=186741-phi=0.08-alpha=1.2-bmax=20-r=0.49-ru=10/config-21.txt.gz,1.2,0.08,80.0
SRRW-MARCELO-L=130-N=186741-phi=0.08-alpha=1.2-bmax=20-r=0.49-ru=10/config-210.txt.gz,1.2,0.08,73.0
SRRW-MARCELO-L=130-N=186741-phi=0.08-alpha=1.2-bmax=20-r=0.49-ru=10/config-211.txt.gz,1.2,0.08,81.0
SRRW-MARCELO-L=130-N=186741-phi=0.08-alpha=1.2-bmax=20-r=0.49-ru=10/config-212.txt.gz,1.2,0.08,69.0
SRRW-MARCELO-L=130-N=186741-phi=0.08-alpha=1.2-bmax=20-r=0.49-ru=10/config-213.txt.gz,1.2,0.08,58.0
SRRW-MARCELO-L=130-N=186741-phi=0.08-alpha=1.2-bmax=20-r=0.49-ru=10/config-214.txt.gz,1.2,0.08,81.0
SRRW-MARCELO-L=130-N=186741-phi=0.08-alpha=1.2-bmax=20-r=0.49-ru=10/config-215.txt.gz,1.2,0.08,59.0
SRRW-MARCELO-L=130-N=186741-phi=0.08-alpha=1.2-bmax=20-r=0.49-ru=10/config-216.txt.gz,1.2,0.08,59.0
SRRW-MARCELO-L=130-N=186741-phi=0.08-alpha=1.2-bmax=20-r=0.49-ru=10/config-217.txt.gz,1.2,0.08,61.0
SRRW-MARCELO-L=130-N=186741-phi=0.08-alpha=1.2-bmax=20-r=0.49-ru=10/config-218.txt.gz,1.2,0.08,72.0
SRRW-MARCELO-L=130-N=186741-phi=0.08-alpha=1.2-bmax=20-r=0.49-ru=10/config-219.txt.gz,1.2,0.08,62.0
SRRW-MARCELO-L=130-N=186741-phi=0.08-alpha=1.2-bmax=20-r=0.49-ru=10/config-22.txt.gz,1.2,0.08,39.0
SRRW-MARCELO-L=130-N=186741-phi=0.08-alpha=1.2-bmax=20-r=0.49-ru=10/config-220.txt.gz,1.2,0.08,59.0
SRRW-MARCELO-L=130-N=186741-phi=0.08-alpha=1.2-bmax=20-r=0.49-ru=10/config-221.txt.gz,1.2,0.08,64.0
SRRW-MARCELO-L=130-N=186741-phi=0.08-alpha=1.2-bmax=20-r=0.49-ru=10/config-222.txt.gz,1.2,0.08,53.0
SRRW-MARCELO-L=130-N=186741-phi=0.08-alpha=1.2-bmax=20-r=0.49-ru=10/config-223.txt.gz,1.2,0.08,60.0
SRRW-MARCELO-L=130-N=186741-phi=0.08-alpha=1.2-bmax=20-r=0.49-ru=10/config-224.txt.gz,1.2,0.08,58.0
SRRW-MARCELO-L=130-N=186741-phi=0.08-alpha=1.2-bmax=20-r=0.49-ru=10/config-225.txt.gz,1.2,0.08,90.0
SRRW-MARCELO-L=130-N=186741-phi=0.08-alpha=1.2-bmax=20-r=0.49-ru=10/config-226.txt.gz,1.2,0.08,62.0
SRRW-MARCELO-L=130-N=186741-phi=0.08-alpha=1.2-bmax=20-r=0.49-ru=10/config-227.txt.gz,1.2,0.08,71.0
SRRW-MARCELO-L=130-N=186741-phi=0.08-alpha=1.2-bmax=20-r=0.49-ru=10/config-228.txt.gz,1.2,0.08,74.0
SRRW-MARCELO-L=130-N=186741-phi=0.08-alpha=1.2-bmax=20-r=0.49-ru=10/config-229.txt.gz,1.2,0.08,71.0
SRRW-MARCELO-L=130-N=186741-phi=0.08-alpha=1.2-bmax=20-r=0.49-ru=10/config-23.txt.gz,1.2,0.08,56.0
SRRW-MARCELO-L=130-N=186741-phi=0.08-alpha=1.2-bmax=20-r=0.49-ru=10/config-230.txt.gz,1.2,0.08,72.0
SRRW-MARCELO-L=130-N=186741-phi=0.08-alpha=1.2-bmax=20-r=0.49-ru=10/config-231.txt.gz,1.2,0.08,64.0
SRRW-MARCELO-L=130-N=186741-phi=0.08-alpha=1.2-bmax=20-r=0.49-ru=10/config-232.txt.gz,1.2,0.08,73.0
SRRW-MARCELO-L=130-N=186741-phi=0.08-alpha=1.2-bmax=20-r=0.49-ru=10/config-233.txt.gz,1.2,0.08,79.0
SRRW-MARCELO-L=130-N=186741-phi=0.08-alpha=1.2-bmax=20-r=0.49-ru=10/config-234.txt.gz,1.2,0.08,70.0
SRRW-MARCELO-L=130-N=186741-phi=0.08-alpha=1.2-bmax=20-r=0.49-ru=10/config-235.txt.gz,1.2,0.08,64.0
SRRW-MARCELO-L=130-N=186741-phi=0.08-alpha=1.2-bmax=20-r=0.49-ru=10/config-236.txt.gz,1.2,0.08,59.0
SRRW-MARCELO-L=130-N=186741-phi=0.08-alpha=1.2-bmax=20-r=0.49-ru=10/config-237.txt.gz,1.2,0.08,59.0
SRRW-MARCELO-L=130-N=186741-phi=0.08-alpha=1.2-bmax=20-r=0.49-ru=10/config-238.txt.gz,1.2,0.08,70.0
SRRW-MARCELO-L=130-N=186741-phi=0.08-alpha=1.2-bmax=20-r=0.49-ru=10/config-239.txt.gz,1.2,0.08,65.0
SRRW-MARCELO-L=130-N=186741-phi=0.08-alpha=1.2-bmax=20-r=0.49-ru=10/config-24.txt.gz,1.2,0.08,71.0
SRRW-MARCELO-L=130-N=186741-phi=0.08-alpha=1.2-bmax=20-r=0.49-ru=10/config-240.txt.gz,1.2,0.08,60.0
SRRW-MARCELO-L=130-N=186741-phi=0.08-alpha=1.2-bmax=20-r=0.49-ru=10/config-241.txt.gz,1.2,0.08,58.0
SRRW-MARCELO-L=130-N=186741-phi=0.08-alpha=1.2-bmax=20-r=0.49-ru=10/config-242.txt.gz,1.2,0.08,60.0
SRRW-MARCELO-L=130-N=186741-phi=0.08-alpha=1.2-bmax=20-r=0.49-ru=10/config-243.txt.gz,1.2,0.08,75.0
SRRW-MARCELO-L=130-N=186741-phi=0.08-alpha=1.2-bmax=20-r=0.49-ru=10/config-244.txt.gz,1.2,0.08,90.0
SRRW-MARCELO-L=130-N=186741-phi=0.08-alpha=1.2-bmax=20-r=0.49-ru=10/config-245.txt.gz,1.2,0.08,66.0
SRRW-MARCELO-L=130-N=186741-phi=0.08-alpha=1.2-bmax=20-r=0.49-ru=10/config-246.txt.gz,1.2,0.08,64.0
SRRW-MARCELO-L=130-N=186741-phi=0.08-alpha=1.2-bmax=20-r=0.49-ru=10/config-247.txt.gz,1.2,0.08,65.0
SRRW-MARCELO-L=130-N=186741-phi=0.08-alpha=1.2-bmax=20-r=0.49-ru=10/config-248.txt.gz,1.2,0.08,61.0
SRRW-MARCELO-L=130-N=186741-phi=0.08-alpha=1.2-bmax=20-r=0.49-ru=10/config-249.txt.gz,1.2,0.08,62.0
SRRW-MARCELO-L=130-N=186741-phi=0.08-alpha=1.2-bmax=20-r=0.49-ru=10/config-25.txt.gz,1.2,0.08,78.0
SRRW-MARCELO-L=130-N=186741-phi=0.08-alpha=1.2-bmax=20-r=0.49-ru=10/config-250.txt.gz,1.2,0.08,57.0
SRRW-MARCELO-L=130-N=186741-phi=0.08-alpha=1.2-bmax=20-r=0.49-ru=10/config-251.txt.gz,1.2,0.08,66.0
SRRW-MARCELO-L=130-N=186741-phi=0.08-alpha=1.2-bmax=20-r=0.49-ru=10/config-252.txt.gz,1.2,0.08,76.0
SRRW-MARCELO-L=130-N=186741-phi=0.08-alpha=1.2-bmax=20-r=0.49-ru=10/config-253.txt.gz,1.2,0.08,70.0
SRRW-MARCELO-L=130-N=186741-phi=0.08-alpha=1.2-bmax=20-r=0.49-ru=10/config-254.txt.gz,1.2,0.08,70.0
SRRW-MARCELO-L=130-N=186741-phi=0.08-alpha=1.2-bmax=20-r=0.49-ru=10/config-255.txt.gz,1.2,0.08,60.0
SRRW-MARCELO-L=130-N=186741-phi=0.08-alpha=1.2-bmax=20-r=0.49-ru=10/config-256.txt.gz,1.2,0.08,80.0
SRRW-MARCELO-L=130-N=186741-phi=0.08-alpha=1.2-bmax=20-r=0.49-ru=10/config-257.txt.gz,1.2,0.08,76.0
SRRW-MARCELO-L=130-N=186741-phi=0.08-alpha=1.2-bmax=20-r=0.49-ru=10/config-258.txt.gz,1.2,0.08,72.0
SRRW-MARCELO-L=130-N=186741-phi=0.08-alpha=1.2-bmax=20-r=0.49-ru=10/config-259.txt.gz,1.2,0.08,53.0
SRRW-MARCELO-L=130-N=186741-phi=0.08-alpha=1.2-bmax=20-r=0.49-ru=10/config-26.txt.gz,1.2,0.08,66.0
SRRW-MARCELO-L=130-N=186741-phi=0.08-alpha=1.2-bmax=20-r=0.49-ru=10/config-260.txt.gz,1.2,0.08,87.0
SRRW-MARCELO-L=130-N=186741-phi=0.08-alpha=1.2-bmax=20-r=0.49-ru=10/config-261.txt.gz,1.2,0.08,66.0
SRRW-MARCELO-L=130-N=186741-phi=0.08-alpha=1.2-bmax=20-r=0.49-ru=10/config-262.txt.gz,1.2,0.08,60.0
SRRW-MARCELO-L=130-N=186741-phi=0.08-alpha=1.2-bmax=20-r=0.49-ru=10/config-263.txt.gz,1.2,0.08,70.0
SRRW-MARCELO-L=130-N=186741-phi=0.08-alpha=1.2-bmax=20-r=0.49-ru=10/config-264.txt.gz,1.2,0.08,93.0
SRRW-MARCELO-L=130-N=186741-phi=0.08-alpha=1.2-bmax=20-r=0.49-ru=10/config-265.txt.gz,1.2,0.08,73.0
SRRW-MARCELO-L=130-N=186741-phi=0.08-alpha=1.2-bmax=20-r=0.49-ru=10/config-266.txt.gz,1.2,0.08,66.0
SRRW-MARCELO-L=130-N=186741-phi=0.08-alpha=1.2-bmax=20-r=0.49-ru=10/config-267.txt.gz,1.2,0.08,64.0
SRRW-MARCELO-L=130-N=186741-phi=0.08-alpha=1.2-bmax=20-r=0.49-ru=10/config-268.txt.gz,1.2,0.08,69.0
SRRW-MARCELO-L=130-N=186741-phi=0.08-alpha=1.2-bmax=20-r=0.49-ru=10/config-269.txt.gz,1.2,0.08,69.0
SRRW-MARCELO-L=130-N=186741-phi=0.08-alpha=1.2-bmax=20-r=0.49-ru=10/config-27.txt.gz,1.2,0.08,60.0
SRRW-MARCELO-L=130-N=186741-phi=0.08-alpha=1.2-bmax=20-r=0.49-ru=10/config-270.txt.gz,1.2,0.08,62.0
SRRW-MARCELO-L=130-N=186741-phi=0.08-alpha=1.2-bmax=20-r=0.49-ru=10/config-271.txt.gz,1.2,0.08,63.0
SRRW-MARCELO-L=130-N=186741-phi=0.08-alpha=1.2-bmax=20-r=0.49-ru=10/config-272.txt.gz,1.2,0.08,68.0
SRRW-MARCELO-L=130-N=186741-phi=0.08-alpha=1.2-bmax=20-r=0.49-ru=10/config-273.txt.gz,1.2,0.08,66.0
SRRW-MARCELO-L=130-N=186741-phi=0.08-alpha=1.2-bmax=20-r=0.49-ru=10/config-274.txt.gz,1.2,0.08,44.0
SRRW-MARCELO-L=130-N=186741-phi=0.08-alpha=1.2-bmax=20-r=0.49-ru=10/config-275.txt.gz,1.2,0.08,53.0
SRRW-MARCELO-L=130-N=186741-phi=0.08-alpha=1.2-bmax=20-r=0.49-ru=10/config-276.txt.gz,1.2,0.08,59.0
SRRW-MARCELO-L=130-N=186741-phi=0.08-alpha=1.2-bmax=20-r=0.49-ru=10/config-277.txt.gz,1.2,0.08,49.0
SRRW-MARCELO-L=130-N=186741-phi=0.08-alpha=1.2-bmax=20-r=0.49-ru=10/config-278.txt.gz,1.2,0.08,60.0
SRRW-MARCELO-L=130-N=186741-phi=0.08-alpha=1.2-bmax=20-r=0.49-ru=10/config-279.txt.gz,1.2,0.08,68.0
SRRW-MARCELO-L=130-N=186741-phi=0.08-alpha=1.2-bmax=20-r=0.49-ru=10/config-28.txt.gz,1.2,0.08,68.0
SRRW-MARCELO-L=130-N=186741-phi=0.08-alpha=1.2-bmax=20-r=0.49-ru=10/config-280.txt.gz,1.2,0.08,79.0
SRRW-MARCELO-L=130-N=186741-phi=0.08-alpha=1.2-bmax=20-r=0.49-ru=10/config-281.txt.gz,1.2,0.08,62.0
SRRW-MARCELO-L=130-N=186741-phi=0.08-alpha=1.2-bmax=20-r=0.49-ru=10/config-282.txt.gz,1.2,0.08,68.0
SRRW-MARCELO-L=130-N=186741-phi=0.08-alpha=1.2-bmax=20-r=0.49-ru=10/config-283.txt.gz,1.2,0.08,63.0
SRRW-MARCELO-L=130-N=186741-phi=0.08-alpha=1.2-bmax=20-r=0.49-ru=10/config-284.txt.gz,1.2,0.08,65.0
SRRW-MARCELO-L=130-N=186741-phi=0.08-alpha=1.2-bmax=20-r=0.49-ru=10/config-285.txt.gz,1.2,0.08,72.0
SRRW-MARCELO-L=130-N=186741-phi=0.08-alpha=1.2-bmax=20-r=0.49-ru=10/config-286.txt.gz,1.2,0.08,68.0
SRRW-MARCELO-L=130-N=186741-phi=0.08-alpha=1.2-bmax=20-r=0.49-ru=10/config-287.txt.gz,1.2,0.08,82.0
SRRW-MARCELO-L=130-N=186741-phi=0.08-alpha=1.2-bmax=20-r=0.49-ru=10/config-288.txt.gz,1.2,0.08,55.0
SRRW-MARCELO-L=130-N=186741-phi=0.08-alpha=1.2-bmax=20-r=0.49-ru=10/config-289.txt.gz,1.2,0.08,57.0
SRRW-MARCELO-L=130-N=186741-phi=0.08-alpha=1.2-bmax=20-r=0.49-ru=10/config-29.txt.gz,1.2,0.08,72.0
SRRW-MARCELO-L=130-N=186741-phi=0.08-alpha=1.2-bmax=20-r=0.49-ru=10/config-290.txt.gz,1.2,0.08,74.0
SRRW-MARCELO-L=130-N=186741-phi=0.08-alpha=1.2-bmax=20-r=0.49-ru=10/config-291.txt.gz,1.2,0.08,70.0
SRRW-MARCELO-L=130-N=186741-phi=0.08-alpha=1.2-bmax=20-r=0.49-ru=10/config-292.txt.gz,1.2,0.08,72.0
SRRW-MARCELO-L=130-N=186741-phi=0.08-alpha=1.2-bmax=20-r=0.49-ru=10/config-293.txt.gz,1.2,0.08,64.0
SRRW-MARCELO-L=130-N=186741-phi=0.08-alpha=1.2-bmax=20-r=0.49-ru=10/config-294.txt.gz,1.2,0.08,72.0
SRRW-MARCELO-L=130-N=186741-phi=0.08-alpha=1.2-bmax=20-r=0.49-ru=10/config-295.txt.gz,1.2,0.08,56.0
SRRW-MARCELO-L=130-N=186741-phi=0.08-alpha=1.2-bmax=20-r=0.49-ru=10/config-296.txt.gz,1.2,0.08,60.0
SRRW-MARCELO-L=130-N=186741-phi=0.08-alpha=1.2-bmax=20-r=0.49-ru=10/config-297.txt.gz,1.2,0.08,78.0
SRRW-MARCELO-L=130-N=186741-phi=0.08-alpha=1.2-bmax=20-r=0.49-ru=10/config-298.txt.gz,1.2,0.08,81.0
SRRW-MARCELO-L=130-N=186741-phi=0.08-alpha=1.2-bmax=20-r=0.49-ru=10/config-299.txt.gz,1.2,0.08,62.0
SRRW-MARCELO-L=130-N=186741-phi=0.08-alpha=1.2-bmax=20-r=0.49-ru=10/config-3.txt.gz,1.2,0.08,67.0
SRRW-MARCELO-L=130-N=186741-phi=0.08-alpha=1.2-bmax=20-r=0.49-ru=10/config-30.txt.gz,1.2,0.08,73.0
SRRW-MARCELO-L=130-N=186741-phi=0.08-alpha=1.2-bmax=20-r=0.49-ru=10/config-300.txt.gz,1.2,0.08,69.0
SRRW-MARCELO-L=130-N=186741-phi=0.08-alpha=1.2-bmax=20-r=0.49-ru=10/config-301.txt.gz,1.2,0.08,72.0
SRRW-MARCELO-L=130-N=186741-phi=0.08-alpha=1.2-bmax=20-r=0.49-ru=10/config-302.txt.gz,1.2,0.08,76.0
SRRW-MARCELO-L=130-N=186741-phi=0.08-alpha=1.2-bmax=20-r=0.49-ru=10/config-303.txt.gz,1.2,0.08,53.0
SRRW-MARCELO-L=130-N=186741-phi=0.08-alpha=1.2-bmax=20-r=0.49-ru=10/config-304.txt.gz,1.2,0.08,76.0
SRRW-MARCELO-L=130-N=186741-phi=0.08-alpha=1.2-bmax=20-r=0.49-ru=10/config-305.txt.gz,1.2,0.08,60.0
SRRW-MARCELO-L=130-N=186741-phi=0.08-alpha=1.2-bmax=20-r=0.49-ru=10/config-306.txt.gz,1.2,0.08,65.0
SRRW-MARCELO-L=130-N=186741-phi=0.08-alpha=1.2-bmax=20-r=0.49-ru=10/config-307.txt.gz,1.2,0.08,60.0
SRRW-MARCELO-L=130-N=186741-phi=0.08-alpha=1.2-bmax=20-r=0.49-ru=10/config-308.txt.gz,1.2,0.08,83.0
SRRW-MARCELO-L=130-N=186741-phi=0.08-alpha=1.2-bmax=20-r=0.49-ru=10/config-309.txt.gz,1.2,0.08,78.0
SRRW-MARCELO-L=130-N=186741-phi=0.08-alpha=1.2-bmax=20-r=0.49-ru=10/config-31.txt.gz,1.2,0.08,68.0
SRRW-MARCELO-L=130-N=186741-phi=0.08-alpha=1.2-bmax=20-r=0.49-ru=10/config-310.txt.gz,1.2,0.08,53.0
SRRW-MARCELO-L=130-N=186741-phi=0.08-alpha=1.2-bmax=20-r=0.49-ru=10/config-311.txt.gz,1.2,0.08,57.0
SRRW-MARCELO-L=130-N=186741-phi=0.08-alpha=1.2-bmax=20-r=0.49-ru=10/config-312.txt.gz,1.2,0.08,80.0
SRRW-MARCELO-L=130-N=186741-phi=0.08-alpha=1.2-bmax=20-r=0.49-ru=10/config-313.txt.gz,1.2,0.08,76.0
SRRW-MARCELO-L=130-N=186741-phi=0.08-alpha=1.2-bmax=20-r=0.49-ru=10/config-314.txt.gz,1.2,0.08,60.0
SRRW-MARCELO-L=130-N=186741-phi=0.08-alpha=1.2-bmax=20-r=0.49-ru=10/config-315.txt.gz,1.2,0.08,44.0
SRRW-MARCELO-L=130-N=186741-phi=0.08-alpha=1.2-bmax=20-r=0.49-ru=10/config-316.txt.gz,1.2,0.08,59.0
SRRW-MARCELO-L=130-N=186741-phi=0.08-alpha=1.2-bmax=20-r=0.49-ru=10/config-317.txt.gz,1.2,0.08,59.0
SRRW-MARCELO-L=130-N=186741-phi=0.08-alpha=1.2-bmax=20-r=0.49-ru=10/config-318.txt.gz,1.2,0.08,70.0
SRRW-MARCELO-L=130-N=186741-phi=0.08-alpha=1.2-bmax=20-r=0.49-ru=10/config-319.txt.gz,1.2,0.08,73.0
SRRW-MARCELO-L=130-N=186741-phi=0.08-alpha=1.2-bmax=20-r=0.49-ru=10/config-32.txt.gz,1.2,0.08,62.0
SRRW-MARCELO-L=130-N=186741-phi=0.08-alpha=1.2-bmax=20-r=0.49-ru=10/config-320.txt.gz,1.2,0.08,56.0
SRRW-MARCELO-L=130-N=186741-phi=0.08-alpha=1.2-bmax=20-r=0.49-ru=10/config-321.txt.gz,1.2,0.08,80.0
SRRW-MARCELO-L=130-N=186741-phi=0.08-alpha=1.2-bmax=20-r=0.49-ru=10/config-322.txt.gz,1.2,0.08,68.0
SRRW-MARCELO-L=130-N=186741-phi=0.08-alpha=1.2-bmax=20-r=0.49-ru=10/config-323.txt.gz,1.2,0.08,67.0
SRRW-MARCELO-L=130-N=186741-phi=0.08-alpha=1.2-bmax=20-r=0.49-ru=10/config-324.txt.gz,1.2,0.08,65.0
SRRW-MARCELO-L=130-N=186741-phi=0.08-alpha=1.2-bmax=20-r=0.49-ru=10/config-325.txt.gz,1.2,0.08,68.0
SRRW-MARCELO-L=130-N=186741-phi=0.08-alpha=1.2-bmax=20-r=0.49-ru=10/config-326.txt.gz,1.2,0.08,70.0
SRRW-MARCELO-L=130-N=186741-phi=0.08-alpha=1.2-bmax=20-r=0.49-ru=10/config-327.txt.gz,1.2,0.08,57.0
SRRW-MARCELO-L=130-N=186741-phi=0.08-alpha=1.2-bmax=20-r=0.49-ru=10/config-328.txt.gz,1.2,0.08,60.0
SRRW-MARCELO-L=130-N=186741-phi=0.08-alpha=1.2-bmax=20-r=0.49-ru=10/config-329.txt.gz,1.2,0.08,55.0
SRRW-MARCELO-L=130-N=186741-phi=0.08-alpha=1.2-bmax=20-r=0.49-ru=10/config-33.txt.gz,1.2,0.08,70.0
SRRW-MARCELO-L=130-N=186741-phi=0.08-alpha=1.2-bmax=20-r=0.49-ru=10/config-330.txt.gz,1.2,0.08,60.0
SRRW-MARCELO-L=130-N=186741-phi=0.08-alpha=1.2-bmax=20-r=0.49-ru=10/config-331.txt.gz,1.2,0.08,77.0
SRRW-MARCELO-L=130-N=186741-phi=0.08-alpha=1.2-bmax=20-r=0.49-ru=10/config-332.txt.gz,1.2,0.08,68.0
SRRW-MARCELO-L=130-N=186741-phi=0.08-alpha=1.2-bmax=20-r=0.49-ru=10/config-333.txt.gz,1.2,0.08,57.0
SRRW-MARCELO-L=130-N=186741-phi=0.08-alpha=1.2-bmax=20-r=0.49-ru=10/config-334.txt.gz,1.2,0.08,62.0
SRRW-MARCELO-L=130-N=186741-phi=0.08-alpha=1.2-bmax=20-r=0.49-ru=10/config-335.txt.gz,1.2,0.08,64.0
SRRW-MARCELO-L=130-N=186741-phi=0.08-alpha=1.2-bmax=20-r=0.49-ru=10/config-336.txt.gz,1.2,0.08,59.0
SRRW-MARCELO-L=130-N=186741-phi=0.08-alpha=1.2-bmax=20-r=0.49-ru=10/config-337.txt.gz,1.2,0.08,82.0
SRRW-MARCELO-L=130-N=186741-phi=0.08-alpha=1.2-bmax=20-r=0.49-ru=10/config-338.txt.gz,1.2,0.08,51.0
SRRW-MARCELO-L=130-N=186741-phi=0.08-alpha=1.2-bmax=20-r=0.49-ru=10/config-339.txt.gz,1.2,0.08,57.0
SRRW-MARCELO-L=130-N=186741-phi=0.08-alpha=1.2-bmax=20-r=0.49-ru=10/config-34.txt.gz,1.2,0.08,78.0
SRRW-MARCELO-L=130-N=186741-phi=0.08-alpha=1.2-bmax=20-r=0.49-ru=10/config-340.txt.gz,1.2,0.08,54.0
SRRW-MARCELO-L=130-N=186741-phi=0.08-alpha=1.2-bmax=20-r=0.49-ru=10/config-341.txt.gz,1.2,0.08,70.0
SRRW-MARCELO-L=130-N=186741-phi=0.08-alpha=1.2-bmax=20-r=0.49-ru=10/config-342.txt.gz,1.2,0.08,78.0
SRRW-MARCELO-L=130-N=186741-phi=0.08-alpha=1.2-bmax=20-r=0.49-ru=10/config-343.txt.gz,1.2,0.08,67.0
SRRW-MARCELO-L=130-N=186741-phi=0.08-alpha=1.2-bmax=20-r=0.49-ru=10/config-344.txt.gz,1.2,0.08,58.0
SRRW-MARCELO-L=130-N=186741-phi=0.08-alpha=1.2-bmax=20-r=0.49-ru=10/config-345.txt.gz,1.2,0.08,58.0
SRRW-MARCELO-L=130-N=186741-phi=0.08-alpha=1.2-bmax=20-r=0.49-ru=10/config-346.txt.gz,1.2,0.08,64.0
SRRW-MARCELO-L=130-N=186741-phi=0.08-alpha=1.2-bmax=20-r=0.49-ru=10/config-347.txt.gz,1.2,0.08,71.0
SRRW-MARCELO-L=130-N=186741-phi=0.08-alpha=1.2-bmax=20-r=0.49-ru=10/config-348.txt.gz,1.2,0.08,88.0
SRRW-MARCELO-L=130-N=186741-phi=0.08-alpha=1.2-bmax=20-r=0.49-ru=10/config-349.txt.gz,1.2,0.08,68.0
SRRW-MARCELO-L=130-N=186741-phi=0.08-alpha=1.2-bmax=20-r=0.49-ru=10/config-35.txt.gz,1.2,0.08,74.0
SRRW-MARCELO-L=130-N=186741-phi=0.08-alpha=1.2-bmax=20-r=0.49-ru=10/config-350.txt.gz,1.2,0.08,74.0
SRRW-MARCELO-L=130-N=186741-phi=0.08-alpha=1.2-bmax=20-r=0.49-ru=10/config-351.txt.gz,1.2,0.08,54.0
SRRW-MARCELO-L=130-N=186741-phi=0.08-alpha=1.2-bmax=20-r=0.49-ru=10/config-352.txt.gz,1.2,0.08,60.0
SRRW-MARCELO-L=130-N=186741-phi=0.08-alpha=1.2-bmax=20-r=0.49-ru=10/config-353.txt.gz,1.2,0.08,80.0
SRRW-MARCELO-L=130-N=186741-phi=0.08-alpha=1.2-bmax=20-r=0.49-ru=10/config-354.txt.gz,1.2,0.08,60.0
SRRW-MARCELO-L=130-N=186741-phi=0.08-alpha=1.2-bmax=20-r=0.49-ru=10/config-355.txt.gz,1.2,0.08,60.0
SRRW-MARCELO-L=130-N=186741-phi=0.08-alpha=1.2-bmax=20-r=0.49-ru=10/config-356.txt.gz,1.2,0.08,70.0
SRRW-MARCELO-L=130-N=186741-phi=0.08-alpha=1.2-bmax=20-r=0.49-ru=10/config-357.txt.gz,1.2,0.08,68.0
SRRW-MARCELO-L=130-N=186741-phi=0.08-alpha=1.2-bmax=20-r=0.49-ru=10/config-358.txt.gz,1.2,0.08,75.0
SRRW-MARCELO-L=130-N=186741-phi=0.08-alpha=1.2-bmax=20-r=0.49-ru=10/config-359.txt.gz,1.2,0.08,76.0
SRRW-MARCELO-L=130-N=186741-phi=0.08-alpha=1.2-bmax=20-r=0.49-ru=10/config-36.txt.gz,1.2,0.08,79.0
SRRW-MARCELO-L=130-N=186741-phi=0.08-alpha=1.2-bmax=20-r=0.49-ru=10/config-360.txt.gz,1.2,0.08,47.0
SRRW-MARCELO-L=130-N=186741-phi=0.08-alpha=1.2-bmax=20-r=0.49-ru=10/config-361.txt.gz,1.2,0.08,58.0
SRRW-MARCELO-L=130-N=186741-phi=0.08-alpha=1.2-bmax=20-r=0.49-ru=10/config-362.txt.gz,1.2,0.08,73.0
SRRW-MARCELO-L=130-N=186741-phi=0.08-alpha=1.2-bmax=20-r=0.49-ru=10/config-363.txt.gz,1.2,0.08,64.0
SRRW-MARCELO-L=130-N=186741-phi=0.08-alpha=1.2-bmax=20-r=0.49-ru=10/config-364.txt.gz,1.2,0.08,72.0
SRRW-MARCELO-L=130-N=186741-phi=0.08-alpha=1.2-bmax=20-r=0.49-ru=10/config-365.txt.gz,1.2,0.08,71.0
SRRW-MARCELO-L=130-N=186741-phi=0.08-alpha=1.2-bmax=20-r=0.49-ru=10/config-366.txt.gz,1.2,0.08,60.0
SRRW-MARCELO-L=130-N=186741-phi=0.08-alpha=1.2-bmax=20-r=0.49-ru=10/config-367.txt.gz,1.2,0.08,62.0
SRRW-MARCELO-L=130-N=186741-phi=0.08-alpha=1.2-bmax=20-r=0.49-ru=10/config-368.txt.gz,1.2,0.08,56.0
SRRW-MARCELO-L=130-N=186741-phi=0.08-alpha=1.2-bmax=20-r=0.49-ru=10/config-369.txt.gz,1.2,0.08,45.0
SRRW-MARCELO-L=130-N=186741-phi=0.08-alpha=1.2-bmax=20-r=0.49-ru=10/config-37.txt.gz,1.2,0.08,66.0
SRRW-MARCELO-L=130-N=186741-phi=0.08-alpha=1.2-bmax=20-r=0.49-ru=10/config-370.txt.gz,1.2,0.08,64.0
SRRW-MARCELO-L=130-N=186741-phi=0.08-alpha=1.2-bmax=20-r=0.49-ru=10/config-371.txt.gz,1.2,0.08,69.0
SRRW-MARCELO-L=130-N=186741-phi=0.08-alpha=1.2-bmax=20-r=0.49-ru=10/config-372.txt.gz,1.2,0.08,90.0
SRRW-MARCELO-L=130-N=186741-phi=0.08-alpha=1.2-bmax=20-r=0.49-ru=10/config-373.txt.gz,1.2,0.08,54.0
SRRW-MARCELO-L=130-N=186741-phi=0.08-alpha=1.2-bmax=20-r=0.49-ru=10/config-374.txt.gz,1.2,0.08,59.0
SRRW-MARCELO-L=130-N=186741-phi=0.08-alpha=1.2-bmax=20-r=0.49-ru=10/config-375.txt.gz,1.2,0.08,65.0
SRRW-MARCELO-L=130-N=186741-phi=0.08-alpha=1.2-bmax=20-r=0.49-ru=10/config-376.txt.gz,1.2,0.08,72.0
SRRW-MARCELO-L=130-N=186741-phi=0.08-alpha=1.2-bmax=20-r=0.49-ru=10/config-377.txt.gz,1.2,0.08,92.0
SRRW-MARCELO-L=130-N=186741-phi=0.08-alpha=1.2-bmax=20-r=0.49-ru=10/config-378.txt.gz,1.2,0.08,66.0
SRRW-MARCELO-L=130-N=186741-phi=0.08-alpha=1.2-bmax=20-r=0.49-ru=10/config-379.txt.gz,1.2,0.08,68.0
SRRW-MARCELO-L=130-N=186741-phi=0.08-alpha=1.2-bmax=20-r=0.49-ru=10/config-38.txt.gz,1.2,0.08,64.0
SRRW-MARCELO-L=130-N=186741-phi=0.08-alpha=1.2-bmax=20-r=0.49-ru=10/config-380.txt.gz,1.2,0.08,67.0
SRRW-MARCELO-L=130-N=186741-phi=0.08-alpha=1.2-bmax=20-r=0.49-ru=10/config-381.txt.gz,1.2,0.08,74.0
SRRW-MARCELO-L=130-N=186741-phi=0.08-alpha=1.2-bmax=20-r=0.49-ru=10/config-382.txt.gz,1.2,0.08,72.0
SRRW-MARCELO-L=130-N=186741-phi=0.08-alpha=1.2-bmax=20-r=0.49-ru=10/config-383.txt.gz,1.2,0.08,57.0
SRRW-MARCELO-L=130-N=186741-phi=0.08-alpha=1.2-bmax=20-r=0.49-ru=10/config-384.txt.gz,1.2,0.08,60.0
SRRW-MARCELO-L=130-N=186741-phi=0.08-alpha=1.2-bmax=20-r=0.49-ru=10/config-385.txt.gz,1.2,0.08,60.0
SRRW-MARCELO-L=130-N=186741-phi=0.08-alpha=1.2-bmax=20-r=0.49-ru=10/config-386.txt.gz,1.2,0.08,66.0
SRRW-MARCELO-L=130-N=186741-phi=0.08-alpha=1.2-bmax=20-r=0.49-ru=10/config-387.txt.gz,1.2,0.08,78.0
SRRW-MARCELO-L=130-N=186741-phi=0.08-alpha=1.2-bmax=20-r=0.49-ru=10/config-388.txt.gz,1.2,0.08,62.0
SRRW-MARCELO-L=130-N=186741-phi=0.08-alpha=1.2-bmax=20-r=0.49-ru=10/config-389.txt.gz,1.2,0.08,63.0
SRRW-MARCELO-L=130-N=186741-phi=0.08-alpha=1.2-bmax=20-r=0.49-ru=10/config-39.txt.gz,1.2,0.08,99.0
SRRW-MARCELO-L=130-N=186741-phi=0.08-alpha=1.2-bmax=20-r=0.49-ru=10/config-390.txt.gz,1.2,0.08,42.0
SRRW-MARCELO-L=130-N=186741-phi=0.08-alpha=1.2-bmax=20-r=0.49-ru=10/config-391.txt.gz,1.2,0.08,70.0
SRRW-MARCELO-L=130-N=186741-phi=0.08-alpha=1.2-bmax=20-r=0.49-ru=10/config-392.txt.gz,1.2,0.08,42.0
SRRW-MARCELO-L=130-N=186741-phi=0.08-alpha=1.2-bmax=20-r=0.49-ru=10/config-393.txt.gz,1.2,0.08,68.0
SRRW-MARCELO-L=130-N=186741-phi=0.08-alpha=1.2-bmax=20-r=0.49-ru=10/config-394.txt.gz,1.2,0.08,80.0
SRRW-MARCELO-L=130-N=186741-phi=0.08-alpha=1.2-bmax=20-r=0.49-ru=10/config-395.txt.gz,1.2,0.08,44.0
SRRW-MARCELO-L=130-N=186741-phi=0.08-alpha=1.2-bmax=20-r=0.49-ru=10/config-396.txt.gz,1.2,0.08,65.0
SRRW-MARCELO-L=130-N=186741-phi=0.08-alpha=1.2-bmax=20-r=0.49-ru=10/config-397.txt.gz,1.2,0.08,65.0
SRRW-MARCELO-L=130-N=186741-phi=0.08-alpha=1.2-bmax=20-r=0.49-ru=10/config-398.txt.gz,1.2,0.08,57.0
SRRW-MARCELO-L=130-N=186741-phi=0.08-alpha=1.2-bmax=20-r=0.49-ru=10/config-399.txt.gz,1.2,0.08,60.0
SRRW-MARCELO-L=130-N=186741-phi=0.08-alpha=1.2-bmax=20-r=0.49-ru=10/config-4.txt.gz,1.2,0.08,74.0
SRRW-MARCELO-L=130-N=186741-phi=0.08-alpha=1.2-bmax=20-r=0.49-ru=10/config-40.txt.gz,1.2,0.08,65.0
SRRW-MARCELO-L=130-N=186741-phi=0.08-alpha=1.2-bmax=20-r=0.49-ru=10/config-400.txt.gz,1.2,0.08,53.0
SRRW-MARCELO-L=130-N=186741-phi=0.08-alpha=1.2-bmax=20-r=0.49-ru=10/config-401.txt.gz,1.2,0.08,53.0
SRRW-MARCELO-L=130-N=186741-phi=0.08-alpha=1.2-bmax=20-r=0.49-ru=10/config-402.txt.gz,1.2,0.08,72.0
SRRW-MARCELO-L=130-N=186741-phi=0.08-alpha=1.2-bmax=20-r=0.49-ru=10/config-403.txt.gz,1.2,0.08,64.0
SRRW-MARCELO-L=130-N=186741-phi=0.08-alpha=1.2-bmax=20-r=0.49-ru=10/config-404.txt.gz,1.2,0.08,84.0
SRRW-MARCELO-L=130-N=186741-phi=0.08-alpha=1.2-bmax=20-r=0.49-ru=10/config-405.txt.gz,1.2,0.08,65.0
SRRW-MARCELO-L=130-N=186741-phi=0.08-alpha=1.2-bmax=20-r=0.49-ru=10/config-406.txt.gz,1.2,0.08,69.0
SRRW-MARCELO-L=130-N=186741-phi=0.08-alpha=1.2-bmax=20-r=0.49-ru=10/config-407.txt.gz,1.2,0.08,59.0
SRRW-MARCELO-L=130-N=186741-phi=0.08-alpha=1.2-bmax=20-r=0.49-ru=10/config-408.txt.gz,1.2,0.08,60.0
SRRW-MARCELO-L=130-N=186741-phi=0.08-alpha=1.2-bmax=20-r=0.49-ru=10/config-409.txt.gz,1.2,0.08,65.0
SRRW-MARCELO-L=130-N=186741-phi=0.08-alpha=1.2-bmax=20-r=0.49-ru=10/config-41.txt.gz,1.2,0.08,80.0
SRRW-MARCELO-L=130-N=186741-phi=0.08-alpha=1.2-bmax=20-r=0.49-ru=10/config-410.txt.gz,1.2,0.08,65.0
SRRW-MARCELO-L=130-N=186741-phi=0.08-alpha=1.2-bmax=20-r=0.49-ru=10/config-411.txt.gz,1.2,0.08,60.0
SRRW-MARCELO-L=130-N=186741-phi=0.08-alpha=1.2-bmax=20-r=0.49-ru=10/config-412.txt.gz,1.2,0.08,65.0
SRRW-MARCELO-L=130-N=186741-phi=0.08-alpha=1.2-bmax=20-r=0.49-ru=10/config-413.txt.gz,1.2,0.08,71.0
SRRW-MARCELO-L=130-N=186741-phi=0.08-alpha=1.2-bmax=20-r=0.49-ru=10/config-414.txt.gz,1.2,0.08,60.0
SRRW-MARCELO-L=130-N=186741-phi=0.08-alpha=1.2-bmax=20-r=0.49-ru=10/config-415.txt.gz,1.2,0.08,73.0
SRRW-MARCELO-L=130-N=186741-phi=0.08-alpha=1.2-bmax=20-r=0.49-ru=10/config-416.txt.gz,1.2,0.08,46.0
SRRW-MARCELO-L=130-N=186741-phi=0.08-alpha=1.2-bmax=20-r=0.49-ru=10/config-417.txt.gz,1.2,0.08,57.0
SRRW-MARCELO-L=130-N=186741-phi=0.08-alpha=1.2-bmax=20-r=0.49-ru=10/config-418.txt.gz,1.2,0.08,79.0
SRRW-MARCELO-L=130-N=186741-phi=0.08-alpha=1.2-bmax=20-r=0.49-ru=10/config-419.txt.gz,1.2,0.08,68.0
SRRW-MARCELO-L=130-N=186741-phi=0.08-alpha=1.2-bmax=20-r=0.49-ru=10/config-42.txt.gz,1.2,0.08,84.0
SRRW-MARCELO-L=130-N=186741-phi=0.08-alpha=1.2-bmax=20-r=0.49-ru=10/config-420.txt.gz,1.2,0.08,76.0
SRRW-MARCELO-L=130-N=186741-phi=0.08-alpha=1.2-bmax=20-r=0.49-ru=10/config-421.txt.gz,1.2,0.08,59.0
SRRW-MARCELO-L=130-N=186741-phi=0.08-alpha=1.2-bmax=20-r=0.49-ru=10/config-422.txt.gz,1.2,0.08,78.0
SRRW-MARCELO-L=130-N=186741-phi=0.08-alpha=1.2-bmax=20-r=0.49-ru=10/config-423.txt.gz,1.2,0.08,61.0
SRRW-MARCELO-L=130-N=186741-phi=0.08-alpha=1.2-bmax=20-r=0.49-ru=10/config-424.txt.gz,1.2,0.08,65.0
SRRW-MARCELO-L=130-N=186741-phi=0.08-alpha=1.2-bmax=20-r=0.49-ru=10/config-425.txt.gz,1.2,0.08,62.0
SRRW-MARCELO-L=130-N=186741-phi=0.08-alpha=1.2-bmax=20-r=0.49-ru=10/config-426.txt.gz,1.2,0.08,76.0
SRRW-MARCELO-L=130-N=186741-phi=0.08-alpha=1.2-bmax=20-r=0.49-ru=10/config-427.txt.gz,1.2,0.08,70.0
SRRW-MARCELO-L=130-N=186741-phi=0.08-alpha=1.2-bmax=20-r=0.49-ru=10/config-428.txt.gz,1.2,0.08,58.0
SRRW-MARCELO-L=130-N=186741-phi=0.08-alpha=1.2-bmax=20-r=0.49-ru=10/config-429.txt.gz,1.2,0.08,57.0
SRRW-MARCELO-L=130-N=186741-phi=0.08-alpha=1.2-bmax=20-r=0.49-ru=10/config-43.txt.gz,1.2,0.08,55.0
SRRW-MARCELO-L=130-N=186741-phi=0.08-alpha=1.2-bmax=20-r=0.49-ru=10/config-430.txt.gz,1.2,0.08,62.0
SRRW-MARCELO-L=130-N=186741-phi=0.08-alpha=1.2-bmax=20-r=0.49-ru=10/config-431.txt.gz,1.2,0.08,62.0
SRRW-MARCELO-L=130-N=186741-phi=0.08-alpha=1.2-bmax=20-r=0.49-ru=10/config-432.txt.gz,1.2,0.08,63.0
SRRW-MARCELO-L=130-N=186741-phi=0.08-alpha=1.2-bmax=20-r=0.49-ru=10/config-433.txt.gz,1.2,0.08,75.0
SRRW-MARCELO-L=130-N=186741-phi=0.08-alpha=1.2-bmax=20-r=0.49-ru=10/config-434.txt.gz,1.2,0.08,65.0
SRRW-MARCELO-L=130-N=186741-phi=0.08-alpha=1.2-bmax=20-r=0.49-ru=10/config-435.txt.gz,1.2,0.08,58.0
SRRW-MARCELO-L=130-N=186741-phi=0.08-alpha=1.2-bmax=20-r=0.49-ru=10/config-436.txt.gz,1.2,0.08,74.0
SRRW-MARCELO-L=130-N=186741-phi=0.08-alpha=1.2-bmax=20-r=0.49-ru=10/config-437.txt.gz,1.2,0.08,79.0
SRRW-MARCELO-L=130-N=186741-phi=0.08-alpha=1.2-bmax=20-r=0.49-ru=10/config-438.txt.gz,1.2,0.08,66.0
SRRW-MARCELO-L=130-N=186741-phi=0.08-alpha=1.2-bmax=20-r=0.49-ru=10/config-439.txt.gz,1.2,0.08,74.0
SRRW-MARCELO-L=130-N=186741-phi=0.08-alpha=1.2-bmax=20-r=0.49-ru=10/config-44.txt.gz,1.2,0.08,72.0
SRRW-MARCELO-L=130-N=186741-phi=0.08-alpha=1.2-bmax=20-r=0.49-ru=10/config-440.txt.gz,1.2,0.08,74.0
SRRW-MARCELO-L=130-N=186741-phi=0.08-alpha=1.2-bmax=20-r=0.49-ru=10/config-441.txt.gz,1.2,0.08,62.0
SRRW-MARCELO-L=130-N=186741-phi=0.08-alpha=1.2-bmax=20-r=0.49-ru=10/config-442.txt.gz,1.2,0.08,59.0
SRRW-MARCELO-L=130-N=186741-phi=0.08-alpha=1.2-bmax=20-r=0.49-ru=10/config-443.txt.gz,1.2,0.08,61.0
SRRW-MARCELO-L=130-N=186741-phi=0.08-alpha=1.2-bmax=20-r=0.49-ru=10/config-444.txt.gz,1.2,0.08,72.0
SRRW-MARCELO-L=130-N=186741-phi=0.08-alpha=1.2-bmax=20-r=0.49-ru=10/config-445.txt.gz,1.2,0.08,79.0
SRRW-MARCELO-L=130-N=186741-phi=0.08-alpha=1.2-bmax=20-r=0.49-ru=10/config-446.txt.gz,1.2,0.08,75.0
SRRW-MARCELO-L=130-N=186741-phi=0.08-alpha=1.2-bmax=20-r=0.49-ru=10/config-447.txt.gz,1.2,0.08,77.0
SRRW-MARCELO-L=130-N=186741-phi=0.08-alpha=1.2-bmax=20-r=0.49-ru=10/config-448.txt.gz,1.2,0.08,63.0
SRRW-MARCELO-L=130-N=186741-phi=0.08-alpha=1.2-bmax=20-r=0.49-ru=10/config-449.txt.gz,1.2,0.08,55.0
SRRW-MARCELO-L=130-N=186741-phi=0.08-alpha=1.2-bmax=20-r=0.49-ru=10/config-45.txt.gz,1.2,0.08,58.0
SRRW-MARCELO-L=130-N=186741-phi=0.08-alpha=1.2-bmax=20-r=0.49-ru=10/config-450.txt.gz,1.2,0.08,68.0
SRRW-MARCELO-L=130-N=186741-phi=0.08-alpha=1.2-bmax=20-r=0.49-ru=10/config-451.txt.gz,1.2,0.08,59.0
SRRW-MARCELO-L=130-N=186741-phi=0.08-alpha=1.2-bmax=20-r=0.49-ru=10/config-452.txt.gz,1.2,0.08,59.0
SRRW-MARCELO-L=130-N=186741-phi=0.08-alpha=1.2-bmax=20-r=0.49-ru=10/config-453.txt.gz,1.2,0.08,65.0
SRRW-MARCELO-L=130-N=186741-phi=0.08-alpha=1.2-bmax=20-r=0.49-ru=10/config-454.txt.gz,1.2,0.08,59.0
SRRW-MARCELO-L=130-N=186741-phi=0.08-alpha=1.2-bmax=20-r=0.49-ru=10/config-455.txt.gz,1.2,0.08,57.0
SRRW-MARCELO-L=130-N=186741-phi=0.08-alpha=1.2-bmax=20-r=0.49-ru=10/config-456.txt.gz,1.2,0.08,66.0
SRRW-MARCELO-L=130-N=186741-phi=0.08-alpha=1.2-bmax=20-r=0.49-ru=10/config-457.txt.gz,1.2,0.08,67.0
SRRW-MARCELO-L=130-N=186741-phi=0.08-alpha=1.2-bmax=20-r=0.49-ru=10/config-458.txt.gz,1.2,0.08,56.0
SRRW-MARCELO-L=130-N=186741-phi=0.08-alpha=1.2-bmax=20-r=0.49-ru=10/config-459.txt.gz,1.2,0.08,70.0
SRRW-MARCELO-L=130-N=186741-phi=0.08-alpha=1.2-bmax=20-r=0.49-ru=10/config-46.txt.gz,1.2,0.08,56.0
SRRW-MARCELO-L=130-N=186741-phi=0.08-alpha=1.2-bmax=20-r=0.49-ru=10/config-460.txt.gz,1.2,0.08,70.0
SRRW-MARCELO-L=130-N=186741-phi=0.08-alpha=1.2-bmax=20-r=0.49-ru=10/config-461.txt.gz,1.2,0.08,71.0
SRRW-MARCELO-L=130-N=186741-phi=0.08-alpha=1.2-bmax=20-r=0.49-ru=10/config-462.txt.gz,1.2,0.08,59.0
SRRW-MARCELO-L=130-N=186741-phi=0.08-alpha=1.2-bmax=20-r=0.49-ru=10/config-463.txt.gz,1.2,0.08,61.0
SRRW-MARCELO-L=130-N=186741-phi=0.08-alpha=1.2-bmax=20-r=0.49-ru=10/config-464.txt.gz,1.2,0.08,72.0
SRRW-MARCELO-L=130-N=186741-phi=0.08-alpha=1.2-bmax=20-r=0.49-ru=10/config-465.txt.gz,1.2,0.08,62.0
SRRW-MARCELO-L=130-N=186741-phi=0.08-alpha=1.2-bmax=20-r=0.49-ru=10/config-466.txt.gz,1.2,0.08,77.0
SRRW-MARCELO-L=130-N=186741-phi=0.08-alpha=1.2-bmax=20-r=0.49-ru=10/config-467.txt.gz,1.2,0.08,69.0
SRRW-MARCELO-L=130-N=186741-phi=0.08-alpha=1.2-bmax=20-r=0.49-ru=10/config-468.txt.gz,1.2,0.08,67.0
SRRW-MARCELO-L=130-N=186741-phi=0.08-alpha=1.2-bmax=20-r=0.49-ru=10/config-469.txt.gz,1.2,0.08,77.0
SRRW-MARCELO-L=130-N=186741-phi=0.08-alpha=1.2-bmax=20-r=0.49-ru=10/config-47.txt.gz,1.2,0.08,55.0
SRRW-MARCELO-L=130-N=186741-phi=0.08-alpha=1.2-bmax=20-r=0.49-ru=10/config-470.txt.gz,1.2,0.08,55.0
SRRW-MARCELO-L=130-N=186741-phi=0.08-alpha=1.2-bmax=20-r=0.49-ru=10/config-471.txt.gz,1.2,0.08,83.0
SRRW-MARCELO-L=130-N=186741-phi=0.08-alpha=1.2-bmax=20-r=0.49-ru=10/config-472.txt.gz,1.2,0.08,76.0
SRRW-MARCELO-L=130-N=186741-phi=0.08-alpha=1.2-bmax=20-r=0.49-ru=10/config-473.txt.gz,1.2,0.08,56.0
SRRW-MARCELO-L=130-N=186741-phi=0.08-alpha=1.2-bmax=20-r=0.49-ru=10/config-474.txt.gz,1.2,0.08,60.0
SRRW-MARCELO-L=130-N=186741-phi=0.08-alpha=1.2-bmax=20-r=0.49-ru=10/config-475.txt.gz,1.2,0.08,64.0
SRRW-MARCELO-L=130-N=186741-phi=0.08-alpha=1.2-bmax=20-r=0.49-ru=10/config-476.txt.gz,1.2,0.08,69.0
SRRW-MARCELO-L=130-N=186741-phi=0.08-alpha=1.2-bmax=20-r=0.49-ru=10/config-477.txt.gz,1.2,0.08,58.0
SRRW-MARCELO-L=130-N=186741-phi=0.08-alpha=1.2-bmax=20-r=0.49-ru=10/config-478.txt.gz,1.2,0.08,78.0
SRRW-MARCELO-L=130-N=186741-phi=0.08-alpha=1.2-bmax=20-r=0.49-ru=10/config-479.txt.gz,1.2,0.08,56.0
SRRW-MARCELO-L=130-N=186741-phi=0.08-alpha=1.2-bmax=20-r=0.49-ru=10/config-48.txt.gz,1.2,0.08,53.0
SRRW-MARCELO-L=130-N=186741-phi=0.08-alpha=1.2-bmax=20-r=0.49-ru=10/config-480.txt.gz,1.2,0.08,68.0
SRRW-MARCELO-L=130-N=186741-phi=0.08-alpha=1.2-bmax=20-r=0.49-ru=10/config-481.txt.gz,1.2,0.08,61.0
SRRW-MARCELO-L=130-N=186741-phi=0.08-alpha=1.2-bmax=20-r=0.49-ru=10/config-482.txt.gz,1.2,0.08,73.0
SRRW-MARCELO-L=130-N=186741-phi=0.08-alpha=1.2-bmax=20-r=0.49-ru=10/config-483.txt.gz,1.2,0.08,64.0
SRRW-MARCELO-L=130-N=186741-phi=0.08-alpha=1.2-bmax=20-r=0.49-ru=10/config-484.txt.gz,1.2,0.08,60.0
SRRW-MARCELO-L=130-N=186741-phi=0.08-alpha=1.2-bmax=20-r=0.49-ru=10/config-485.txt.gz,1.2,0.08,66.0
SRRW-MARCELO-L=130-N=186741-phi=0.08-alpha=1.2-bmax=20-r=0.49-ru=10/config-486.txt.gz,1.2,0.08,71.0
SRRW-MARCELO-L=130-N=186741-phi=0.08-alpha=1.2-bmax=20-r=0.49-ru=10/config-487.txt.gz,1.2,0.08,76.0
SRRW-MARCELO-L=130-N=186741-phi=0.08-alpha=1.2-bmax=20-r=0.49-ru=10/config-488.txt.gz,1.2,0.08,71.0
SRRW-MARCELO-L=130-N=186741-phi=0.08-alpha=1.2-bmax=20-r=0.49-ru=10/config-489.txt.gz,1.2,0.08,57.0
SRRW-MARCELO-L=130-N=186741-phi=0.08-alpha=1.2-bmax=20-r=0.49-ru=10/config-49.txt.gz,1.2,0.08,64.0
SRRW-MARCELO-L=130-N=186741-phi=0.08-alpha=1.2-bmax=20-r=0.49-ru=10/config-490.txt.gz,1.2,0.08,70.0
SRRW-MARCELO-L=130-N=186741-phi=0.08-alpha=1.2-bmax=20-r=0.49-ru=10/config-491.txt.gz,1.2,0.08,55.0
SRRW-MARCELO-L=130-N=186741-phi=0.08-alpha=1.2-bmax=20-r=0.49-ru=10/config-492.txt.gz,1.2,0.08,68.0
SRRW-MARCELO-L=130-N=186741-phi=0.08-alpha=1.2-bmax=20-r=0.49-ru=10/config-493.txt.gz,1.2,0.08,67.0
SRRW-MARCELO-L=130-N=186741-phi=0.08-alpha=1.2-bmax=20-r=0.49-ru=10/config-494.txt.gz,1.2,0.08,71.0
SRRW-MARCELO-L=130-N=186741-phi=0.08-alpha=1.2-bmax=20-r=0.49-ru=10/config-495.txt.gz,1.2,0.08,65.0
SRRW-MARCELO-L=130-N=186741-phi=0.08-alpha=1.2-bmax=20-r=0.49-ru=10/config-496.txt.gz,1.2,0.08,66.0
SRRW-MARCELO-L=130-N=186741-phi=0.08-alpha=1.2-bmax=20-r=0.49-ru=10/config-497.txt.gz,1.2,0.08,61.0
SRRW-MARCELO-L=130-N=186741-phi=0.08-alpha=1.2-bmax=20-r=0.49-ru=10/config-498.txt.gz,1.2,0.08,65.0
SRRW-MARCELO-L=130-N=186741-phi=0.08-alpha=1.2-bmax=20-r=0.49-ru=10/config-499.txt.gz,1.2,0.08,77.0
SRRW-MARCELO-L=130-N=186741-phi=0.08-alpha=1.2-bmax=20-r=0.49-ru=10/config-5.txt.gz,1.2,0.08,72.0
SRRW-MARCELO-L=130-N=186741-phi=0.08-alpha=1.2-bmax=20-r=0.49-ru=10/config-50.txt.gz,1.2,0.08,64.0
SRRW-MARCELO-L=130-N=186741-phi=0.08-alpha=1.2-bmax=20-r=0.49-ru=10/config-500.txt.gz,1.2,0.08,59.0
SRRW-MARCELO-L=130-N=186741-phi=0.08-alpha=1.2-bmax=20-r=0.49-ru=10/config-501.txt.gz,1.2,0.08,60.0
SRRW-MARCELO-L=130-N=186741-phi=0.08-alpha=1.2-bmax=20-r=0.49-ru=10/config-502.txt.gz,1.2,0.08,72.0
SRRW-MARCELO-L=130-N=186741-phi=0.08-alpha=1.2-bmax=20-r=0.49-ru=10/config-503.txt.gz,1.2,0.08,73.0
SRRW-MARCELO-L=130-N=186741-phi=0.08-alpha=1.2-bmax=20-r=0.49-ru=10/config-504.txt.gz,1.2,0.08,55.0
SRRW-MARCELO-L=130-N=186741-phi=0.08-alpha=1.2-bmax=20-r=0.49-ru=10/config-505.txt.gz,1.2,0.08,60.0
SRRW-MARCELO-L=130-N=186741-phi=0.08-alpha=1.2-bmax=20-r=0.49-ru=10/config-506.txt.gz,1.2,0.08,47.0
SRRW-MARCELO-L=130-N=186741-phi=0.08-alpha=1.2-bmax=20-r=0.49-ru=10/config-507.txt.gz,1.2,0.08,68.0
SRRW-MARCELO-L=130-N=186741-phi=0.08-alpha=1.2-bmax=20-r=0.49-ru=10/config-508.txt.gz,1.2,0.08,50.0
SRRW-MARCELO-L=130-N=186741-phi=0.08-alpha=1.2-bmax=20-r=0.49-ru=10/config-509.txt.gz,1.2,0.08,59.0
SRRW-MARCELO-L=130-N=186741-phi=0.08-alpha=1.2-bmax=20-r=0.49-ru=10/config-51.txt.gz,1.2,0.08,74.0
SRRW-MARCELO-L=130-N=186741-phi=0.08-alpha=1.2-bmax=20-r=0.49-ru=10/config-510.txt.gz,1.2,0.08,71.0
SRRW-MARCELO-L=130-N=186741-phi=0.08-alpha=1.2-bmax=20-r=0.49-ru=10/config-511.txt.gz,1.2,0.08,71.0
SRRW-MARCELO-L=130-N=186741-phi=0.08-alpha=1.2-bmax=20-r=0.49-ru=10/config-512.txt.gz,1.2,0.08,73.0
SRRW-MARCELO-L=130-N=186741-phi=0.08-alpha=1.2-bmax=20-r=0.49-ru=10/config-513.txt.gz,1.2,0.08,66.0
SRRW-MARCELO-L=130-N=186741-phi=0.08-alpha=1.2-bmax=20-r=0.49-ru=10/config-514.txt.gz,1.2,0.08,53.0
SRRW-MARCELO-L=130-N=186741-phi=0.08-alpha=1.2-bmax=20-r=0.49-ru=10/config-515.txt.gz,1.2,0.08,65.0
SRRW-MARCELO-L=130-N=186741-phi=0.08-alpha=1.2-bmax=20-r=0.49-ru=10/config-516.txt.gz,1.2,0.08,73.0
SRRW-MARCELO-L=130-N=186741-phi=0.08-alpha=1.2-bmax=20-r=0.49-ru=10/config-517.txt.gz,1.2,0.08,68.0
SRRW-MARCELO-L=130-N=186741-phi=0.08-alpha=1.2-bmax=20-r=0.49-ru=10/config-518.txt.gz,1.2,0.08,58.0
SRRW-MARCELO-L=130-N=186741-phi=0.08-alpha=1.2-bmax=20-r=0.49-ru=10/config-519.txt.gz,1.2,0.08,63.0
SRRW-MARCELO-L=130-N=186741-phi=0.08-alpha=1.2-bmax=20-r=0.49-ru=10/config-52.txt.gz,1.2,0.08,77.0
SRRW-MARCELO-L=130-N=186741-phi=0.08-alpha=1.2-bmax=20-r=0.49-ru=10/config-520.txt.gz,1.2,0.08,67.0
SRRW-MARCELO-L=130-N=186741-phi=0.08-alpha=1.2-bmax=20-r=0.49-ru=10/config-521.txt.gz,1.2,0.08,68.0
SRRW-MARCELO-L=130-N=186741-phi=0.08-alpha=1.2-bmax=20-r=0.49-ru=10/config-522.txt.gz,1.2,0.08,73.0
SRRW-MARCELO-L=130-N=186741-phi=0.08-alpha=1.2-bmax=20-r=0.49-ru=10/config-523.txt.gz,1.2,0.08,69.0
SRRW-MARCELO-L=130-N=186741-phi=0.08-alpha=1.2-bmax=20-r=0.49-ru=10/config-524.txt.gz,1.2,0.08,60.0
SRRW-MARCELO-L=130-N=186741-phi=0.08-alpha=1.2-bmax=20-r=0.49-ru=10/config-525.txt.gz,1.2,0.08,73.0
SRRW-MARCELO-L=130-N=186741-phi=0.08-alpha=1.2-bmax=20-r=0.49-ru=10/config-526.txt.gz,1.2,0.08,81.0
SRRW-MARCELO-L=130-N=186741-phi=0.08-alpha=1.2-bmax=20-r=0.49-ru=10/config-527.txt.gz,1.2,0.08,73.0
SRRW-MARCELO-L=130-N=186741-phi=0.08-alpha=1.2-bmax=20-r=0.49-ru=10/config-528.txt.gz,1.2,0.08,68.0
SRRW-MARCELO-L=130-N=186741-phi=0.08-alpha=1.2-bmax=20-r=0.49-ru=10/config-529.txt.gz,1.2,0.08,89.0
SRRW-MARCELO-L=130-N=186741-phi=0.08-alpha=1.2-bmax=20-r=0.49-ru=10/config-53.txt.gz,1.2,0.08,70.0
SRRW-MARCELO-L=130-N=186741-phi=0.08-alpha=1.2-bmax=20-r=0.49-ru=10/config-530.txt.gz,1.2,0.08,64.0
SRRW-MARCELO-L=130-N=186741-phi=0.08-alpha=1.2-bmax=20-r=0.49-ru=10/config-531.txt.gz,1.2,0.08,68.0
SRRW-MARCELO-L=130-N=186741-phi=0.08-alpha=1.2-bmax=20-r=0.49-ru=10/config-532.txt.gz,1.2,0.08,76.0
SRRW-MARCELO-L=130-N=186741-phi=0.08-alpha=1.2-bmax=20-r=0.49-ru=10/config-533.txt.gz,1.2,0.08,83.0
SRRW-MARCELO-L=130-N=186741-phi=0.08-alpha=1.2-bmax=20-r=0.49-ru=10/config-534.txt.gz,1.2,0.08,70.0
SRRW-MARCELO-L=130-N=186741-phi=0.08-alpha=1.2-bmax=20-r=0.49-ru=10/config-535.txt.gz,1.2,0.08,61.0
SRRW-MARCELO-L=130-N=186741-phi=0.08-alpha=1.2-bmax=20-r=0.49-ru=10/config-536.txt.gz,1.2,0.08,59.0
SRRW-MARCELO-L=130-N=186741-phi=0.08-alpha=1.2-bmax=20-r=0.49-ru=10/config-537.txt.gz,1.2,0.08,54.0
SRRW-MARCELO-L=130-N=186741-phi=0.08-alpha=1.2-bmax=20-r=0.49-ru=10/config-538.txt.gz,1.2,0.08,74.0
SRRW-MARCELO-L=130-N=186741-phi=0.08-alpha=1.2-bmax=20-r=0.49-ru=10/config-539.txt.gz,1.2,0.08,60.0
SRRW-MARCELO-L=130-N=186741-phi=0.08-alpha=1.2-bmax=20-r=0.49-ru=10/config-54.txt.gz,1.2,0.08,61.0
SRRW-MARCELO-L=130-N=186741-phi=0.08-alpha=1.2-bmax=20-r=0.49-ru=10/config-540.txt.gz,1.2,0.08,62.0
SRRW-MARCELO-L=130-N=186741-phi=0.08-alpha=1.2-bmax=20-r=0.49-ru=10/config-541.txt.gz,1.2,0.08,57.0
SRRW-MARCELO-L=130-N=186741-phi=0.08-alpha=1.2-bmax=20-r=0.49-ru=10/config-542.txt.gz,1.2,0.08,59.0
SRRW-MARCELO-L=130-N=186741-phi=0.08-alpha=1.2-bmax=20-r=0.49-ru=10/config-543.txt.gz,1.2,0.08,71.0
SRRW-MARCELO-L=130-N=186741-phi=0.08-alpha=1.2-bmax=20-r=0.49-ru=10/config-544.txt.gz,1.2,0.08,67.0
SRRW-MARCELO-L=130-N=186741-phi=0.08-alpha=1.2-bmax=20-r=0.49-ru=10/config-545.txt.gz,1.2,0.08,75.0
SRRW-MARCELO-L=130-N=186741-phi=0.08-alpha=1.2-bmax=20-r=0.49-ru=10/config-546.txt.gz,1.2,0.08,65.0
SRRW-MARCELO-L=130-N=186741-phi=0.08-alpha=1.2-bmax=20-r=0.49-ru=10/config-547.txt.gz,1.2,0.08,63.0
SRRW-MARCELO-L=130-N=186741-phi=0.08-alpha=1.2-bmax=20-r=0.49-ru=10/config-548.txt.gz,1.2,0.08,67.0
SRRW-MARCELO-L=130-N=186741-phi=0.08-alpha=1.2-bmax=20-r=0.49-ru=10/config-549.txt.gz,1.2,0.08,53.0
SRRW-MARCELO-L=130-N=186741-phi=0.08-alpha=1.2-bmax=20-r=0.49-ru=10/config-55.txt.gz,1.2,0.08,70.0
SRRW-MARCELO-L=130-N=186741-phi=0.08-alpha=1.2-bmax=20-r=0.49-ru=10/config-550.txt.gz,1.2,0.08,63.0
SRRW-MARCELO-L=130-N=186741-phi=0.08-alpha=1.2-bmax=20-r=0.49-ru=10/config-551.txt.gz,1.2,0.08,54.0
SRRW-MARCELO-L=130-N=186741-phi=0.08-alpha=1.2-bmax=20-r=0.49-ru=10/config-552.txt.gz,1.2,0.08,85.0
SRRW-MARCELO-L=130-N=186741-phi=0.08-alpha=1.2-bmax=20-r=0.49-ru=10/config-553.txt.gz,1.2,0.08,76.0
SRRW-MARCELO-L=130-N=186741-phi=0.08-alpha=1.2-bmax=20-r=0.49-ru=10/config-554.txt.gz,1.2,0.08,78.0
SRRW-MARCELO-L=130-N=186741-phi=0.08-alpha=1.2-bmax=20-r=0.49-ru=10/config-555.txt.gz,1.2,0.08,51.0
SRRW-MARCELO-L=130-N=186741-phi=0.08-alpha=1.2-bmax=20-r=0.49-ru=10/config-556.txt.gz,1.2,0.08,52.0
SRRW-MARCELO-L=130-N=186741-phi=0.08-alpha=1.2-bmax=20-r=0.49-ru=10/config-557.txt.gz,1.2,0.08,72.0
SRRW-MARCELO-L=130-N=186741-phi=0.08-alpha=1.2-bmax=20-r=0.49-ru=10/config-558.txt.gz,1.2,0.08,61.0
SRRW-MARCELO-L=130-N=186741-phi=0.08-alpha=1.2-bmax=20-r=0.49-ru=10/config-559.txt.gz,1.2,0.08,55.0
SRRW-MARCELO-L=130-N=186741-phi=0.08-alpha=1.2-bmax=20-r=0.49-ru=10/config-56.txt.gz,1.2,0.08,65.0
SRRW-MARCELO-L=130-N=186741-phi=0.08-alpha=1.2-bmax=20-r=0.49-ru=10/config-560.txt.gz,1.2,0.08,71.0
SRRW-MARCELO-L=130-N=186741-phi=0.08-alpha=1.2-bmax=20-r=0.49-ru=10/config-561.txt.gz,1.2,0.08,66.0
SRRW-MARCELO-L=130-N=186741-phi=0.08-alpha=1.2-bmax=20-r=0.49-ru=10/config-562.txt.gz,1.2,0.08,61.0
SRRW-MARCELO-L=130-N=186741-phi=0.08-alpha=1.2-bmax=20-r=0.49-ru=10/config-563.txt.gz,1.2,0.08,62.0
SRRW-MARCELO-L=130-N=186741-phi=0.08-alpha=1.2-bmax=20-r=0.49-ru=10/config-564.txt.gz,1.2,0.08,59.0
SRRW-MARCELO-L=130-N=186741-phi=0.08-alpha=1.2-bmax=20-r=0.49-ru=10/config-565.txt.gz,1.2,0.08,65.0
SRRW-MARCELO-L=130-N=186741-phi=0.08-alpha=1.2-bmax=20-r=0.49-ru=10/config-566.txt.gz,1.2,0.08,74.0
SRRW-MARCELO-L=130-N=186741-phi=0.08-alpha=1.2-bmax=20-r=0.49-ru=10/config-567.txt.gz,1.2,0.08,79.0
SRRW-MARCELO-L=130-N=186741-phi=0.08-alpha=1.2-bmax=20-r=0.49-ru=10/config-568.txt.gz,1.2,0.08,74.0
SRRW-MARCELO-L=130-N=186741-phi=0.08-alpha=1.2-bmax=20-r=0.49-ru=10/config-569.txt.gz,1.2,0.08,75.0
SRRW-MARCELO-L=130-N=186741-phi=0.08-alpha=1.2-bmax=20-r=0.49-ru=10/config-57.txt.gz,1.2,0.08,82.0
SRRW-MARCELO-L=130-N=186741-phi=0.08-alpha=1.2-bmax=20-r=0.49-ru=10/config-570.txt.gz,1.2,0.08,83.0
SRRW-MARCELO-L=130-N=186741-phi=0.08-alpha=1.2-bmax=20-r=0.49-ru=10/config-571.txt.gz,1.2,0.08,59.0
SRRW-MARCELO-L=130-N=186741-phi=0.08-alpha=1.2-bmax=20-r=0.49-ru=10/config-572.txt.gz,1.2,0.08,66.0
SRRW-MARCELO-L=130-N=186741-phi=0.08-alpha=1.2-bmax=20-r=0.49-ru=10/config-573.txt.gz,1.2,0.08,74.0
SRRW-MARCELO-L=130-N=186741-phi=0.08-alpha=1.2-bmax=20-r=0.49-ru=10/config-574.txt.gz,1.2,0.08,68.0
SRRW-MARCELO-L=130-N=186741-phi=0.08-alpha=1.2-bmax=20-r=0.49-ru=10/config-575.txt.gz,1.2,0.08,73.0
SRRW-MARCELO-L=130-N=186741-phi=0.08-alpha=1.2-bmax=20-r=0.49-ru=10/config-576.txt.gz,1.2,0.08,69.0
SRRW-MARCELO-L=130-N=186741-phi=0.08-alpha=1.2-bmax=20-r=0.49-ru=10/config-577.txt.gz,1.2,0.08,75.0
SRRW-MARCELO-L=130-N=186741-phi=0.08-alpha=1.2-bmax=20-r=0.49-ru=10/config-578.txt.gz,1.2,0.08,59.0
SRRW-MARCELO-L=130-N=186741-phi=0.08-alpha=1.2-bmax=20-r=0.49-ru=10/config-579.txt.gz,1.2,0.08,73.0
SRRW-MARCELO-L=130-N=186741-phi=0.08-alpha=1.2-bmax=20-r=0.49-ru=10/config-58.txt.gz,1.2,0.08,72.0
SRRW-MARCELO-L=130-N=186741-phi=0.08-alpha=1.2-bmax=20-r=0.49-ru=10/config-580.txt.gz,1.2,0.08,84.0
SRRW-MARCELO-L=130-N=186741-phi=0.08-alpha=1.2-bmax=20-r=0.49-ru=10/config-581.txt.gz,1.2,0.08,59.0
SRRW-MARCELO-L=130-N=186741-phi=0.08-alpha=1.2-bmax=20-r=0.49-ru=10/config-582.txt.gz,1.2,0.08,63.0
SRRW-MARCELO-L=130-N=186741-phi=0.08-alpha=1.2-bmax=20-r=0.49-ru=10/config-583.txt.gz,1.2,0.08,66.0
SRRW-MARCELO-L=130-N=186741-phi=0.08-alpha=1.2-bmax=20-r=0.49-ru=10/config-584.txt.gz,1.2,0.08,76.0
SRRW-MARCELO-L=130-N=186741-phi=0.08-alpha=1.2-bmax=20-r=0.49-ru=10/config-585.txt.gz,1.2,0.08,62.0
SRRW-MARCELO-L=130-N=186741-phi=0.08-alpha=1.2-bmax=20-r=0.49-ru=10/config-586.txt.gz,1.2,0.08,83.0
SRRW-MARCELO-L=130-N=186741-phi=0.08-alpha=1.2-bmax=20-r=0.49-ru=10/config-587.txt.gz,1.2,0.08,75.0
SRRW-MARCELO-L=130-N=186741-phi=0.08-alpha=1.2-bmax=20-r=0.49-ru=10/config-588.txt.gz,1.2,0.08,58.0
SRRW-MARCELO-L=130-N=186741-phi=0.08-alpha=1.2-bmax=20-r=0.49-ru=10/config-589.txt.gz,1.2,0.08,58.0
SRRW-MARCELO-L=130-N=186741-phi=0.08-alpha=1.2-bmax=20-r=0.49-ru=10/config-59.txt.gz,1.2,0.08,49.0
SRRW-MARCELO-L=130-N=186741-phi=0.08-alpha=1.2-bmax=20-r=0.49-ru=10/config-590.txt.gz,1.2,0.08,59.0
SRRW-MARCELO-L=130-N=186741-phi=0.08-alpha=1.2-bmax=20-r=0.49-ru=10/config-591.txt.gz,1.2,0.08,76.0
SRRW-MARCELO-L=130-N=186741-phi=0.08-alpha=1.2-bmax=20-r=0.49-ru=10/config-592.txt.gz,1.2,0.08,55.0
SRRW-MARCELO-L=130-N=186741-phi=0.08-alpha=1.2-bmax=20-r=0.49-ru=10/config-593.txt.gz,1.2,0.08,62.0
SRRW-MARCELO-L=130-N=186741-phi=0.08-alpha=1.2-bmax=20-r=0.49-ru=10/config-594.txt.gz,1.2,0.08,64.0
SRRW-MARCELO-L=130-N=186741-phi=0.08-alpha=1.2-bmax=20-r=0.49-ru=10/config-595.txt.gz,1.2,0.08,67.0
SRRW-MARCELO-L=130-N=186741-phi=0.08-alpha=1.2-bmax=20-r=0.49-ru=10/config-596.txt.gz,1.2,0.08,70.0
SRRW-MARCELO-L=130-N=186741-phi=0.08-alpha=1.2-bmax=20-r=0.49-ru=10/config-597.txt.gz,1.2,0.08,83.0
SRRW-MARCELO-L=130-N=186741-phi=0.08-alpha=1.2-bmax=20-r=0.49-ru=10/config-598.txt.gz,1.2,0.08,70.0
SRRW-MARCELO-L=130-N=186741-phi=0.08-alpha=1.2-bmax=20-r=0.49-ru=10/config-599.txt.gz,1.2,0.08,65.0
SRRW-MARCELO-L=130-N=186741-phi=0.08-alpha=1.2-bmax=20-r=0.49-ru=10/config-6.txt.gz,1.2,0.08,64.0
SRRW-MARCELO-L=130-N=186741-phi=0.08-alpha=1.2-bmax=20-r=0.49-ru=10/config-60.txt.gz,1.2,0.08,77.0
SRRW-MARCELO-L=130-N=186741-phi=0.08-alpha=1.2-bmax=20-r=0.49-ru=10/config-600.txt.gz,1.2,0.08,68.0
SRRW-MARCELO-L=130-N=186741-phi=0.08-alpha=1.2-bmax=20-r=0.49-ru=10/config-601.txt.gz,1.2,0.08,75.0
SRRW-MARCELO-L=130-N=186741-phi=0.08-alpha=1.2-bmax=20-r=0.49-ru=10/config-602.txt.gz,1.2,0.08,71.0
SRRW-MARCELO-L=130-N=186741-phi=0.08-alpha=1.2-bmax=20-r=0.49-ru=10/config-603.txt.gz,1.2,0.08,73.0
SRRW-MARCELO-L=130-N=186741-phi=0.08-alpha=1.2-bmax=20-r=0.49-ru=10/config-604.txt.gz,1.2,0.08,48.0
SRRW-MARCELO-L=130-N=186741-phi=0.08-alpha=1.2-bmax=20-r=0.49-ru=10/config-605.txt.gz,1.2,0.08,66.0
SRRW-MARCELO-L=130-N=186741-phi=0.08-alpha=1.2-bmax=20-r=0.49-ru=10/config-606.txt.gz,1.2,0.08,75.0
SRRW-MARCELO-L=130-N=186741-phi=0.08-alpha=1.2-bmax=20-r=0.49-ru=10/config-607.txt.gz,1.2,0.08,70.0
SRRW-MARCELO-L=130-N=186741-phi=0.08-alpha=1.2-bmax=20-r=0.49-ru=10/config-608.txt.gz,1.2,0.08,59.0
SRRW-MARCELO-L=130-N=186741-phi=0.08-alpha=1.2-bmax=20-r=0.49-ru=10/config-609.txt.gz,1.2,0.08,57.0
SRRW-MARCELO-L=130-N=186741-phi=0.08-alpha=1.2-bmax=20-r=0.49-ru=10/config-61.txt.gz,1.2,0.08,69.0
SRRW-MARCELO-L=130-N=186741-phi=0.08-alpha=1.2-bmax=20-r=0.49-ru=10/config-610.txt.gz,1.2,0.08,55.0
SRRW-MARCELO-L=130-N=186741-phi=0.08-alpha=1.2-bmax=20-r=0.49-ru=10/config-611.txt.gz,1.2,0.08,50.0
SRRW-MARCELO-L=130-N=186741-phi=0.08-alpha=1.2-bmax=20-r=0.49-ru=10/config-612.txt.gz,1.2,0.08,62.0
SRRW-MARCELO-L=130-N=186741-phi=0.08-alpha=1.2-bmax=20-r=0.49-ru=10/config-613.txt.gz,1.2,0.08,60.0
SRRW-MARCELO-L=130-N=186741-phi=0.08-alpha=1.2-bmax=20-r=0.49-ru=10/config-614.txt.gz,1.2,0.08,67.0
SRRW-MARCELO-L=130-N=186741-phi=0.08-alpha=1.2-bmax=20-r=0.49-ru=10/config-615.txt.gz,1.2,0.08,58.0
SRRW-MARCELO-L=130-N=186741-phi=0.08-alpha=1.2-bmax=20-r=0.49-ru=10/config-616.txt.gz,1.2,0.08,63.0
SRRW-MARCELO-L=130-N=186741-phi=0.08-alpha=1.2-bmax=20-r=0.49-ru=10/config-617.txt.gz,1.2,0.08,62.0
SRRW-MARCELO-L=130-N=186741-phi=0.08-alpha=1.2-bmax=20-r=0.49-ru=10/config-618.txt.gz,1.2,0.08,68.0
SRRW-MARCELO-L=130-N=186741-phi=0.08-alpha=1.2-bmax=20-r=0.49-ru=10/config-619.txt.gz,1.2,0.08,53.0
SRRW-MARCELO-L=130-N=186741-phi=0.08-alpha=1.2-bmax=20-r=0.49-ru=10/config-62.txt.gz,1.2,0.08,56.0
SRRW-MARCELO-L=130-N=186741-phi=0.08-alpha=1.2-bmax=20-r=0.49-ru=10/config-620.txt.gz,1.2,0.08,59.0
SRRW-MARCELO-L=130-N=186741-phi=0.08-alpha=1.2-bmax=20-r=0.49-ru=10/config-621.txt.gz,1.2,0.08,54.0
SRRW-MARCELO-L=130-N=186741-phi=0.08-alpha=1.2-bmax=20-r=0.49-ru=10/config-622.txt.gz,1.2,0.08,51.0
SRRW-MARCELO-L=130-N=186741-phi=0.08-alpha=1.2-bmax=20-r=0.49-ru=10/config-623.txt.gz,1.2,0.08,58.0
SRRW-MARCELO-L=130-N=186741-phi=0.08-alpha=1.2-bmax=20-r=0.49-ru=10/config-624.txt.gz,1.2,0.08,70.0
SRRW-MARCELO-L=130-N=186741-phi=0.08-alpha=1.2-bmax=20-r=0.49-ru=10/config-625.txt.gz,1.2,0.08,72.0
SRRW-MARCELO-L=130-N=186741-phi=0.08-alpha=1.2-bmax=20-r=0.49-ru=10/config-626.txt.gz,1.2,0.08,77.0
SRRW-MARCELO-L=130-N=186741-phi=0.08-alpha=1.2-bmax=20-r=0.49-ru=10/config-627.txt.gz,1.2,0.08,66.0
SRRW-MARCELO-L=130-N=186741-phi=0.08-alpha=1.2-bmax=20-r=0.49-ru=10/config-628.txt.gz,1.2,0.08,84.0
SRRW-MARCELO-L=130-N=186741-phi=0.08-alpha=1.2-bmax=20-r=0.49-ru=10/config-629.txt.gz,1.2,0.08,74.0
SRRW-MARCELO-L=130-N=186741-phi=0.08-alpha=1.2-bmax=20-r=0.49-ru=10/config-63.txt.gz,1.2,0.08,66.0
SRRW-MARCELO-L=130-N=186741-phi=0.08-alpha=1.2-bmax=20-r=0.49-ru=10/config-630.txt.gz,1.2,0.08,63.0
SRRW-MARCELO-L=130-N=186741-phi=0.08-alpha=1.2-bmax=20-r=0.49-ru=10/config-631.txt.gz,1.2,0.08,68.0
SRRW-MARCELO-L=130-N=186741-phi=0.08-alpha=1.2-bmax=20-r=0.49-ru=10/config-632.txt.gz,1.2,0.08,61.0
SRRW-MARCELO-L=130-N=186741-phi=0.08-alpha=1.2-bmax=20-r=0.49-ru=10/config-633.txt.gz,1.2,0.08,63.0
SRRW-MARCELO-L=130-N=186741-phi=0.08-alpha=1.2-bmax=20-r=0.49-ru=10/config-634.txt.gz,1.2,0.08,55.0
SRRW-MARCELO-L=130-N=186741-phi=0.08-alpha=1.2-bmax=20-r=0.49-ru=10/config-635.txt.gz,1.2,0.08,76.0
SRRW-MARCELO-L=130-N=186741-phi=0.08-alpha=1.2-bmax=20-r=0.49-ru=10/config-636.txt.gz,1.2,0.08,58.0
SRRW-MARCELO-L=130-N=186741-phi=0.08-alpha=1.2-bmax=20-r=0.49-ru=10/config-637.txt.gz,1.2,0.08,70.0
SRRW-MARCELO-L=130-N=186741-phi=0.08-alpha=1.2-bmax=20-r=0.49-ru=10/config-638.txt.gz,1.2,0.08,50.0
SRRW-MARCELO-L=130-N=186741-phi=0.08-alpha=1.2-bmax=20-r=0.49-ru=10/config-639.txt.gz,1.2,0.08,68.0
SRRW-MARCELO-L=130-N=186741-phi=0.08-alpha=1.2-bmax=20-r=0.49-ru=10/config-64.txt.gz,1.2,0.08,69.0
SRRW-MARCELO-L=130-N=186741-phi=0.08-alpha=1.2-bmax=20-r=0.49-ru=10/config-640.txt.gz,1.2,0.08,77.0
SRRW-MARCELO-L=130-N=186741-phi=0.08-alpha=1.2-bmax=20-r=0.49-ru=10/config-641.txt.gz,1.2,0.08,59.0
SRRW-MARCELO-L=130-N=186741-phi=0.08-alpha=1.2-bmax=20-r=0.49-ru=10/config-642.txt.gz,1.2,0.08,69.0
SRRW-MARCELO-L=130-N=186741-phi=0.08-alpha=1.2-bmax=20-r=0.49-ru=10/config-643.txt.gz,1.2,0.08,59.0
SRRW-MARCELO-L=130-N=186741-phi=0.08-alpha=1.2-bmax=20-r=0.49-ru=10/config-644.txt.gz,1.2,0.08,65.0
SRRW-MARCELO-L=130-N=186741-phi=0.08-alpha=1.2-bmax=20-r=0.49-ru=10/config-645.txt.gz,1.2,0.08,57.0
SRRW-MARCELO-L=130-N=186741-phi=0.08-alpha=1.2-bmax=20-r=0.49-ru=10/config-646.txt.gz,1.2,0.08,87.0
SRRW-MARCELO-L=130-N=186741-phi=0.08-alpha=1.2-bmax=20-r=0.49-ru=10/config-647.txt.gz,1.2,0.08,57.0
SRRW-MARCELO-L=130-N=186741-phi=0.08-alpha=1.2-bmax=20-r=0.49-ru=10/config-648.txt.gz,1.2,0.08,66.0
SRRW-MARCELO-L=130-N=186741-phi=0.08-alpha=1.2-bmax=20-r=0.49-ru=10/config-649.txt.gz,1.2,0.08,57.0
SRRW-MARCELO-L=130-N=186741-phi=0.08-alpha=1.2-bmax=20-r=0.49-ru=10/config-65.txt.gz,1.2,0.08,71.0
SRRW-MARCELO-L=130-N=186741-phi=0.08-alpha=1.2-bmax=20-r=0.49-ru=10/config-650.txt.gz,1.2,0.08,56.0
SRRW-MARCELO-L=130-N=186741-phi=0.08-alpha=1.2-bmax=20-r=0.49-ru=10/config-651.txt.gz,1.2,0.08,59.0
SRRW-MARCELO-L=130-N=186741-phi=0.08-alpha=1.2-bmax=20-r=0.49-ru=10/config-652.txt.gz,1.2,0.08,81.0
SRRW-MARCELO-L=130-N=186741-phi=0.08-alpha=1.2-bmax=20-r=0.49-ru=10/config-653.txt.gz,1.2,0.08,55.0
SRRW-MARCELO-L=130-N=186741-phi=0.08-alpha=1.2-bmax=20-r=0.49-ru=10/config-654.txt.gz,1.2,0.08,86.0
SRRW-MARCELO-L=130-N=186741-phi=0.08-alpha=1.2-bmax=20-r=0.49-ru=10/config-655.txt.gz,1.2,0.08,81.0
SRRW-MARCELO-L=130-N=186741-phi=0.08-alpha=1.2-bmax=20-r=0.49-ru=10/config-656.txt.gz,1.2,0.08,70.0
SRRW-MARCELO-L=130-N=186741-phi=0.08-alpha=1.2-bmax=20-r=0.49-ru=10/config-657.txt.gz,1.2,0.08,52.0
SRRW-MARCELO-L=130-N=186741-phi=0.08-alpha=1.2-bmax=20-r=0.49-ru=10/config-658.txt.gz,1.2,0.08,87.0
SRRW-MARCELO-L=130-N=186741-phi=0.08-alpha=1.2-bmax=20-r=0.49-ru=10/config-659.txt.gz,1.2,0.08,64.0
SRRW-MARCELO-L=130-N=186741-phi=0.08-alpha=1.2-bmax=20-r=0.49-ru=10/config-66.txt.gz,1.2,0.08,61.0
SRRW-MARCELO-L=130-N=186741-phi=0.08-alpha=1.2-bmax=20-r=0.49-ru=10/config-660.txt.gz,1.2,0.08,64.0
SRRW-MARCELO-L=130-N=186741-phi=0.08-alpha=1.2-bmax=20-r=0.49-ru=10/config-661.txt.gz,1.2,0.08,68.0
SRRW-MARCELO-L=130-N=186741-phi=0.08-alpha=1.2-bmax=20-r=0.49-ru=10/config-662.txt.gz,1.2,0.08,68.0
SRRW-MARCELO-L=130-N=186741-phi=0.08-alpha=1.2-bmax=20-r=0.49-ru=10/config-663.txt.gz,1.2,0.08,67.0
SRRW-MARCELO-L=130-N=186741-phi=0.08-alpha=1.2-bmax=20-r=0.49-ru=10/config-664.txt.gz,1.2,0.08,57.0
SRRW-MARCELO-L=130-N=186741-phi=0.08-alpha=1.2-bmax=20-r=0.49-ru=10/config-665.txt.gz,1.2,0.08,75.0
SRRW-MARCELO-L=130-N=186741-phi=0.08-alpha=1.2-bmax=20-r=0.49-ru=10/config-666.txt.gz,1.2,0.08,71.0
SRRW-MARCELO-L=130-N=186741-phi=0.08-alpha=1.2-bmax=20-r=0.49-ru=10/config-667.txt.gz,1.2,0.08,66.0
SRRW-MARCELO-L=130-N=186741-phi=0.08-alpha=1.2-bmax=20-r=0.49-ru=10/config-668.txt.gz,1.2,0.08,65.0
SRRW-MARCELO-L=130-N=186741-phi=0.08-alpha=1.2-bmax=20-r=0.49-ru=10/config-669.txt.gz,1.2,0.08,95.0
SRRW-MARCELO-L=130-N=186741-phi=0.08-alpha=1.2-bmax=20-r=0.49-ru=10/config-67.txt.gz,1.2,0.08,66.0
SRRW-MARCELO-L=130-N=186741-phi=0.08-alpha=1.2-bmax=20-r=0.49-ru=10/config-670.txt.gz,1.2,0.08,63.0
SRRW-MARCELO-L=130-N=186741-phi=0.08-alpha=1.2-bmax=20-r=0.49-ru=10/config-671.txt.gz,1.2,0.08,71.0
SRRW-MARCELO-L=130-N=186741-phi=0.08-alpha=1.2-bmax=20-r=0.49-ru=10/config-672.txt.gz,1.2,0.08,71.0
SRRW-MARCELO-L=130-N=186741-phi=0.08-alpha=1.2-bmax=20-r=0.49-ru=10/config-673.txt.gz,1.2,0.08,50.0
SRRW-MARCELO-L=130-N=186741-phi=0.08-alpha=1.2-bmax=20-r=0.49-ru=10/config-674.txt.gz,1.2,0.08,62.0
SRRW-MARCELO-L=130-N=186741-phi=0.08-alpha=1.2-bmax=20-r=0.49-ru=10/config-675.txt.gz,1.2,0.08,65.0
SRRW-MARCELO-L=130-N=186741-phi=0.08-alpha=1.2-bmax=20-r=0.49-ru=10/config-676.txt.gz,1.2,0.08,67.0
SRRW-MARCELO-L=130-N=186741-phi=0.08-alpha=1.2-bmax=20-r=0.49-ru=10/config-677.txt.gz,1.2,0.08,83.0
SRRW-MARCELO-L=130-N=186741-phi=0.08-alpha=1.2-bmax=20-r=0.49-ru=10/config-678.txt.gz,1.2,0.08,70.0
SRRW-MARCELO-L=130-N=186741-phi=0.08-alpha=1.2-bmax=20-r=0.49-ru=10/config-679.txt.gz,1.2,0.08,75.0
SRRW-MARCELO-L=130-N=186741-phi=0.08-alpha=1.2-bmax=20-r=0.49-ru=10/config-68.txt.gz,1.2,0.08,74.0
SRRW-MARCELO-L=130-N=186741-phi=0.08-alpha=1.2-bmax=20-r=0.49-ru=10/config-680.txt.gz,1.2,0.08,67.0
SRRW-MARCELO-L=130-N=186741-phi=0.08-alpha=1.2-bmax=20-r=0.49-ru=10/config-681.txt.gz,1.2,0.08,72.0
SRRW-MARCELO-L=130-N=186741-phi=0.08-alpha=1.2-bmax=20-r=0.49-ru=10/config-682.txt.gz,1.2,0.08,79.0
SRRW-MARCELO-L=130-N=186741-phi=0.08-alpha=1.2-bmax=20-r=0.49-ru=10/config-683.txt.gz,1.2,0.08,55.0
SRRW-MARCELO-L=130-N=186741-phi=0.08-alpha=1.2-bmax=20-r=0.49-ru=10/config-684.txt.gz,1.2,0.08,81.0
SRRW-MARCELO-L=130-N=186741-phi=0.08-alpha=1.2-bmax=20-r=0.49-ru=10/config-685.txt.gz,1.2,0.08,46.0
SRRW-MARCELO-L=130-N=186741-phi=0.08-alpha=1.2-bmax=20-r=0.49-ru=10/config-686.txt.gz,1.2,0.08,63.0
SRRW-MARCELO-L=130-N=186741-phi=0.08-alpha=1.2-bmax=20-r=0.49-ru=10/config-687.txt.gz,1.2,0.08,56.0
SRRW-MARCELO-L=130-N=186741-phi=0.08-alpha=1.2-bmax=20-r=0.49-ru=10/config-688.txt.gz,1.2,0.08,63.0
SRRW-MARCELO-L=130-N=186741-phi=0.08-alpha=1.2-bmax=20-r=0.49-ru=10/config-689.txt.gz,1.2,0.08,73.0
SRRW-MARCELO-L=130-N=186741-phi=0.08-alpha=1.2-bmax=20-r=0.49-ru=10/config-69.txt.gz,1.2,0.08,63.0
SRRW-MARCELO-L=130-N=186741-phi=0.08-alpha=1.2-bmax=20-r=0.49-ru=10/config-690.txt.gz,1.2,0.08,80.0
SRRW-MARCELO-L=130-N=186741-phi=0.08-alpha=1.2-bmax=20-r=0.49-ru=10/config-691.txt.gz,1.2,0.08,62.0
SRRW-MARCELO-L=130-N=186741-phi=0.08-alpha=1.2-bmax=20-r=0.49-ru=10/config-692.txt.gz,1.2,0.08,46.0
SRRW-MARCELO-L=130-N=186741-phi=0.08-alpha=1.2-bmax=20-r=0.49-ru=10/config-693.txt.gz,1.2,0.08,64.0
SRRW-MARCELO-L=130-N=186741-phi=0.08-alpha=1.2-bmax=20-r=0.49-ru=10/config-694.txt.gz,1.2,0.08,65.0
SRRW-MARCELO-L=130-N=186741-phi=0.08-alpha=1.2-bmax=20-r=0.49-ru=10/config-695.txt.gz,1.2,0.08,63.0
SRRW-MARCELO-L=130-N=186741-phi=0.08-alpha=1.2-bmax=20-r=0.49-ru=10/config-696.txt.gz,1.2,0.08,52.0
SRRW-MARCELO-L=130-N=186741-phi=0.08-alpha=1.2-bmax=20-r=0.49-ru=10/config-697.txt.gz,1.2,0.08,84.0
SRRW-MARCELO-L=130-N=186741-phi=0.08-alpha=1.2-bmax=20-r=0.49-ru=10/config-698.txt.gz,1.2,0.08,66.0
SRRW-MARCELO-L=130-N=186741-phi=0.08-alpha=1.2-bmax=20-r=0.49-ru=10/config-699.txt.gz,1.2,0.08,74.0
SRRW-MARCELO-L=130-N=186741-phi=0.08-alpha=1.2-bmax=20-r=0.49-ru=10/config-7.txt.gz,1.2,0.08,55.0
SRRW-MARCELO-L=130-N=186741-phi=0.08-alpha=1.2-bmax=20-r=0.49-ru=10/config-70.txt.gz,1.2,0.08,65.0
SRRW-MARCELO-L=130-N=186741-phi=0.08-alpha=1.2-bmax=20-r=0.49-ru=10/config-700.txt.gz,1.2,0.08,69.0
SRRW-MARCELO-L=130-N=186741-phi=0.08-alpha=1.2-bmax=20-r=0.49-ru=10/config-701.txt.gz,1.2,0.08,66.0
SRRW-MARCELO-L=130-N=186741-phi=0.08-alpha=1.2-bmax=20-r=0.49-ru=10/config-702.txt.gz,1.2,0.08,82.0
SRRW-MARCELO-L=130-N=186741-phi=0.08-alpha=1.2-bmax=20-r=0.49-ru=10/config-703.txt.gz,1.2,0.08,64.0
SRRW-MARCELO-L=130-N=186741-phi=0.08-alpha=1.2-bmax=20-r=0.49-ru=10/config-704.txt.gz,1.2,0.08,51.0
SRRW-MARCELO-L=130-N=186741-phi=0.08-alpha=1.2-bmax=20-r=0.49-ru=10/config-705.txt.gz,1.2,0.08,79.0
SRRW-MARCELO-L=130-N=186741-phi=0.08-alpha=1.2-bmax=20-r=0.49-ru=10/config-706.txt.gz,1.2,0.08,66.0
SRRW-MARCELO-L=130-N=186741-phi=0.08-alpha=1.2-bmax=20-r=0.49-ru=10/config-707.txt.gz,1.2,0.08,68.0
SRRW-MARCELO-L=130-N=186741-phi=0.08-alpha=1.2-bmax=20-r=0.49-ru=10/config-708.txt.gz,1.2,0.08,73.0
SRRW-MARCELO-L=130-N=186741-phi=0.08-alpha=1.2-bmax=20-r=0.49-ru=10/config-709.txt.gz,1.2,0.08,80.0
SRRW-MARCELO-L=130-N=186741-phi=0.08-alpha=1.2-bmax=20-r=0.49-ru=10/config-71.txt.gz,1.2,0.08,72.0
SRRW-MARCELO-L=130-N=186741-phi=0.08-alpha=1.2-bmax=20-r=0.49-ru=10/config-710.txt.gz,1.2,0.08,71.0
SRRW-MARCELO-L=130-N=186741-phi=0.08-alpha=1.2-bmax=20-r=0.49-ru=10/config-711.txt.gz,1.2,0.08,50.0
SRRW-MARCELO-L=130-N=186741-phi=0.08-alpha=1.2-bmax=20-r=0.49-ru=10/config-712.txt.gz,1.2,0.08,78.0
SRRW-MARCELO-L=130-N=186741-phi=0.08-alpha=1.2-bmax=20-r=0.49-ru=10/config-713.txt.gz,1.2,0.08,63.0
SRRW-MARCELO-L=130-N=186741-phi=0.08-alpha=1.2-bmax=20-r=0.49-ru=10/config-714.txt.gz,1.2,0.08,65.0
SRRW-MARCELO-L=130-N=186741-phi=0.08-alpha=1.2-bmax=20-r=0.49-ru=10/config-715.txt.gz,1.2,0.08,59.0
SRRW-MARCELO-L=130-N=186741-phi=0.08-alpha=1.2-bmax=20-r=0.49-ru=10/config-716.txt.gz,1.2,0.08,68.0
SRRW-MARCELO-L=130-N=186741-phi=0.08-alpha=1.2-bmax=20-r=0.49-ru=10/config-717.txt.gz,1.2,0.08,61.0
SRRW-MARCELO-L=130-N=186741-phi=0.08-alpha=1.2-bmax=20-r=0.49-ru=10/config-718.txt.gz,1.2,0.08,68.0
SRRW-MARCELO-L=130-N=186741-phi=0.08-alpha=1.2-bmax=20-r=0.49-ru=10/config-719.txt.gz,1.2,0.08,70.0
SRRW-MARCELO-L=130-N=186741-phi=0.08-alpha=1.2-bmax=20-r=0.49-ru=10/config-72.txt.gz,1.2,0.08,67.0
SRRW-MARCELO-L=130-N=186741-phi=0.08-alpha=1.2-bmax=20-r=0.49-ru=10/config-720.txt.gz,1.2,0.08,72.0
SRRW-MARCELO-L=130-N=186741-phi=0.08-alpha=1.2-bmax=20-r=0.49-ru=10/config-721.txt.gz,1.2,0.08,63.0
SRRW-MARCELO-L=130-N=186741-phi=0.08-alpha=1.2-bmax=20-r=0.49-ru=10/config-722.txt.gz,1.2,0.08,69.0
SRRW-MARCELO-L=130-N=186741-phi=0.08-alpha=1.2-bmax=20-r=0.49-ru=10/config-723.txt.gz,1.2,0.08,64.0
SRRW-MARCELO-L=130-N=186741-phi=0.08-alpha=1.2-bmax=20-r=0.49-ru=10/config-724.txt.gz,1.2,0.08,59.0
SRRW-MARCELO-L=130-N=186741-phi=0.08-alpha=1.2-bmax=20-r=0.49-ru=10/config-725.txt.gz,1.2,0.08,74.0
SRRW-MARCELO-L=130-N=186741-phi=0.08-alpha=1.2-bmax=20-r=0.49-ru=10/config-726.txt.gz,1.2,0.08,62.0
SRRW-MARCELO-L=130-N=186741-phi=0.08-alpha=1.2-bmax=20-r=0.49-ru=10/config-727.txt.gz,1.2,0.08,59.0
SRRW-MARCELO-L=130-N=186741-phi=0.08-alpha=1.2-bmax=20-r=0.49-ru=10/config-728.txt.gz,1.2,0.08,63.0
SRRW-MARCELO-L=130-N=186741-phi=0.08-alpha=1.2-bmax=20-r=0.49-ru=10/config-729.txt.gz,1.2,0.08,64.0
SRRW-MARCELO-L=130-N=186741-phi=0.08-alpha=1.2-bmax=20-r=0.49-ru=10/config-73.txt.gz,1.2,0.08,68.0
SRRW-MARCELO-L=130-N=186741-phi=0.08-alpha=1.2-bmax=20-r=0.49-ru=10/config-730.txt.gz,1.2,0.08,60.0
SRRW-MARCELO-L=130-N=186741-phi=0.08-alpha=1.2-bmax=20-r=0.49-ru=10/config-731.txt.gz,1.2,0.08,58.0
SRRW-MARCELO-L=130-N=186741-phi=0.08-alpha=1.2-bmax=20-r=0.49-ru=10/config-732.txt.gz,1.2,0.08,53.0
SRRW-MARCELO-L=130-N=186741-phi=0.08-alpha=1.2-bmax=20-r=0.49-ru=10/config-733.txt.gz,1.2,0.08,65.0
SRRW-MARCELO-L=130-N=186741-phi=0.08-alpha=1.2-bmax=20-r=0.49-ru=10/config-734.txt.gz,1.2,0.08,46.0
SRRW-MARCELO-L=130-N=186741-phi=0.08-alpha=1.2-bmax=20-r=0.49-ru=10/config-735.txt.gz,1.2,0.08,61.0
SRRW-MARCELO-L=130-N=186741-phi=0.08-alpha=1.2-bmax=20-r=0.49-ru=10/config-736.txt.gz,1.2,0.08,69.0
SRRW-MARCELO-L=130-N=186741-phi=0.08-alpha=1.2-bmax=20-r=0.49-ru=10/config-737.txt.gz,1.2,0.08,66.0
SRRW-MARCELO-L=130-N=186741-phi=0.08-alpha=1.2-bmax=20-r=0.49-ru=10/config-738.txt.gz,1.2,0.08,61.0
SRRW-MARCELO-L=130-N=186741-phi=0.08-alpha=1.2-bmax=20-r=0.49-ru=10/config-739.txt.gz,1.2,0.08,67.0
SRRW-MARCELO-L=130-N=186741-phi=0.08-alpha=1.2-bmax=20-r=0.49-ru=10/config-74.txt.gz,1.2,0.08,70.0
SRRW-MARCELO-L=130-N=186741-phi=0.08-alpha=1.2-bmax=20-r=0.49-ru=10/config-740.txt.gz,1.2,0.08,64.0
SRRW-MARCELO-L=130-N=186741-phi=0.08-alpha=1.2-bmax=20-r=0.49-ru=10/config-741.txt.gz,1.2,0.08,52.0
SRRW-MARCELO-L=130-N=186741-phi=0.08-alpha=1.2-bmax=20-r=0.49-ru=10/config-742.txt.gz,1.2,0.08,57.0
SRRW-MARCELO-L=130-N=186741-phi=0.08-alpha=1.2-bmax=20-r=0.49-ru=10/config-743.txt.gz,1.2,0.08,63.0
SRRW-MARCELO-L=130-N=186741-phi=0.08-alpha=1.2-bmax=20-r=0.49-ru=10/config-744.txt.gz,1.2,0.08,50.0
SRRW-MARCELO-L=130-N=186741-phi=0.08-alpha=1.2-bmax=20-r=0.49-ru=10/config-745.txt.gz,1.2,0.08,63.0
SRRW-MARCELO-L=130-N=186741-phi=0.08-alpha=1.2-bmax=20-r=0.49-ru=10/config-746.txt.gz,1.2,0.08,73.0
SRRW-MARCELO-L=130-N=186741-phi=0.08-alpha=1.2-bmax=20-r=0.49-ru=10/config-747.txt.gz,1.2,0.08,72.0
SRRW-MARCELO-L=130-N=186741-phi=0.08-alpha=1.2-bmax=20-r=0.49-ru=10/config-748.txt.gz,1.2,0.08,59.0
SRRW-MARCELO-L=130-N=186741-phi=0.08-alpha=1.2-bmax=20-r=0.49-ru=10/config-749.txt.gz,1.2,0.08,58.0
SRRW-MARCELO-L=130-N=186741-phi=0.08-alpha=1.2-bmax=20-r=0.49-ru=10/config-75.txt.gz,1.2,0.08,75.0
SRRW-MARCELO-L=130-N=186741-phi=0.08-alpha=1.2-bmax=20-r=0.49-ru=10/config-750.txt.gz,1.2,0.08,69.0
SRRW-MARCELO-L=130-N=186741-phi=0.08-alpha=1.2-bmax=20-r=0.49-ru=10/config-751.txt.gz,1.2,0.08,67.0
SRRW-MARCELO-L=130-N=186741-phi=0.08-alpha=1.2-bmax=20-r=0.49-ru=10/config-752.txt.gz,1.2,0.08,83.0
SRRW-MARCELO-L=130-N=186741-phi=0.08-alpha=1.2-bmax=20-r=0.49-ru=10/config-753.txt.gz,1.2,0.08,75.0
SRRW-MARCELO-L=130-N=186741-phi=0.08-alpha=1.2-bmax=20-r=0.49-ru=10/config-754.txt.gz,1.2,0.08,70.0
SRRW-MARCELO-L=130-N=186741-phi=0.08-alpha=1.2-bmax=20-r=0.49-ru=10/config-755.txt.gz,1.2,0.08,72.0
SRRW-MARCELO-L=130-N=186741-phi=0.08-alpha=1.2-bmax=20-r=0.49-ru=10/config-756.txt.gz,1.2,0.08,65.0
SRRW-MARCELO-L=130-N=186741-phi=0.08-alpha=1.2-bmax=20-r=0.49-ru=10/config-757.txt.gz,1.2,0.08,63.0
SRRW-MARCELO-L=130-N=186741-phi=0.08-alpha=1.2-bmax=20-r=0.49-ru=10/config-758.txt.gz,1.2,0.08,68.0
SRRW-MARCELO-L=130-N=186741-phi=0.08-alpha=1.2-bmax=20-r=0.49-ru=10/config-759.txt.gz,1.2,0.08,55.0
SRRW-MARCELO-L=130-N=186741-phi=0.08-alpha=1.2-bmax=20-r=0.49-ru=10/config-76.txt.gz,1.2,0.08,65.0
SRRW-MARCELO-L=130-N=186741-phi=0.08-alpha=1.2-bmax=20-r=0.49-ru=10/config-760.txt.gz,1.2,0.08,57.0
SRRW-MARCELO-L=130-N=186741-phi=0.08-alpha=1.2-bmax=20-r=0.49-ru=10/config-761.txt.gz,1.2,0.08,59.0
SRRW-MARCELO-L=130-N=186741-phi=0.08-alpha=1.2-bmax=20-r=0.49-ru=10/config-762.txt.gz,1.2,0.08,72.0
SRRW-MARCELO-L=130-N=186741-phi=0.08-alpha=1.2-bmax=20-r=0.49-ru=10/config-763.txt.gz,1.2,0.08,74.0
SRRW-MARCELO-L=130-N=186741-phi=0.08-alpha=1.2-bmax=20-r=0.49-ru=10/config-764.txt.gz,1.2,0.08,73.0
SRRW-MARCELO-L=130-N=186741-phi=0.08-alpha=1.2-bmax=20-r=0.49-ru=10/config-765.txt.gz,1.2,0.08,58.0
SRRW-MARCELO-L=130-N=186741-phi=0.08-alpha=1.2-bmax=20-r=0.49-ru=10/config-766.txt.gz,1.2,0.08,75.0
SRRW-MARCELO-L=130-N=186741-phi=0.08-alpha=1.2-bmax=20-r=0.49-ru=10/config-767.txt.gz,1.2,0.08,64.0
SRRW-MARCELO-L=130-N=186741-phi=0.08-alpha=1.2-bmax=20-r=0.49-ru=10/config-768.txt.gz,1.2,0.08,75.0
SRRW-MARCELO-L=130-N=186741-phi=0.08-alpha=1.2-bmax=20-r=0.49-ru=10/config-769.txt.gz,1.2,0.08,60.0
SRRW-MARCELO-L=130-N=186741-phi=0.08-alpha=1.2-bmax=20-r=0.49-ru=10/config-77.txt.gz,1.2,0.08,65.0
SRRW-MARCELO-L=130-N=186741-phi=0.08-alpha=1.2-bmax=20-r=0.49-ru=10/config-770.txt.gz,1.2,0.08,79.0
SRRW-MARCELO-L=130-N=186741-phi=0.08-alpha=1.2-bmax=20-r=0.49-ru=10/config-771.txt.gz,1.2,0.08,85.0
SRRW-MARCELO-L=130-N=186741-phi=0.08-alpha=1.2-bmax=20-r=0.49-ru=10/config-772.txt.gz,1.2,0.08,71.0
SRRW-MARCELO-L=130-N=186741-phi=0.08-alpha=1.2-bmax=20-r=0.49-ru=10/config-773.txt.gz,1.2,0.08,74.0
SRRW-MARCELO-L=130-N=186741-phi=0.08-alpha=1.2-bmax=20-r=0.49-ru=10/config-774.txt.gz,1.2,0.08,61.0
SRRW-MARCELO-L=130-N=186741-phi=0.08-alpha=1.2-bmax=20-r=0.49-ru=10/config-775.txt.gz,1.2,0.08,64.0
SRRW-MARCELO-L=130-N=186741-phi=0.08-alpha=1.2-bmax=20-r=0.49-ru=10/config-776.txt.gz,1.2,0.08,74.0
SRRW-MARCELO-L=130-N=186741-phi=0.08-alpha=1.2-bmax=20-r=0.49-ru=10/config-777.txt.gz,1.2,0.08,64.0
SRRW-MARCELO-L=130-N=186741-phi=0.08-alpha=1.2-bmax=20-r=0.49-ru=10/config-778.txt.gz,1.2,0.08,59.0
SRRW-MARCELO-L=130-N=186741-phi=0.08-alpha=1.2-bmax=20-r=0.49-ru=10/config-779.txt.gz,1.2,0.08,79.0
SRRW-MARCELO-L=130-N=186741-phi=0.08-alpha=1.2-bmax=20-r=0.49-ru=10/config-78.txt.gz,1.2,0.08,66.0
SRRW-MARCELO-L=130-N=186741-phi=0.08-alpha=1.2-bmax=20-r=0.49-ru=10/config-780.txt.gz,1.2,0.08,79.0
SRRW-MARCELO-L=130-N=186741-phi=0.08-alpha=1.2-bmax=20-r=0.49-ru=10/config-781.txt.gz,1.2,0.08,55.0
SRRW-MARCELO-L=130-N=186741-phi=0.08-alpha=1.2-bmax=20-r=0.49-ru=10/config-782.txt.gz,1.2,0.08,73.0
SRRW-MARCELO-L=130-N=186741-phi=0.08-alpha=1.2-bmax=20-r=0.49-ru=10/config-783.txt.gz,1.2,0.08,73.0
SRRW-MARCELO-L=130-N=186741-phi=0.08-alpha=1.2-bmax=20-r=0.49-ru=10/config-784.txt.gz,1.2,0.08,57.0
SRRW-MARCELO-L=130-N=186741-phi=0.08-alpha=1.2-bmax=20-r=0.49-ru=10/config-785.txt.gz,1.2,0.08,53.0
SRRW-MARCELO-L=130-N=186741-phi=0.08-alpha=1.2-bmax=20-r=0.49-ru=10/config-786.txt.gz,1.2,0.08,71.0
SRRW-MARCELO-L=130-N=186741-phi=0.08-alpha=1.2-bmax=20-r=0.49-ru=10/config-787.txt.gz,1.2,0.08,63.0
SRRW-MARCELO-L=130-N=186741-phi=0.08-alpha=1.2-bmax=20-r=0.49-ru=10/config-788.txt.gz,1.2,0.08,65.0
SRRW-MARCELO-L=130-N=186741-phi=0.08-alpha=1.2-bmax=20-r=0.49-ru=10/config-789.txt.gz,1.2,0.08,61.0
SRRW-MARCELO-L=130-N=186741-phi=0.08-alpha=1.2-bmax=20-r=0.49-ru=10/config-79.txt.gz,1.2,0.08,78.0
SRRW-MARCELO-L=130-N=186741-phi=0.08-alpha=1.2-bmax=20-r=0.49-ru=10/config-790.txt.gz,1.2,0.08,69.0
SRRW-MARCELO-L=130-N=186741-phi=0.08-alpha=1.2-bmax=20-r=0.49-ru=10/config-791.txt.gz,1.2,0.08,52.0
SRRW-MARCELO-L=130-N=186741-phi=0.08-alpha=1.2-bmax=20-r=0.49-ru=10/config-792.txt.gz,1.2,0.08,71.0
SRRW-MARCELO-L=130-N=186741-phi=0.08-alpha=1.2-bmax=20-r=0.49-ru=10/config-793.txt.gz,1.2,0.08,63.0
SRRW-MARCELO-L=130-N=186741-phi=0.08-alpha=1.2-bmax=20-r=0.49-ru=10/config-794.txt.gz,1.2,0.08,66.0
SRRW-MARCELO-L=130-N=186741-phi=0.08-alpha=1.2-bmax=20-r=0.49-ru=10/config-795.txt.gz,1.2,0.08,70.0
SRRW-MARCELO-L=130-N=186741-phi=0.08-alpha=1.2-bmax=20-r=0.49-ru=10/config-796.txt.gz,1.2,0.08,90.0
SRRW-MARCELO-L=130-N=186741-phi=0.08-alpha=1.2-bmax=20-r=0.49-ru=10/config-797.txt.gz,1.2,0.08,59.0
SRRW-MARCELO-L=130-N=186741-phi=0.08-alpha=1.2-bmax=20-r=0.49-ru=10/config-798.txt.gz,1.2,0.08,60.0
SRRW-MARCELO-L=130-N=186741-phi=0.08-alpha=1.2-bmax=20-r=0.49-ru=10/config-799.txt.gz,1.2,0.08,59.0
SRRW-MARCELO-L=130-N=186741-phi=0.08-alpha=1.2-bmax=20-r=0.49-ru=10/config-8.txt.gz,1.2,0.08,63.0
SRRW-MARCELO-L=130-N=186741-phi=0.08-alpha=1.2-bmax=20-r=0.49-ru=10/config-80.txt.gz,1.2,0.08,75.0
SRRW-MARCELO-L=130-N=186741-phi=0.08-alpha=1.2-bmax=20-r=0.49-ru=10/config-800.txt.gz,1.2,0.08,73.0
SRRW-MARCELO-L=130-N=186741-phi=0.08-alpha=1.2-bmax=20-r=0.49-ru=10/config-801.txt.gz,1.2,0.08,67.0
SRRW-MARCELO-L=130-N=186741-phi=0.08-alpha=1.2-bmax=20-r=0.49-ru=10/config-802.txt.gz,1.2,0.08,45.0
SRRW-MARCELO-L=130-N=186741-phi=0.08-alpha=1.2-bmax=20-r=0.49-ru=10/config-803.txt.gz,1.2,0.08,61.0
SRRW-MARCELO-L=130-N=186741-phi=0.08-alpha=1.2-bmax=20-r=0.49-ru=10/config-804.txt.gz,1.2,0.08,66.0
SRRW-MARCELO-L=130-N=186741-phi=0.08-alpha=1.2-bmax=20-r=0.49-ru=10/config-805.txt.gz,1.2,0.08,63.0
SRRW-MARCELO-L=130-N=186741-phi=0.08-alpha=1.2-bmax=20-r=0.49-ru=10/config-806.txt.gz,1.2,0.08,60.0
SRRW-MARCELO-L=130-N=186741-phi=0.08-alpha=1.2-bmax=20-r=0.49-ru=10/config-807.txt.gz,1.2,0.08,66.0
SRRW-MARCELO-L=130-N=186741-phi=0.08-alpha=1.2-bmax=20-r=0.49-ru=10/config-808.txt.gz,1.2,0.08,70.0
SRRW-MARCELO-L=130-N=186741-phi=0.08-alpha=1.2-bmax=20-r=0.49-ru=10/config-809.txt.gz,1.2,0.08,72.0
SRRW-MARCELO-L=130-N=186741-phi=0.08-alpha=1.2-bmax=20-r=0.49-ru=10/config-81.txt.gz,1.2,0.08,60.0
SRRW-MARCELO-L=130-N=186741-phi=0.08-alpha=1.2-bmax=20-r=0.49-ru=10/config-810.txt.gz,1.2,0.08,75.0
SRRW-MARCELO-L=130-N=186741-phi=0.08-alpha=1.2-bmax=20-r=0.49-ru=10/config-811.txt.gz,1.2,0.08,69.0
SRRW-MARCELO-L=130-N=186741-phi=0.08-alpha=1.2-bmax=20-r=0.49-ru=10/config-812.txt.gz,1.2,0.08,66.0
SRRW-MARCELO-L=130-N=186741-phi=0.08-alpha=1.2-bmax=20-r=0.49-ru=10/config-813.txt.gz,1.2,0.08,60.0
SRRW-MARCELO-L=130-N=186741-phi=0.08-alpha=1.2-bmax=20-r=0.49-ru=10/config-814.txt.gz,1.2,0.08,63.0
SRRW-MARCELO-L=130-N=186741-phi=0.08-alpha=1.2-bmax=20-r=0.49-ru=10/config-815.txt.gz,1.2,0.08,71.0
SRRW-MARCELO-L=130-N=186741-phi=0.08-alpha=1.2-bmax=20-r=0.49-ru=10/config-816.txt.gz,1.2,0.08,77.0
SRRW-MARCELO-L=130-N=186741-phi=0.08-alpha=1.2-bmax=20-r=0.49-ru=10/config-817.txt.gz,1.2,0.08,65.0
SRRW-MARCELO-L=130-N=186741-phi=0.08-alpha=1.2-bmax=20-r=0.49-ru=10/config-818.txt.gz,1.2,0.08,65.0
SRRW-MARCELO-L=130-N=186741-phi=0.08-alpha=1.2-bmax=20-r=0.49-ru=10/config-819.txt.gz,1.2,0.08,60.0
SRRW-MARCELO-L=130-N=186741-phi=0.08-alpha=1.2-bmax=20-r=0.49-ru=10/config-82.txt.gz,1.2,0.08,66.0
SRRW-MARCELO-L=130-N=186741-phi=0.08-alpha=1.2-bmax=20-r=0.49-ru=10/config-820.txt.gz,1.2,0.08,60.0
SRRW-MARCELO-L=130-N=186741-phi=0.08-alpha=1.2-bmax=20-r=0.49-ru=10/config-821.txt.gz,1.2,0.08,78.0
SRRW-MARCELO-L=130-N=186741-phi=0.08-alpha=1.2-bmax=20-r=0.49-ru=10/config-822.txt.gz,1.2,0.08,77.0
SRRW-MARCELO-L=130-N=186741-phi=0.08-alpha=1.2-bmax=20-r=0.49-ru=10/config-823.txt.gz,1.2,0.08,50.0
SRRW-MARCELO-L=130-N=186741-phi=0.08-alpha=1.2-bmax=20-r=0.49-ru=10/config-824.txt.gz,1.2,0.08,61.0
SRRW-MARCELO-L=130-N=186741-phi=0.08-alpha=1.2-bmax=20-r=0.49-ru=10/config-825.txt.gz,1.2,0.08,57.0
SRRW-MARCELO-L=130-N=186741-phi=0.08-alpha=1.2-bmax=20-r=0.49-ru=10/config-826.txt.gz,1.2,0.08,49.0
SRRW-MARCELO-L=130-N=186741-phi=0.08-alpha=1.2-bmax=20-r=0.49-ru=10/config-827.txt.gz,1.2,0.08,72.0
SRRW-MARCELO-L=130-N=186741-phi=0.08-alpha=1.2-bmax=20-r=0.49-ru=10/config-828.txt.gz,1.2,0.08,65.0
SRRW-MARCELO-L=130-N=186741-phi=0.08-alpha=1.2-bmax=20-r=0.49-ru=10/config-829.txt.gz,1.2,0.08,69.0
SRRW-MARCELO-L=130-N=186741-phi=0.08-alpha=1.2-bmax=20-r=0.49-ru=10/config-83.txt.gz,1.2,0.08,69.0
SRRW-MARCELO-L=130-N=186741-phi=0.08-alpha=1.2-bmax=20-r=0.49-ru=10/config-830.txt.gz,1.2,0.08,56.0
SRRW-MARCELO-L=130-N=186741-phi=0.08-alpha=1.2-bmax=20-r=0.49-ru=10/config-831.txt.gz,1.2,0.08,76.0
SRRW-MARCELO-L=130-N=186741-phi=0.08-alpha=1.2-bmax=20-r=0.49-ru=10/config-832.txt.gz,1.2,0.08,64.0
SRRW-MARCELO-L=130-N=186741-phi=0.08-alpha=1.2-bmax=20-r=0.49-ru=10/config-833.txt.gz,1.2,0.08,61.0
SRRW-MARCELO-L=130-N=186741-phi=0.08-alpha=1.2-bmax=20-r=0.49-ru=10/config-834.txt.gz,1.2,0.08,62.0
SRRW-MARCELO-L=130-N=186741-phi=0.08-alpha=1.2-bmax=20-r=0.49-ru=10/config-835.txt.gz,1.2,0.08,71.0
SRRW-MARCELO-L=130-N=186741-phi=0.08-alpha=1.2-bmax=20-r=0.49-ru=10/config-836.txt.gz,1.2,0.08,52.0
SRRW-MARCELO-L=130-N=186741-phi=0.08-alpha=1.2-bmax=20-r=0.49-ru=10/config-837.txt.gz,1.2,0.08,73.0
SRRW-MARCELO-L=130-N=186741-phi=0.08-alpha=1.2-bmax=20-r=0.49-ru=10/config-838.txt.gz,1.2,0.08,62.0
SRRW-MARCELO-L=130-N=186741-phi=0.08-alpha=1.2-bmax=20-r=0.49-ru=10/config-839.txt.gz,1.2,0.08,57.0
SRRW-MARCELO-L=130-N=186741-phi=0.08-alpha=1.2-bmax=20-r=0.49-ru=10/config-84.txt.gz,1.2,0.08,60.0
SRRW-MARCELO-L=130-N=186741-phi=0.08-alpha=1.2-bmax=20-r=0.49-ru=10/config-840.txt.gz,1.2,0.08,66.0
SRRW-MARCELO-L=130-N=186741-phi=0.08-alpha=1.2-bmax=20-r=0.49-ru=10/config-841.txt.gz,1.2,0.08,64.0
SRRW-MARCELO-L=130-N=186741-phi=0.08-alpha=1.2-bmax=20-r=0.49-ru=10/config-842.txt.gz,1.2,0.08,70.0
SRRW-MARCELO-L=130-N=186741-phi=0.08-alpha=1.2-bmax=20-r=0.49-ru=10/config-843.txt.gz,1.2,0.08,70.0
SRRW-MARCELO-L=130-N=186741-phi=0.08-alpha=1.2-bmax=20-r=0.49-ru=10/config-844.txt.gz,1.2,0.08,56.0
SRRW-MARCELO-L=130-N=186741-phi=0.08-alpha=1.2-bmax=20-r=0.49-ru=10/config-845.txt.gz,1.2,0.08,70.0
SRRW-MARCELO-L=130-N=186741-phi=0.08-alpha=1.2-bmax=20-r=0.49-ru=10/config-846.txt.gz,1.2,0.08,64.0
SRRW-MARCELO-L=130-N=186741-phi=0.08-alpha=1.2-bmax=20-r=0.49-ru=10/config-847.txt.gz,1.2,0.08,55.0
SRRW-MARCELO-L=130-N=186741-phi=0.08-alpha=1.2-bmax=20-r=0.49-ru=10/config-848.txt.gz,1.2,0.08,76.0
SRRW-MARCELO-L=130-N=186741-phi=0.08-alpha=1.2-bmax=20-r=0.49-ru=10/config-849.txt.gz,1.2,0.08,46.0
SRRW-MARCELO-L=130-N=186741-phi=0.08-alpha=1.2-bmax=20-r=0.49-ru=10/config-85.txt.gz,1.2,0.08,57.0
SRRW-MARCELO-L=130-N=186741-phi=0.08-alpha=1.2-bmax=20-r=0.49-ru=10/config-850.txt.gz,1.2,0.08,61.0
SRRW-MARCELO-L=130-N=186741-phi=0.08-alpha=1.2-bmax=20-r=0.49-ru=10/config-851.txt.gz,1.2,0.08,57.0
SRRW-MARCELO-L=130-N=186741-phi=0.08-alpha=1.2-bmax=20-r=0.49-ru=10/config-852.txt.gz,1.2,0.08,70.0
SRRW-MARCELO-L=130-N=186741-phi=0.08-alpha=1.2-bmax=20-r=0.49-ru=10/config-853.txt.gz,1.2,0.08,70.0
SRRW-MARCELO-L=130-N=186741-phi=0.08-alpha=1.2-bmax=20-r=0.49-ru=10/config-854.txt.gz,1.2,0.08,51.0
SRRW-MARCELO-L=130-N=186741-phi=0.08-alpha=1.2-bmax=20-r=0.49-ru=10/config-855.txt.gz,1.2,0.08,60.0
SRRW-MARCELO-L=130-N=186741-phi=0.08-alpha=1.2-bmax=20-r=0.49-ru=10/config-856.txt.gz,1.2,0.08,57.0
SRRW-MARCELO-L=130-N=186741-phi=0.08-alpha=1.2-bmax=20-r=0.49-ru=10/config-857.txt.gz,1.2,0.08,77.0
SRRW-MARCELO-L=130-N=186741-phi=0.08-alpha=1.2-bmax=20-r=0.49-ru=10/config-858.txt.gz,1.2,0.08,62.0
SRRW-MARCELO-L=130-N=186741-phi=0.08-alpha=1.2-bmax=20-r=0.49-ru=10/config-859.txt.gz,1.2,0.08,57.0
SRRW-MARCELO-L=130-N=186741-phi=0.08-alpha=1.2-bmax=20-r=0.49-ru=10/config-86.txt.gz,1.2,0.08,69.0
SRRW-MARCELO-L=130-N=186741-phi=0.08-alpha=1.2-bmax=20-r=0.49-ru=10/config-860.txt.gz,1.2,0.08,50.0
SRRW-MARCELO-L=130-N=186741-phi=0.08-alpha=1.2-bmax=20-r=0.49-ru=10/config-861.txt.gz,1.2,0.08,82.0
SRRW-MARCELO-L=130-N=186741-phi=0.08-alpha=1.2-bmax=20-r=0.49-ru=10/config-862.txt.gz,1.2,0.08,59.0
SRRW-MARCELO-L=130-N=186741-phi=0.08-alpha=1.2-bmax=20-r=0.49-ru=10/config-863.txt.gz,1.2,0.08,70.0
SRRW-MARCELO-L=130-N=186741-phi=0.08-alpha=1.2-bmax=20-r=0.49-ru=10/config-864.txt.gz,1.2,0.08,62.0
SRRW-MARCELO-L=130-N=186741-phi=0.08-alpha=1.2-bmax=20-r=0.49-ru=10/config-865.txt.gz,1.2,0.08,69.0
SRRW-MARCELO-L=130-N=186741-phi=0.08-alpha=1.2-bmax=20-r=0.49-ru=10/config-866.txt.gz,1.2,0.08,58.0
SRRW-MARCELO-L=130-N=186741-phi=0.08-alpha=1.2-bmax=20-r=0.49-ru=10/config-867.txt.gz,1.2,0.08,64.0
SRRW-MARCELO-L=130-N=186741-phi=0.08-alpha=1.2-bmax=20-r=0.49-ru=10/config-868.txt.gz,1.2,0.08,48.0
SRRW-MARCELO-L=130-N=186741-phi=0.08-alpha=1.2-bmax=20-r=0.49-ru=10/config-869.txt.gz,1.2,0.08,70.0
SRRW-MARCELO-L=130-N=186741-phi=0.08-alpha=1.2-bmax=20-r=0.49-ru=10/config-87.txt.gz,1.2,0.08,73.0
SRRW-MARCELO-L=130-N=186741-phi=0.08-alpha=1.2-bmax=20-r=0.49-ru=10/config-870.txt.gz,1.2,0.08,63.0
SRRW-MARCELO-L=130-N=186741-phi=0.08-alpha=1.2-bmax=20-r=0.49-ru=10/config-871.txt.gz,1.2,0.08,64.0
SRRW-MARCELO-L=130-N=186741-phi=0.08-alpha=1.2-bmax=20-r=0.49-ru=10/config-872.txt.gz,1.2,0.08,58.0
SRRW-MARCELO-L=130-N=186741-phi=0.08-alpha=1.2-bmax=20-r=0.49-ru=10/config-873.txt.gz,1.2,0.08,56.0
SRRW-MARCELO-L=130-N=186741-phi=0.08-alpha=1.2-bmax=20-r=0.49-ru=10/config-874.txt.gz,1.2,0.08,66.0
SRRW-MARCELO-L=130-N=186741-phi=0.08-alpha=1.2-bmax=20-r=0.49-ru=10/config-875.txt.gz,1.2,0.08,76.0
SRRW-MARCELO-L=130-N=186741-phi=0.08-alpha=1.2-bmax=20-r=0.49-ru=10/config-876.txt.gz,1.2,0.08,65.0
SRRW-MARCELO-L=130-N=186741-phi=0.08-alpha=1.2-bmax=20-r=0.49-ru=10/config-877.txt.gz,1.2,0.08,69.0
SRRW-MARCELO-L=130-N=186741-phi=0.08-alpha=1.2-bmax=20-r=0.49-ru=10/config-878.txt.gz,1.2,0.08,59.0
SRRW-MARCELO-L=130-N=186741-phi=0.08-alpha=1.2-bmax=20-r=0.49-ru=10/config-879.txt.gz,1.2,0.08,71.0
SRRW-MARCELO-L=130-N=186741-phi=0.08-alpha=1.2-bmax=20-r=0.49-ru=10/config-88.txt.gz,1.2,0.08,79.0
SRRW-MARCELO-L=130-N=186741-phi=0.08-alpha=1.2-bmax=20-r=0.49-ru=10/config-880.txt.gz,1.2,0.08,63.0
SRRW-MARCELO-L=130-N=186741-phi=0.08-alpha=1.2-bmax=20-r=0.49-ru=10/config-881.txt.gz,1.2,0.08,68.0
SRRW-MARCELO-L=130-N=186741-phi=0.08-alpha=1.2-bmax=20-r=0.49-ru=10/config-882.txt.gz,1.2,0.08,63.0
SRRW-MARCELO-L=130-N=186741-phi=0.08-alpha=1.2-bmax=20-r=0.49-ru=10/config-883.txt.gz,1.2,0.08,63.0
SRRW-MARCELO-L=130-N=186741-phi=0.08-alpha=1.2-bmax=20-r=0.49-ru=10/config-884.txt.gz,1.2,0.08,59.0
SRRW-MARCELO-L=130-N=186741-phi=0.08-alpha=1.2-bmax=20-r=0.49-ru=10/config-885.txt.gz,1.2,0.08,67.0
SRRW-MARCELO-L=130-N=186741-phi=0.08-alpha=1.2-bmax=20-r=0.49-ru=10/config-886.txt.gz,1.2,0.08,59.0
SRRW-MARCELO-L=130-N=186741-phi=0.08-alpha=1.2-bmax=20-r=0.49-ru=10/config-887.txt.gz,1.2,0.08,74.0
SRRW-MARCELO-L=130-N=186741-phi=0.08-alpha=1.2-bmax=20-r=0.49-ru=10/config-888.txt.gz,1.2,0.08,60.0
SRRW-MARCELO-L=130-N=186741-phi=0.08-alpha=1.2-bmax=20-r=0.49-ru=10/config-889.txt.gz,1.2,0.08,63.0
SRRW-MARCELO-L=130-N=186741-phi=0.08-alpha=1.2-bmax=20-r=0.49-ru=10/config-89.txt.gz,1.2,0.08,71.0
SRRW-MARCELO-L=130-N=186741-phi=0.08-alpha=1.2-bmax=20-r=0.49-ru=10/config-890.txt.gz,1.2,0.08,75.0
SRRW-MARCELO-L=130-N=186741-phi=0.08-alpha=1.2-bmax=20-r=0.49-ru=10/config-891.txt.gz,1.2,0.08,62.0
SRRW-MARCELO-L=130-N=186741-phi=0.08-alpha=1.2-bmax=20-r=0.49-ru=10/config-892.txt.gz,1.2,0.08,61.0
SRRW-MARCELO-L=130-N=186741-phi=0.08-alpha=1.2-bmax=20-r=0.49-ru=10/config-893.txt.gz,1.2,0.08,63.0
SRRW-MARCELO-L=130-N=186741-phi=0.08-alpha=1.2-bmax=20-r=0.49-ru=10/config-894.txt.gz,1.2,0.08,60.0
SRRW-MARCELO-L=130-N=186741-phi=0.08-alpha=1.2-bmax=20-r=0.49-ru=10/config-895.txt.gz,1.2,0.08,68.0
SRRW-MARCELO-L=130-N=186741-phi=0.08-alpha=1.2-bmax=20-r=0.49-ru=10/config-896.txt.gz,1.2,0.08,77.0
SRRW-MARCELO-L=130-N=186741-phi=0.08-alpha=1.2-bmax=20-r=0.49-ru=10/config-897.txt.gz,1.2,0.08,60.0
SRRW-MARCELO-L=130-N=186741-phi=0.08-alpha=1.2-bmax=20-r=0.49-ru=10/config-898.txt.gz,1.2,0.08,66.0
SRRW-MARCELO-L=130-N=186741-phi=0.08-alpha=1.2-bmax=20-r=0.49-ru=10/config-899.txt.gz,1.2,0.08,61.0
SRRW-MARCELO-L=130-N=186741-phi=0.08-alpha=1.2-bmax=20-r=0.49-ru=10/config-9.txt.gz,1.2,0.08,57.0
SRRW-MARCELO-L=130-N=186741-phi=0.08-alpha=1.2-bmax=20-r=0.49-ru=10/config-90.txt.gz,1.2,0.08,67.0
SRRW-MARCELO-L=130-N=186741-phi=0.08-alpha=1.2-bmax=20-r=0.49-ru=10/config-900.txt.gz,1.2,0.08,60.0
SRRW-MARCELO-L=130-N=186741-phi=0.08-alpha=1.2-bmax=20-r=0.49-ru=10/config-901.txt.gz,1.2,0.08,83.0
SRRW-MARCELO-L=130-N=186741-phi=0.08-alpha=1.2-bmax=20-r=0.49-ru=10/config-902.txt.gz,1.2,0.08,56.0
SRRW-MARCELO-L=130-N=186741-phi=0.08-alpha=1.2-bmax=20-r=0.49-ru=10/config-903.txt.gz,1.2,0.08,55.0
SRRW-MARCELO-L=130-N=186741-phi=0.08-alpha=1.2-bmax=20-r=0.49-ru=10/config-904.txt.gz,1.2,0.08,70.0
SRRW-MARCELO-L=130-N=186741-phi=0.08-alpha=1.2-bmax=20-r=0.49-ru=10/config-905.txt.gz,1.2,0.08,76.0
SRRW-MARCELO-L=130-N=186741-phi=0.08-alpha=1.2-bmax=20-r=0.49-ru=10/config-906.txt.gz,1.2,0.08,73.0
SRRW-MARCELO-L=130-N=186741-phi=0.08-alpha=1.2-bmax=20-r=0.49-ru=10/config-907.txt.gz,1.2,0.08,74.0
SRRW-MARCELO-L=130-N=186741-phi=0.08-alpha=1.2-bmax=20-r=0.49-ru=10/config-908.txt.gz,1.2,0.08,54.0
SRRW-MARCELO-L=130-N=186741-phi=0.08-alpha=1.2-bmax=20-r=0.49-ru=10/config-909.txt.gz,1.2,0.08,60.0
SRRW-MARCELO-L=130-N=186741-phi=0.08-alpha=1.2-bmax=20-r=0.49-ru=10/config-91.txt.gz,1.2,0.08,68.0
SRRW-MARCELO-L=130-N=186741-phi=0.08-alpha=1.2-bmax=20-r=0.49-ru=10/config-910.txt.gz,1.2,0.08,63.0
SRRW-MARCELO-L=130-N=186741-phi=0.08-alpha=1.2-bmax=20-r=0.49-ru=10/config-911.txt.gz,1.2,0.08,63.0
SRRW-MARCELO-L=130-N=186741-phi=0.08-alpha=1.2-bmax=20-r=0.49-ru=10/config-912.txt.gz,1.2,0.08,69.0
SRRW-MARCELO-L=130-N=186741-phi=0.08-alpha=1.2-bmax=20-r=0.49-ru=10/config-913.txt.gz,1.2,0.08,72.0
SRRW-MARCELO-L=130-N=186741-phi=0.08-alpha=1.2-bmax=20-r=0.49-ru=10/config-914.txt.gz,1.2,0.08,67.0
SRRW-MARCELO-L=130-N=186741-phi=0.08-alpha=1.2-bmax=20-r=0.49-ru=10/config-915.txt.gz,1.2,0.08,78.0
SRRW-MARCELO-L=130-N=186741-phi=0.08-alpha=1.2-bmax=20-r=0.49-ru=10/config-916.txt.gz,1.2,0.08,69.0
SRRW-MARCELO-L=130-N=186741-phi=0.08-alpha=1.2-bmax=20-r=0.49-ru=10/config-917.txt.gz,1.2,0.08,74.0
SRRW-MARCELO-L=130-N=186741-phi=0.08-alpha=1.2-bmax=20-r=0.49-ru=10/config-918.txt.gz,1.2,0.08,53.0
SRRW-MARCELO-L=130-N=186741-phi=0.08-alpha=1.2-bmax=20-r=0.49-ru=10/config-919.txt.gz,1.2,0.08,62.0
SRRW-MARCELO-L=130-N=186741-phi=0.08-alpha=1.2-bmax=20-r=0.49-ru=10/config-92.txt.gz,1.2,0.08,70.0
SRRW-MARCELO-L=130-N=186741-phi=0.08-alpha=1.2-bmax=20-r=0.49-ru=10/config-920.txt.gz,1.2,0.08,80.0
SRRW-MARCELO-L=130-N=186741-phi=0.08-alpha=1.2-bmax=20-r=0.49-ru=10/config-921.txt.gz,1.2,0.08,55.0
SRRW-MARCELO-L=130-N=186741-phi=0.08-alpha=1.2-bmax=20-r=0.49-ru=10/config-922.txt.gz,1.2,0.08,61.0
SRRW-MARCELO-L=130-N=186741-phi=0.08-alpha=1.2-bmax=20-r=0.49-ru=10/config-923.txt.gz,1.2,0.08,61.0
SRRW-MARCELO-L=130-N=186741-phi=0.08-alpha=1.2-bmax=20-r=0.49-ru=10/config-924.txt.gz,1.2,0.08,74.0
SRRW-MARCELO-L=130-N=186741-phi=0.08-alpha=1.2-bmax=20-r=0.49-ru=10/config-925.txt.gz,1.2,0.08,61.0
SRRW-MARCELO-L=130-N=186741-phi=0.08-alpha=1.2-bmax=20-r=0.49-ru=10/config-926.txt.gz,1.2,0.08,64.0
SRRW-MARCELO-L=130-N=186741-phi=0.08-alpha=1.2-bmax=20-r=0.49-ru=10/config-927.txt.gz,1.2,0.08,79.0
SRRW-MARCELO-L=130-N=186741-phi=0.08-alpha=1.2-bmax=20-r=0.49-ru=10/config-928.txt.gz,1.2,0.08,50.0
SRRW-MARCELO-L=130-N=186741-phi=0.08-alpha=1.2-bmax=20-r=0.49-ru=10/config-929.txt.gz,1.2,0.08,78.0
SRRW-MARCELO-L=130-N=186741-phi=0.08-alpha=1.2-bmax=20-r=0.49-ru=10/config-93.txt.gz,1.2,0.08,66.0
SRRW-MARCELO-L=130-N=186741-phi=0.08-alpha=1.2-bmax=20-r=0.49-ru=10/config-930.txt.gz,1.2,0.08,65.0
SRRW-MARCELO-L=130-N=186741-phi=0.08-alpha=1.2-bmax=20-r=0.49-ru=10/config-931.txt.gz,1.2,0.08,48.0
SRRW-MARCELO-L=130-N=186741-phi=0.08-alpha=1.2-bmax=20-r=0.49-ru=10/config-932.txt.gz,1.2,0.08,50.0
SRRW-MARCELO-L=130-N=186741-phi=0.08-alpha=1.2-bmax=20-r=0.49-ru=10/config-933.txt.gz,1.2,0.08,65.0
SRRW-MARCELO-L=130-N=186741-phi=0.08-alpha=1.2-bmax=20-r=0.49-ru=10/config-934.txt.gz,1.2,0.08,73.0
SRRW-MARCELO-L=130-N=186741-phi=0.08-alpha=1.2-bmax=20-r=0.49-ru=10/config-935.txt.gz,1.2,0.08,61.0
SRRW-MARCELO-L=130-N=186741-phi=0.08-alpha=1.2-bmax=20-r=0.49-ru=10/config-936.txt.gz,1.2,0.08,51.0
SRRW-MARCELO-L=130-N=186741-phi=0.08-alpha=1.2-bmax=20-r=0.49-ru=10/config-937.txt.gz,1.2,0.08,70.0
SRRW-MARCELO-L=130-N=186741-phi=0.08-alpha=1.2-bmax=20-r=0.49-ru=10/config-938.txt.gz,1.2,0.08,59.0
SRRW-MARCELO-L=130-N=186741-phi=0.08-alpha=1.2-bmax=20-r=0.49-ru=10/config-939.txt.gz,1.2,0.08,50.0
SRRW-MARCELO-L=130-N=186741-phi=0.08-alpha=1.2-bmax=20-r=0.49-ru=10/config-94.txt.gz,1.2,0.08,70.0
SRRW-MARCELO-L=130-N=186741-phi=0.08-alpha=1.2-bmax=20-r=0.49-ru=10/config-940.txt.gz,1.2,0.08,79.0
SRRW-MARCELO-L=130-N=186741-phi=0.08-alpha=1.2-bmax=20-r=0.49-ru=10/config-941.txt.gz,1.2,0.08,68.0
SRRW-MARCELO-L=130-N=186741-phi=0.08-alpha=1.2-bmax=20-r=0.49-ru=10/config-942.txt.gz,1.2,0.08,85.0
SRRW-MARCELO-L=130-N=186741-phi=0.08-alpha=1.2-bmax=20-r=0.49-ru=10/config-943.txt.gz,1.2,0.08,76.0
SRRW-MARCELO-L=130-N=186741-phi=0.08-alpha=1.2-bmax=20-r=0.49-ru=10/config-944.txt.gz,1.2,0.08,48.0
SRRW-MARCELO-L=130-N=186741-phi=0.08-alpha=1.2-bmax=20-r=0.49-ru=10/config-945.txt.gz,1.2,0.08,68.0
SRRW-MARCELO-L=130-N=186741-phi=0.08-alpha=1.2-bmax=20-r=0.49-ru=10/config-946.txt.gz,1.2,0.08,68.0
SRRW-MARCELO-L=130-N=186741-phi=0.08-alpha=1.2-bmax=20-r=0.49-ru=10/config-947.txt.gz,1.2,0.08,96.0
SRRW-MARCELO-L=130-N=186741-phi=0.08-alpha=1.2-bmax=20-r=0.49-ru=10/config-948.txt.gz,1.2,0.08,70.0
SRRW-MARCELO-L=130-N=186741-phi=0.08-alpha=1.2-bmax=20-r=0.49-ru=10/config-949.txt.gz,1.2,0.08,63.0
SRRW-MARCELO-L=130-N=186741-phi=0.08-alpha=1.2-bmax=20-r=0.49-ru=10/config-95.txt.gz,1.2,0.08,61.0
SRRW-MARCELO-L=130-N=186741-phi=0.08-alpha=1.2-bmax=20-r=0.49-ru=10/config-950.txt.gz,1.2,0.08,65.0
SRRW-MARCELO-L=130-N=186741-phi=0.08-alpha=1.2-bmax=20-r=0.49-ru=10/config-951.txt.gz,1.2,0.08,62.0
SRRW-MARCELO-L=130-N=186741-phi=0.08-alpha=1.2-bmax=20-r=0.49-ru=10/config-952.txt.gz,1.2,0.08,65.0
SRRW-MARCELO-L=130-N=186741-phi=0.08-alpha=1.2-bmax=20-r=0.49-ru=10/config-953.txt.gz,1.2,0.08,50.0
SRRW-MARCELO-L=130-N=186741-phi=0.08-alpha=1.2-bmax=20-r=0.49-ru=10/config-954.txt.gz,1.2,0.08,70.0
SRRW-MARCELO-L=130-N=186741-phi=0.08-alpha=1.2-bmax=20-r=0.49-ru=10/config-955.txt.gz,1.2,0.08,70.0
SRRW-MARCELO-L=130-N=186741-phi=0.08-alpha=1.2-bmax=20-r=0.49-ru=10/config-956.txt.gz,1.2,0.08,58.0
SRRW-MARCELO-L=130-N=186741-phi=0.08-alpha=1.2-bmax=20-r=0.49-ru=10/config-957.txt.gz,1.2,0.08,74.0
SRRW-MARCELO-L=130-N=186741-phi=0.08-alpha=1.2-bmax=20-r=0.49-ru=10/config-958.txt.gz,1.2,0.08,55.0
SRRW-MARCELO-L=130-N=186741-phi=0.08-alpha=1.2-bmax=20-r=0.49-ru=10/config-959.txt.gz,1.2,0.08,57.0
SRRW-MARCELO-L=130-N=186741-phi=0.08-alpha=1.2-bmax=20-r=0.49-ru=10/config-96.txt.gz,1.2,0.08,69.0
SRRW-MARCELO-L=130-N=186741-phi=0.08-alpha=1.2-bmax=20-r=0.49-ru=10/config-960.txt.gz,1.2,0.08,62.0
SRRW-MARCELO-L=130-N=186741-phi=0.08-alpha=1.2-bmax=20-r=0.49-ru=10/config-961.txt.gz,1.2,0.08,44.0
SRRW-MARCELO-L=130-N=186741-phi=0.08-alpha=1.2-bmax=20-r=0.49-ru=10/config-962.txt.gz,1.2,0.08,63.0
SRRW-MARCELO-L=130-N=186741-phi=0.08-alpha=1.2-bmax=20-r=0.49-ru=10/config-963.txt.gz,1.2,0.08,63.0
SRRW-MARCELO-L=130-N=186741-phi=0.08-alpha=1.2-bmax=20-r=0.49-ru=10/config-964.txt.gz,1.2,0.08,67.0
SRRW-MARCELO-L=130-N=186741-phi=0.08-alpha=1.2-bmax=20-r=0.49-ru=10/config-965.txt.gz,1.2,0.08,64.0
SRRW-MARCELO-L=130-N=186741-phi=0.08-alpha=1.2-bmax=20-r=0.49-ru=10/config-966.txt.gz,1.2,0.08,79.0
SRRW-MARCELO-L=130-N=186741-phi=0.08-alpha=1.2-bmax=20-r=0.49-ru=10/config-967.txt.gz,1.2,0.08,71.0
SRRW-MARCELO-L=130-N=186741-phi=0.08-alpha=1.2-bmax=20-r=0.49-ru=10/config-968.txt.gz,1.2,0.08,79.0
SRRW-MARCELO-L=130-N=186741-phi=0.08-alpha=1.2-bmax=20-r=0.49-ru=10/config-969.txt.gz,1.2,0.08,59.0
SRRW-MARCELO-L=130-N=186741-phi=0.08-alpha=1.2-bmax=20-r=0.49-ru=10/config-97.txt.gz,1.2,0.08,49.0
SRRW-MARCELO-L=130-N=186741-phi=0.08-alpha=1.2-bmax=20-r=0.49-ru=10/config-970.txt.gz,1.2,0.08,74.0
SRRW-MARCELO-L=130-N=186741-phi=0.08-alpha=1.2-bmax=20-r=0.49-ru=10/config-971.txt.gz,1.2,0.08,68.0
SRRW-MARCELO-L=130-N=186741-phi=0.08-alpha=1.2-bmax=20-r=0.49-ru=10/config-972.txt.gz,1.2,0.08,71.0
SRRW-MARCELO-L=130-N=186741-phi=0.08-alpha=1.2-bmax=20-r=0.49-ru=10/config-973.txt.gz,1.2,0.08,61.0
SRRW-MARCELO-L=130-N=186741-phi=0.08-alpha=1.2-bmax=20-r=0.49-ru=10/config-974.txt.gz,1.2,0.08,63.0
SRRW-MARCELO-L=130-N=186741-phi=0.08-alpha=1.2-bmax=20-r=0.49-ru=10/config-975.txt.gz,1.2,0.08,74.0
SRRW-MARCELO-L=130-N=186741-phi=0.08-alpha=1.2-bmax=20-r=0.49-ru=10/config-976.txt.gz,1.2,0.08,60.0
SRRW-MARCELO-L=130-N=186741-phi=0.08-alpha=1.2-bmax=20-r=0.49-ru=10/config-977.txt.gz,1.2,0.08,79.0
SRRW-MARCELO-L=130-N=186741-phi=0.08-alpha=1.2-bmax=20-r=0.49-ru=10/config-978.txt.gz,1.2,0.08,73.0
SRRW-MARCELO-L=130-N=186741-phi=0.08-alpha=1.2-bmax=20-r=0.49-ru=10/config-979.txt.gz,1.2,0.08,45.0
SRRW-MARCELO-L=130-N=186741-phi=0.08-alpha=1.2-bmax=20-r=0.49-ru=10/config-98.txt.gz,1.2,0.08,56.0
SRRW-MARCELO-L=130-N=186741-phi=0.08-alpha=1.2-bmax=20-r=0.49-ru=10/config-980.txt.gz,1.2,0.08,51.0
SRRW-MARCELO-L=130-N=186741-phi=0.08-alpha=1.2-bmax=20-r=0.49-ru=10/config-981.txt.gz,1.2,0.08,65.0
SRRW-MARCELO-L=130-N=186741-phi=0.08-alpha=1.2-bmax=20-r=0.49-ru=10/config-982.txt.gz,1.2,0.08,70.0
SRRW-MARCELO-L=130-N=186741-phi=0.08-alpha=1.2-bmax=20-r=0.49-ru=10/config-983.txt.gz,1.2,0.08,52.0
SRRW-MARCELO-L=130-N=186741-phi=0.08-alpha=1.2-bmax=20-r=0.49-ru=10/config-984.txt.gz,1.2,0.08,66.0
SRRW-MARCELO-L=130-N=186741-phi=0.08-alpha=1.2-bmax=20-r=0.49-ru=10/config-985.txt.gz,1.2,0.08,58.0
SRRW-MARCELO-L=130-N=186741-phi=0.08-alpha=1.2-bmax=20-r=0.49-ru=10/config-986.txt.gz,1.2,0.08,75.0
SRRW-MARCELO-L=130-N=186741-phi=0.08-alpha=1.2-bmax=20-r=0.49-ru=10/config-987.txt.gz,1.2,0.08,65.0
SRRW-MARCELO-L=130-N=186741-phi=0.08-alpha=1.2-bmax=20-r=0.49-ru=10/config-988.txt.gz,1.2,0.08,75.0
SRRW-MARCELO-L=130-N=186741-phi=0.08-alpha=1.2-bmax=20-r=0.49-ru=10/config-989.txt.gz,1.2,0.08,68.0
SRRW-MARCELO-L=130-N=186741-phi=0.08-alpha=1.2-bmax=20-r=0.49-ru=10/config-99.txt.gz,1.2,0.08,62.0
SRRW-MARCELO-L=130-N=186741-phi=0.08-alpha=1.2-bmax=20-r=0.49-ru=10/config-990.txt.gz,1.2,0.08,79.0
SRRW-MARCELO-L=130-N=186741-phi=0.08-alpha=1.2-bmax=20-r=0.49-ru=10/config-991.txt.gz,1.2,0.08,68.0
SRRW-MARCELO-L=130-N=186741-phi=0.08-alpha=1.2-bmax=20-r=0.49-ru=10/config-992.txt.gz,1.2,0.08,71.0
SRRW-MARCELO-L=130-N=186741-phi=0.08-alpha=1.2-bmax=20-r=0.49-ru=10/config-993.txt.gz,1.2,0.08,66.0
SRRW-MARCELO-L=130-N=186741-phi=0.08-alpha=1.2-bmax=20-r=0.49-ru=10/config-994.txt.gz,1.2,0.08,56.0
SRRW-MARCELO-L=130-N=186741-phi=0.08-alpha=1.2-bmax=20-r=0.49-ru=10/config-995.txt.gz,1.2,0.08,52.0
SRRW-MARCELO-L=130-N=186741-phi=0.08-alpha=1.2-bmax=20-r=0.49-ru=10/config-996.txt.gz,1.2,0.08,61.0
SRRW-MARCELO-L=130-N=186741-phi=0.08-alpha=1.2-bmax=20-r=0.49-ru=10/config-997.txt.gz,1.2,0.08,67.0
SRRW-MARCELO-L=130-N=186741-phi=0.08-alpha=1.2-bmax=20-r=0.49-ru=10/config-998.txt.gz,1.2,0.08,67.0
SRRW-MARCELO-L=130-N=186741-phi=0.08-alpha=1.2-bmax=20-r=0.49-ru=10/config-999.txt.gz,1.2,0.08,62.0
SRRW-MARCELO-L=130-N=280112-phi=0.12-alpha=1.1-bmax=20-r=0.49-ru=10/config-189.txt.gz,1.1,0.12,73.0
SRRW-MARCELO-L=130-N=280112-phi=0.12-alpha=1.1-bmax=20-r=0.49-ru=10/config-19.txt.gz,1.1,0.12,59.0
SRRW-MARCELO-L=130-N=280112-phi=0.12-alpha=1.1-bmax=20-r=0.49-ru=10/config-190.txt.gz,1.1,0.12,59.0
SRRW-MARCELO-L=130-N=280112-phi=0.12-alpha=1.1-bmax=20-r=0.49-ru=10/config-191.txt.gz,1.1,0.12,70.0
SRRW-MARCELO-L=130-N=280112-phi=0.12-alpha=1.1-bmax=20-r=0.49-ru=10/config-192.txt.gz,1.1,0.12,54.0
SRRW-MARCELO-L=130-N=280112-phi=0.12-alpha=1.1-bmax=20-r=0.49-ru=10/config-193.txt.gz,1.1,0.12,59.0
SRRW-MARCELO-L=130-N=280112-phi=0.12-alpha=1.1-bmax=20-r=0.49-ru=10/config-194.txt.gz,1.1,0.12,60.0
SRRW-MARCELO-L=130-N=280112-phi=0.12-alpha=1.1-bmax=20-r=0.49-ru=10/config-195.txt.gz,1.1,0.12,59.0
SRRW-MARCELO-L=130-N=280112-phi=0.12-alpha=1.1-bmax=20-r=0.49-ru=10/config-196.txt.gz,1.1,0.12,77.0
SRRW-MARCELO-L=130-N=280112-phi=0.12-alpha=1.1-bmax=20-r=0.49-ru=10/config-197.txt.gz,1.1,0.12,51.0
SRRW-MARCELO-L=130-N=280112-phi=0.12-alpha=1.1-bmax=20-r=0.49-ru=10/config-198.txt.gz,1.1,0.12,51.0
SRRW-MARCELO-L=130-N=280112-phi=0.12-alpha=1.1-bmax=20-r=0.49-ru=10/config-199.txt.gz,1.1,0.12,53.0
SRRW-MARCELO-L=130-N=280112-phi=0.12-alpha=1.1-bmax=20-r=0.49-ru=10/config-2.txt.gz,1.1,0.12,71.0
SRRW-MARCELO-L=130-N=280112-phi=0.12-alpha=1.1-bmax=20-r=0.49-ru=10/config-20.txt.gz,1.1,0.12,64.0
SRRW-MARCELO-L=130-N=280112-phi=0.12-alpha=1.1-bmax=20-r=0.49-ru=10/config-200.txt.gz,1.1,0.12,64.0
SRRW-MARCELO-L=130-N=280112-phi=0.12-alpha=1.1-bmax=20-r=0.49-ru=10/config-201.txt.gz,1.1,0.12,61.0
SRRW-MARCELO-L=130-N=280112-phi=0.12-alpha=1.1-bmax=20-r=0.49-ru=10/config-202.txt.gz,1.1,0.12,73.0
SRRW-MARCELO-L=130-N=280112-phi=0.12-alpha=1.1-bmax=20-r=0.49-ru=10/config-203.txt.gz,1.1,0.12,60.0
SRRW-MARCELO-L=130-N=280112-phi=0.12-alpha=1.1-bmax=20-r=0.49-ru=10/config-204.txt.gz,1.1,0.12,67.0
SRRW-MARCELO-L=130-N=280112-phi=0.12-alpha=1.1-bmax=20-r=0.49-ru=10/config-205.txt.gz,1.1,0.12,56.0
SRRW-MARCELO-L=130-N=280112-phi=0.12-alpha=1.1-bmax=20-r=0.49-ru=10/config-206.txt.gz,1.1,0.12,72.0
SRRW-MARCELO-L=130-N=280112-phi=0.12-alpha=1.1-bmax=20-r=0.49-ru=10/config-207.txt.gz,1.1,0.12,67.0
SRRW-MARCELO-L=130-N=280112-phi=0.12-alpha=1.1-bmax=20-r=0.49-ru=10/config-208.txt.gz,1.1,0.12,65.0
SRRW-MARCELO-L=130-N=280112-phi=0.12-alpha=1.1-bmax=20-r=0.49-ru=10/config-209.txt.gz,1.1,0.12,52.0
SRRW-MARCELO-L=130-N=280112-phi=0.12-alpha=1.1-bmax=20-r=0.49-ru=10/config-21.txt.gz,1.1,0.12,55.0
SRRW-MARCELO-L=130-N=280112-phi=0.12-alpha=1.1-bmax=20-r=0.49-ru=10/config-210.txt.gz,1.1,0.12,65.0
SRRW-MARCELO-L=130-N=280112-phi=0.12-alpha=1.1-bmax=20-r=0.49-ru=10/config-211.txt.gz,1.1,0.12,77.0
SRRW-MARCELO-L=130-N=280112-phi=0.12-alpha=1.1-bmax=20-r=0.49-ru=10/config-212.txt.gz,1.1,0.12,50.0
SRRW-MARCELO-L=130-N=280112-phi=0.12-alpha=1.1-bmax=20-r=0.49-ru=10/config-213.txt.gz,1.1,0.12,55.0
SRRW-MARCELO-L=130-N=280112-phi=0.12-alpha=1.1-bmax=20-r=0.49-ru=10/config-214.txt.gz,1.1,0.12,72.0
SRRW-MARCELO-L=130-N=280112-phi=0.12-alpha=1.1-bmax=20-r=0.49-ru=10/config-215.txt.gz,1.1,0.12,63.0
SRRW-MARCELO-L=130-N=280112-phi=0.12-alpha=1.1-bmax=20-r=0.49-ru=10/config-216.txt.gz,1.1,0.12,61.0
SRRW-MARCELO-L=130-N=280112-phi=0.12-alpha=1.1-bmax=20-r=0.49-ru=10/config-217.txt.gz,1.1,0.12,55.0
SRRW-MARCELO-L=130-N=280112-phi=0.12-alpha=1.1-bmax=20-r=0.49-ru=10/config-218.txt.gz,1.1,0.12,67.0
SRRW-MARCELO-L=130-N=280112-phi=0.12-alpha=1.1-bmax=20-r=0.49-ru=10/config-219.txt.gz,1.1,0.12,57.0
SRRW-MARCELO-L=130-N=280112-phi=0.12-alpha=1.1-bmax=20-r=0.49-ru=10/config-22.txt.gz,1.1,0.12,59.0
SRRW-MARCELO-L=130-N=280112-phi=0.12-alpha=1.1-bmax=20-r=0.49-ru=10/config-220.txt.gz,1.1,0.12,65.0
SRRW-MARCELO-L=130-N=280112-phi=0.12-alpha=1.1-bmax=20-r=0.49-ru=10/config-221.txt.gz,1.1,0.12,45.0
SRRW-MARCELO-L=130-N=280112-phi=0.12-alpha=1.1-bmax=20-r=0.49-ru=10/config-222.txt.gz,1.1,0.12,49.0
SRRW-MARCELO-L=130-N=280112-phi=0.12-alpha=1.1-bmax=20-r=0.49-ru=10/config-223.txt.gz,1.1,0.12,64.0
SRRW-MARCELO-L=130-N=280112-phi=0.12-alpha=1.1-bmax=20-r=0.49-ru=10/config-224.txt.gz,1.1,0.12,70.0
SRRW-MARCELO-L=130-N=280112-phi=0.12-alpha=1.1-bmax=20-r=0.49-ru=10/config-225.txt.gz,1.1,0.12,64.0
SRRW-MARCELO-L=130-N=280112-phi=0.12-alpha=1.1-bmax=20-r=0.49-ru=10/config-226.txt.gz,1.1,0.12,63.0
SRRW-MARCELO-L=130-N=280112-phi=0.12-alpha=1.1-bmax=20-r=0.49-ru=10/config-227.txt.gz,1.1,0.12,53.0
SRRW-MARCELO-L=130-N=280112-phi=0.12-alpha=1.1-bmax=20-r=0.49-ru=10/config-228.txt.gz,1.1,0.12,52.0
SRRW-MARCELO-L=130-N=280112-phi=0.12-alpha=1.1-bmax=20-r=0.49-ru=10/config-229.txt.gz,1.1,0.12,58.0
SRRW-MARCELO-L=130-N=280112-phi=0.12-alpha=1.1-bmax=20-r=0.49-ru=10/config-23.txt.gz,1.1,0.12,63.0
SRRW-MARCELO-L=130-N=280112-phi=0.12-alpha=1.1-bmax=20-r=0.49-ru=10/config-230.txt.gz,1.1,0.12,65.0
SRRW-MARCELO-L=130-N=280112-phi=0.12-alpha=1.1-bmax=20-r=0.49-ru=10/config-231.txt.gz,1.1,0.12,54.0
SRRW-MARCELO-L=130-N=280112-phi=0.12-alpha=1.1-bmax=20-r=0.49-ru=10/config-232.txt.gz,1.1,0.12,68.0
SRRW-MARCELO-L=130-N=280112-phi=0.12-alpha=1.1-bmax=20-r=0.49-ru=10/config-233.txt.gz,1.1,0.12,58.0
SRRW-MARCELO-L=130-N=280112-phi=0.12-alpha=1.1-bmax=20-r=0.49-ru=10/config-234.txt.gz,1.1,0.12,66.0
SRRW-MARCELO-L=130-N=280112-phi=0.12-alpha=1.1-bmax=20-r=0.49-ru=10/config-235.txt.gz,1.1,0.12,66.0
SRRW-MARCELO-L=130-N=280112-phi=0.12-alpha=1.1-bmax=20-r=0.49-ru=10/config-236.txt.gz,1.1,0.12,73.0
SRRW-MARCELO-L=130-N=280112-phi=0.12-alpha=1.1-bmax=20-r=0.49-ru=10/config-237.txt.gz,1.1,0.12,68.0
SRRW-MARCELO-L=130-N=280112-phi=0.12-alpha=1.1-bmax=20-r=0.49-ru=10/config-238.txt.gz,1.1,0.12,67.0
SRRW-MARCELO-L=130-N=280112-phi=0.12-alpha=1.1-bmax=20-r=0.49-ru=10/config-239.txt.gz,1.1,0.12,57.0
SRRW-MARCELO-L=130-N=280112-phi=0.12-alpha=1.1-bmax=20-r=0.49-ru=10/config-24.txt.gz,1.1,0.12,59.0
SRRW-MARCELO-L=130-N=280112-phi=0.12-alpha=1.1-bmax=20-r=0.49-ru=10/config-240.txt.gz,1.1,0.12,47.0
SRRW-MARCELO-L=130-N=280112-phi=0.12-alpha=1.1-bmax=20-r=0.49-ru=10/config-241.txt.gz,1.1,0.12,76.0
SRRW-MARCELO-L=130-N=280112-phi=0.12-alpha=1.1-bmax=20-r=0.49-ru=10/config-242.txt.gz,1.1,0.12,65.0
SRRW-MARCELO-L=130-N=280112-phi=0.12-alpha=1.1-bmax=20-r=0.49-ru=10/config-243.txt.gz,1.1,0.12,62.0
SRRW-MARCELO-L=130-N=280112-phi=0.12-alpha=1.1-bmax=20-r=0.49-ru=10/config-244.txt.gz,1.1,0.12,68.0
SRRW-MARCELO-L=130-N=280112-phi=0.12-alpha=1.1-bmax=20-r=0.49-ru=10/config-245.txt.gz,1.1,0.12,66.0
SRRW-MARCELO-L=130-N=280112-phi=0.12-alpha=1.1-bmax=20-r=0.49-ru=10/config-246.txt.gz,1.1,0.12,72.0
SRRW-MARCELO-L=130-N=280112-phi=0.12-alpha=1.1-bmax=20-r=0.49-ru=10/config-247.txt.gz,1.1,0.12,72.0
SRRW-MARCELO-L=130-N=280112-phi=0.12-alpha=1.1-bmax=20-r=0.49-ru=10/config-248.txt.gz,1.1,0.12,67.0
SRRW-MARCELO-L=130-N=280112-phi=0.12-alpha=1.1-bmax=20-r=0.49-ru=10/config-249.txt.gz,1.1,0.12,65.0
SRRW-MARCELO-L=130-N=280112-phi=0.12-alpha=1.1-bmax=20-r=0.49-ru=10/config-25.txt.gz,1.1,0.12,72.0
SRRW-MARCELO-L=130-N=280112-phi=0.12-alpha=1.1-bmax=20-r=0.49-ru=10/config-250.txt.gz,1.1,0.12,76.0
SRRW-MARCELO-L=130-N=280112-phi=0.12-alpha=1.1-bmax=20-r=0.49-ru=10/config-251.txt.gz,1.1,0.12,60.0
SRRW-MARCELO-L=130-N=280112-phi=0.12-alpha=1.1-bmax=20-r=0.49-ru=10/config-252.txt.gz,1.1,0.12,67.0
SRRW-MARCELO-L=130-N=280112-phi=0.12-alpha=1.1-bmax=20-r=0.49-ru=10/config-253.txt.gz,1.1,0.12,55.0
SRRW-MARCELO-L=130-N=280112-phi=0.12-alpha=1.1-bmax=20-r=0.49-ru=10/config-254.txt.gz,1.1,0.12,70.0
SRRW-MARCELO-L=130-N=280112-phi=0.12-alpha=1.1-bmax=20-r=0.49-ru=10/config-255.txt.gz,1.1,0.12,55.0
SRRW-MARCELO-L=130-N=280112-phi=0.12-alpha=1.1-bmax=20-r=0.49-ru=10/config-256.txt.gz,1.1,0.12,69.0
SRRW-MARCELO-L=130-N=280112-phi=0.12-alpha=1.1-bmax=20-r=0.49-ru=10/config-257.txt.gz,1.1,0.12,64.0
SRRW-MARCELO-L=130-N=280112-phi=0.12-alpha=1.1-bmax=20-r=0.49-ru=10/config-258.txt.gz,1.1,0.12,47.0
SRRW-MARCELO-L=130-N=280112-phi=0.12-alpha=1.1-bmax=20-r=0.49-ru=10/config-259.txt.gz,1.1,0.12,52.0
SRRW-MARCELO-L=130-N=280112-phi=0.12-alpha=1.1-bmax=20-r=0.49-ru=10/config-26.txt.gz,1.1,0.12,62.0
SRRW-MARCELO-L=130-N=280112-phi=0.12-alpha=1.1-bmax=20-r=0.49-ru=10/config-260.txt.gz,1.1,0.12,56.0
SRRW-MARCELO-L=130-N=280112-phi=0.12-alpha=1.1-bmax=20-r=0.49-ru=10/config-261.txt.gz,1.1,0.12,67.0
SRRW-MARCELO-L=130-N=280112-phi=0.12-alpha=1.1-bmax=20-r=0.49-ru=10/config-262.txt.gz,1.1,0.12,64.0
SRRW-MARCELO-L=130-N=280112-phi=0.12-alpha=1.1-bmax=20-r=0.49-ru=10/config-263.txt.gz,1.1,0.12,54.0
SRRW-MARCELO-L=130-N=280112-phi=0.12-alpha=1.1-bmax=20-r=0.49-ru=10/config-264.txt.gz,1.1,0.12,84.0
SRRW-MARCELO-L=130-N=280112-phi=0.12-alpha=1.1-bmax=20-r=0.49-ru=10/config-265.txt.gz,1.1,0.12,62.0
SRRW-MARCELO-L=130-N=280112-phi=0.12-alpha=1.1-bmax=20-r=0.49-ru=10/config-266.txt.gz,1.1,0.12,59.0
SRRW-MARCELO-L=130-N=280112-phi=0.12-alpha=1.1-bmax=20-r=0.49-ru=10/config-267.txt.gz,1.1,0.12,61.0
SRRW-MARCELO-L=130-N=280112-phi=0.12-alpha=1.1-bmax=20-r=0.49-ru=10/config-268.txt.gz,1.1,0.12,59.0
SRRW-MARCELO-L=130-N=280112-phi=0.12-alpha=1.1-bmax=20-r=0.49-ru=10/config-269.txt.gz,1.1,0.12,66.0
SRRW-MARCELO-L=130-N=280112-phi=0.12-alpha=1.1-bmax=20-r=0.49-ru=10/config-27.txt.gz,1.1,0.12,57.0
SRRW-MARCELO-L=130-N=280112-phi=0.12-alpha=1.1-bmax=20-r=0.49-ru=10/config-270.txt.gz,1.1,0.12,64.0
SRRW-MARCELO-L=130-N=280112-phi=0.12-alpha=1.1-bmax=20-r=0.49-ru=10/config-271.txt.gz,1.1,0.12,61.0
SRRW-MARCELO-L=130-N=280112-phi=0.12-alpha=1.1-bmax=20-r=0.49-ru=10/config-272.txt.gz,1.1,0.12,65.0
SRRW-MARCELO-L=130-N=280112-phi=0.12-alpha=1.1-bmax=20-r=0.49-ru=10/config-273.txt.gz,1.1,0.12,51.0
SRRW-MARCELO-L=130-N=280112-phi=0.12-alpha=1.1-bmax=20-r=0.49-ru=10/config-274.txt.gz,1.1,0.12,62.0
SRRW-MARCELO-L=130-N=280112-phi=0.12-alpha=1.1-bmax=20-r=0.49-ru=10/config-275.txt.gz,1.1,0.12,66.0
SRRW-MARCELO-L=130-N=280112-phi=0.12-alpha=1.1-bmax=20-r=0.49-ru=10/config-276.txt.gz,1.1,0.12,49.0
SRRW-MARCELO-L=130-N=280112-phi=0.12-alpha=1.1-bmax=20-r=0.49-ru=10/config-277.txt.gz,1.1,0.12,62.0
SRRW-MARCELO-L=130-N=280112-phi=0.12-alpha=1.1-bmax=20-r=0.49-ru=10/config-278.txt.gz,1.1,0.12,55.0
SRRW-MARCELO-L=130-N=280112-phi=0.12-alpha=1.1-bmax=20-r=0.49-ru=10/config-279.txt.gz,1.1,0.12,62.0
SRRW-MARCELO-L=130-N=280112-phi=0.12-alpha=1.1-bmax=20-r=0.49-ru=10/config-28.txt.gz,1.1,0.12,67.0
SRRW-MARCELO-L=130-N=280112-phi=0.12-alpha=1.1-bmax=20-r=0.49-ru=10/config-280.txt.gz,1.1,0.12,51.0
SRRW-MARCELO-L=130-N=280112-phi=0.12-alpha=1.1-bmax=20-r=0.49-ru=10/config-281.txt.gz,1.1,0.12,78.0
SRRW-MARCELO-L=130-N=280112-phi=0.12-alpha=1.1-bmax=20-r=0.49-ru=10/config-282.txt.gz,1.1,0.12,55.0
SRRW-MARCELO-L=130-N=280112-phi=0.12-alpha=1.1-bmax=20-r=0.49-ru=10/config-283.txt.gz,1.1,0.12,64.0
SRRW-MARCELO-L=130-N=280112-phi=0.12-alpha=1.1-bmax=20-r=0.49-ru=10/config-284.txt.gz,1.1,0.12,56.0
SRRW-MARCELO-L=130-N=280112-phi=0.12-alpha=1.1-bmax=20-r=0.49-ru=10/config-285.txt.gz,1.1,0.12,53.0
SRRW-MARCELO-L=130-N=280112-phi=0.12-alpha=1.1-bmax=20-r=0.49-ru=10/config-286.txt.gz,1.1,0.12,46.0
SRRW-MARCELO-L=130-N=280112-phi=0.12-alpha=1.1-bmax=20-r=0.49-ru=10/config-287.txt.gz,1.1,0.12,58.0
SRRW-MARCELO-L=130-N=280112-phi=0.12-alpha=1.1-bmax=20-r=0.49-ru=10/config-288.txt.gz,1.1,0.12,58.0
SRRW-MARCELO-L=130-N=280112-phi=0.12-alpha=1.1-bmax=20-r=0.49-ru=10/config-289.txt.gz,1.1,0.12,59.0
SRRW-MARCELO-L=130-N=280112-phi=0.12-alpha=1.1-bmax=20-r=0.49-ru=10/config-29.txt.gz,1.1,0.12,65.0
SRRW-MARCELO-L=130-N=280112-phi=0.12-alpha=1.1-bmax=20-r=0.49-ru=10/config-290.txt.gz,1.1,0.12,55.0
SRRW-MARCELO-L=130-N=280112-phi=0.12-alpha=1.1-bmax=20-r=0.49-ru=10/config-291.txt.gz,1.1,0.12,62.0
SRRW-MARCELO-L=130-N=280112-phi=0.12-alpha=1.1-bmax=20-r=0.49-ru=10/config-292.txt.gz,1.1,0.12,69.0
SRRW-MARCELO-L=130-N=280112-phi=0.12-alpha=1.1-bmax=20-r=0.49-ru=10/config-293.txt.gz,1.1,0.12,64.0
SRRW-MARCELO-L=130-N=280112-phi=0.12-alpha=1.1-bmax=20-r=0.49-ru=10/config-294.txt.gz,1.1,0.12,39.0
SRRW-MARCELO-L=130-N=280112-phi=0.12-alpha=1.1-bmax=20-r=0.49-ru=10/config-295.txt.gz,1.1,0.12,61.0
SRRW-MARCELO-L=130-N=280112-phi=0.12-alpha=1.1-bmax=20-r=0.49-ru=10/config-296.txt.gz,1.1,0.12,63.0
SRRW-MARCELO-L=130-N=280112-phi=0.12-alpha=1.1-bmax=20-r=0.49-ru=10/config-297.txt.gz,1.1,0.12,75.0
SRRW-MARCELO-L=130-N=280112-phi=0.12-alpha=1.1-bmax=20-r=0.49-ru=10/config-298.txt.gz,1.1,0.12,73.0
SRRW-MARCELO-L=130-N=280112-phi=0.12-alpha=1.1-bmax=20-r=0.49-ru=10/config-299.txt.gz,1.1,0.12,68.0
SRRW-MARCELO-L=130-N=280112-phi=0.12-alpha=1.1-bmax=20-r=0.49-ru=10/config-3.txt.gz,1.1,0.12,74.0
SRRW-MARCELO-L=130-N=280112-phi=0.12-alpha=1.1-bmax=20-r=0.49-ru=10/config-30.txt.gz,1.1,0.12,71.0
SRRW-MARCELO-L=130-N=280112-phi=0.12-alpha=1.1-bmax=20-r=0.49-ru=10/config-300.txt.gz,1.1,0.12,78.0
SRRW-MARCELO-L=130-N=280112-phi=0.12-alpha=1.1-bmax=20-r=0.49-ru=10/config-301.txt.gz,1.1,0.12,60.0
SRRW-MARCELO-L=130-N=280112-phi=0.12-alpha=1.1-bmax=20-r=0.49-ru=10/config-302.txt.gz,1.1,0.12,72.0
SRRW-MARCELO-L=130-N=280112-phi=0.12-alpha=1.1-bmax=20-r=0.49-ru=10/config-303.txt.gz,1.1,0.12,47.0
SRRW-MARCELO-L=130-N=280112-phi=0.12-alpha=1.1-bmax=20-r=0.49-ru=10/config-304.txt.gz,1.1,0.12,48.0
SRRW-MARCELO-L=130-N=280112-phi=0.12-alpha=1.1-bmax=20-r=0.49-ru=10/config-305.txt.gz,1.1,0.12,64.0
SRRW-MARCELO-L=130-N=280112-phi=0.12-alpha=1.1-bmax=20-r=0.49-ru=10/config-306.txt.gz,1.1,0.12,66.0
SRRW-MARCELO-L=130-N=280112-phi=0.12-alpha=1.1-bmax=20-r=0.49-ru=10/config-307.txt.gz,1.1,0.12,61.0
SRRW-MARCELO-L=130-N=280112-phi=0.12-alpha=1.1-bmax=20-r=0.49-ru=10/config-308.txt.gz,1.1,0.12,61.0
SRRW-MARCELO-L=130-N=280112-phi=0.12-alpha=1.1-bmax=20-r=0.49-ru=10/config-309.txt.gz,1.1,0.12,62.0
SRRW-MARCELO-L=130-N=280112-phi=0.12-alpha=1.1-bmax=20-r=0.49-ru=10/config-31.txt.gz,1.1,0.12,58.0
SRRW-MARCELO-L=130-N=280112-phi=0.12-alpha=1.1-bmax=20-r=0.49-ru=10/config-310.txt.gz,1.1,0.12,64.0
SRRW-MARCELO-L=130-N=280112-phi=0.12-alpha=1.1-bmax=20-r=0.49-ru=10/config-311.txt.gz,1.1,0.12,71.0
SRRW-MARCELO-L=130-N=280112-phi=0.12-alpha=1.1-bmax=20-r=0.49-ru=10/config-312.txt.gz,1.1,0.12,71.0
SRRW-MARCELO-L=130-N=280112-phi=0.12-alpha=1.1-bmax=20-r=0.49-ru=10/config-313.txt.gz,1.1,0.12,60.0
SRRW-MARCELO-L=130-N=280112-phi=0.12-alpha=1.1-bmax=20-r=0.49-ru=10/config-314.txt.gz,1.1,0.12,82.0
SRRW-MARCELO-L=130-N=280112-phi=0.12-alpha=1.1-bmax=20-r=0.49-ru=10/config-315.txt.gz,1.1,0.12,75.0
SRRW-MARCELO-L=130-N=280112-phi=0.12-alpha=1.1-bmax=20-r=0.49-ru=10/config-316.txt.gz,1.1,0.12,61.0
SRRW-MARCELO-L=130-N=280112-phi=0.12-alpha=1.1-bmax=20-r=0.49-ru=10/config-317.txt.gz,1.1,0.12,52.0
SRRW-MARCELO-L=130-N=280112-phi=0.12-alpha=1.1-bmax=20-r=0.49-ru=10/config-318.txt.gz,1.1,0.12,60.0
SRRW-MARCELO-L=130-N=280112-phi=0.12-alpha=1.1-bmax=20-r=0.49-ru=10/config-319.txt.gz,1.1,0.12,57.0
SRRW-MARCELO-L=130-N=280112-phi=0.12-alpha=1.1-bmax=20-r=0.49-ru=10/config-32.txt.gz,1.1,0.12,60.0
SRRW-MARCELO-L=130-N=280112-phi=0.12-alpha=1.1-bmax=20-r=0.49-ru=10/config-320.txt.gz,1.1,0.12,66.0
SRRW-MARCELO-L=130-N=280112-phi=0.12-alpha=1.1-bmax=20-r=0.49-ru=10/config-321.txt.gz,1.1,0.12,55.0
SRRW-MARCELO-L=130-N=280112-phi=0.12-alpha=1.1-bmax=20-r=0.49-ru=10/config-322.txt.gz,1.1,0.12,73.0
SRRW-MARCELO-L=130-N=280112-phi=0.12-alpha=1.1-bmax=20-r=0.49-ru=10/config-323.txt.gz,1.1,0.12,43.0
SRRW-MARCELO-L=130-N=280112-phi=0.12-alpha=1.1-bmax=20-r=0.49-ru=10/config-324.txt.gz,1.1,0.12,73.0
SRRW-MARCELO-L=130-N=280112-phi=0.12-alpha=1.1-bmax=20-r=0.49-ru=10/config-325.txt.gz,1.1,0.12,65.0
SRRW-MARCELO-L=130-N=280112-phi=0.12-alpha=1.1-bmax=20-r=0.49-ru=10/config-326.txt.gz,1.1,0.12,62.0
SRRW-MARCELO-L=130-N=280112-phi=0.12-alpha=1.1-bmax=20-r=0.49-ru=10/config-327.txt.gz,1.1,0.12,68.0
SRRW-MARCELO-L=130-N=280112-phi=0.12-alpha=1.1-bmax=20-r=0.49-ru=10/config-328.txt.gz,1.1,0.12,75.0
SRRW-MARCELO-L=130-N=280112-phi=0.12-alpha=1.1-bmax=20-r=0.49-ru=10/config-329.txt.gz,1.1,0.12,68.0
SRRW-MARCELO-L=130-N=280112-phi=0.12-alpha=1.1-bmax=20-r=0.49-ru=10/config-33.txt.gz,1.1,0.12,63.0
SRRW-MARCELO-L=130-N=280112-phi=0.12-alpha=1.1-bmax=20-r=0.49-ru=10/config-330.txt.gz,1.1,0.12,63.0
SRRW-MARCELO-L=130-N=280112-phi=0.12-alpha=1.1-bmax=20-r=0.49-ru=10/config-331.txt.gz,1.1,0.12,61.0
SRRW-MARCELO-L=130-N=280112-phi=0.12-alpha=1.1-bmax=20-r=0.49-ru=10/config-332.txt.gz,1.1,0.12,44.0
SRRW-MARCELO-L=130-N=280112-phi=0.12-alpha=1.1-bmax=20-r=0.49-ru=10/config-333.txt.gz,1.1,0.12,50.0
SRRW-MARCELO-L=130-N=280112-phi=0.12-alpha=1.1-bmax=20-r=0.49-ru=10/config-334.txt.gz,1.1,0.12,60.0
SRRW-MARCELO-L=130-N=280112-phi=0.12-alpha=1.1-bmax=20-r=0.49-ru=10/config-335.txt.gz,1.1,0.12,63.0
SRRW-MARCELO-L=130-N=280112-phi=0.12-alpha=1.1-bmax=20-r=0.49-ru=10/config-336.txt.gz,1.1,0.12,55.0
SRRW-MARCELO-L=130-N=280112-phi=0.12-alpha=1.1-bmax=20-r=0.49-ru=10/config-337.txt.gz,1.1,0.12,70.0
SRRW-MARCELO-L=130-N=280112-phi=0.12-alpha=1.1-bmax=20-r=0.49-ru=10/config-338.txt.gz,1.1,0.12,60.0
SRRW-MARCELO-L=130-N=280112-phi=0.12-alpha=1.1-bmax=20-r=0.49-ru=10/config-339.txt.gz,1.1,0.12,60.0
SRRW-MARCELO-L=130-N=280112-phi=0.12-alpha=1.1-bmax=20-r=0.49-ru=10/config-34.txt.gz,1.1,0.12,72.0
SRRW-MARCELO-L=130-N=280112-phi=0.12-alpha=1.1-bmax=20-r=0.49-ru=10/config-340.txt.gz,1.1,0.12,68.0
SRRW-MARCELO-L=130-N=280112-phi=0.12-alpha=1.1-bmax=20-r=0.49-ru=10/config-341.txt.gz,1.1,0.12,70.0
SRRW-MARCELO-L=130-N=280112-phi=0.12-alpha=1.1-bmax=20-r=0.49-ru=10/config-342.txt.gz,1.1,0.12,56.0
SRRW-MARCELO-L=130-N=280112-phi=0.12-alpha=1.1-bmax=20-r=0.49-ru=10/config-343.txt.gz,1.1,0.12,46.0
SRRW-MARCELO-L=130-N=280112-phi=0.12-alpha=1.1-bmax=20-r=0.49-ru=10/config-344.txt.gz,1.1,0.12,65.0
SRRW-MARCELO-L=130-N=280112-phi=0.12-alpha=1.1-bmax=20-r=0.49-ru=10/config-345.txt.gz,1.1,0.12,56.0
SRRW-MARCELO-L=130-N=280112-phi=0.12-alpha=1.1-bmax=20-r=0.49-ru=10/config-346.txt.gz,1.1,0.12,68.0
SRRW-MARCELO-L=130-N=280112-phi=0.12-alpha=1.1-bmax=20-r=0.49-ru=10/config-347.txt.gz,1.1,0.12,58.0
SRRW-MARCELO-L=130-N=280112-phi=0.12-alpha=1.1-bmax=20-r=0.49-ru=10/config-348.txt.gz,1.1,0.12,63.0
SRRW-MARCELO-L=130-N=280112-phi=0.12-alpha=1.1-bmax=20-r=0.49-ru=10/config-349.txt.gz,1.1,0.12,72.0
SRRW-MARCELO-L=130-N=280112-phi=0.12-alpha=1.1-bmax=20-r=0.49-ru=10/config-35.txt.gz,1.1,0.12,66.0
SRRW-MARCELO-L=130-N=280112-phi=0.12-alpha=1.1-bmax=20-r=0.49-ru=10/config-350.txt.gz,1.1,0.12,58.0
SRRW-MARCELO-L=130-N=280112-phi=0.12-alpha=1.1-bmax=20-r=0.49-ru=10/config-351.txt.gz,1.1,0.12,67.0
SRRW-MARCELO-L=130-N=280112-phi=0.12-alpha=1.1-bmax=20-r=0.49-ru=10/config-352.txt.gz,1.1,0.12,54.0
SRRW-MARCELO-L=130-N=280112-phi=0.12-alpha=1.1-bmax=20-r=0.49-ru=10/config-353.txt.gz,1.1,0.12,55.0
SRRW-MARCELO-L=130-N=280112-phi=0.12-alpha=1.1-bmax=20-r=0.49-ru=10/config-354.txt.gz,1.1,0.12,63.0
SRRW-MARCELO-L=130-N=280112-phi=0.12-alpha=1.1-bmax=20-r=0.49-ru=10/config-355.txt.gz,1.1,0.12,59.0
SRRW-MARCELO-L=130-N=280112-phi=0.12-alpha=1.1-bmax=20-r=0.49-ru=10/config-356.txt.gz,1.1,0.12,66.0
SRRW-MARCELO-L=130-N=280112-phi=0.12-alpha=1.1-bmax=20-r=0.49-ru=10/config-357.txt.gz,1.1,0.12,70.0
SRRW-MARCELO-L=130-N=280112-phi=0.12-alpha=1.1-bmax=20-r=0.49-ru=10/config-358.txt.gz,1.1,0.12,74.0
SRRW-MARCELO-L=130-N=280112-phi=0.12-alpha=1.1-bmax=20-r=0.49-ru=10/config-359.txt.gz,1.1,0.12,46.0
SRRW-MARCELO-L=130-N=280112-phi=0.12-alpha=1.1-bmax=20-r=0.49-ru=10/config-36.txt.gz,1.1,0.12,71.0
SRRW-MARCELO-L=130-N=280112-phi=0.12-alpha=1.1-bmax=20-r=0.49-ru=10/config-360.txt.gz,1.1,0.12,75.0
SRRW-MARCELO-L=130-N=280112-phi=0.12-alpha=1.1-bmax=20-r=0.49-ru=10/config-361.txt.gz,1.1,0.12,46.0
SRRW-MARCELO-L=130-N=280112-phi=0.12-alpha=1.1-bmax=20-r=0.49-ru=10/config-362.txt.gz,1.1,0.12,68.0
SRRW-MARCELO-L=130-N=280112-phi=0.12-alpha=1.1-bmax=20-r=0.49-ru=10/config-363.txt.gz,1.1,0.12,62.0
SRRW-MARCELO-L=130-N=280112-phi=0.12-alpha=1.1-bmax=20-r=0.49-ru=10/config-364.txt.gz,1.1,0.12,46.0
SRRW-MARCELO-L=130-N=280112-phi=0.12-alpha=1.1-bmax=20-r=0.49-ru=10/config-365.txt.gz,1.1,0.12,89.0
SRRW-MARCELO-L=130-N=280112-phi=0.12-alpha=1.1-bmax=20-r=0.49-ru=10/config-366.txt.gz,1.1,0.12,53.0
SRRW-MARCELO-L=130-N=280112-phi=0.12-alpha=1.1-bmax=20-r=0.49-ru=10/config-367.txt.gz,1.1,0.12,63.0
SRRW-MARCELO-L=130-N=280112-phi=0.12-alpha=1.1-bmax=20-r=0.49-ru=10/config-368.txt.gz,1.1,0.12,72.0
SRRW-MARCELO-L=130-N=280112-phi=0.12-alpha=1.1-bmax=20-r=0.49-ru=10/config-369.txt.gz,1.1,0.12,70.0
SRRW-MARCELO-L=130-N=280112-phi=0.12-alpha=1.1-bmax=20-r=0.49-ru=10/config-37.txt.gz,1.1,0.12,58.0
SRRW-MARCELO-L=130-N=280112-phi=0.12-alpha=1.1-bmax=20-r=0.49-ru=10/config-370.txt.gz,1.1,0.12,60.0
SRRW-MARCELO-L=130-N=280112-phi=0.12-alpha=1.1-bmax=20-r=0.49-ru=10/config-371.txt.gz,1.1,0.12,47.0
SRRW-MARCELO-L=130-N=280112-phi=0.12-alpha=1.1-bmax=20-r=0.49-ru=10/config-372.txt.gz,1.1,0.12,48.0
SRRW-MARCELO-L=130-N=280112-phi=0.12-alpha=1.1-bmax=20-r=0.49-ru=10/config-373.txt.gz,1.1,0.12,78.0
SRRW-MARCELO-L=130-N=280112-phi=0.12-alpha=1.1-bmax=20-r=0.49-ru=10/config-374.txt.gz,1.1,0.12,66.0
SRRW-MARCELO-L=130-N=280112-phi=0.12-alpha=1.1-bmax=20-r=0.49-ru=10/config-375.txt.gz,1.1,0.12,66.0
SRRW-MARCELO-L=130-N=280112-phi=0.12-alpha=1.1-bmax=20-r=0.49-ru=10/config-376.txt.gz,1.1,0.12,64.0
SRRW-MARCELO-L=130-N=280112-phi=0.12-alpha=1.1-bmax=20-r=0.49-ru=10/config-377.txt.gz,1.1,0.12,72.0
SRRW-MARCELO-L=130-N=280112-phi=0.12-alpha=1.1-bmax=20-r=0.49-ru=10/config-378.txt.gz,1.1,0.12,56.0
SRRW-MARCELO-L=130-N=280112-phi=0.12-alpha=1.1-bmax=20-r=0.49-ru=10/config-379.txt.gz,1.1,0.12,57.0
SRRW-MARCELO-L=130-N=280112-phi=0.12-alpha=1.1-bmax=20-r=0.49-ru=10/config-38.txt.gz,1.1,0.12,77.0
SRRW-MARCELO-L=130-N=280112-phi=0.12-alpha=1.1-bmax=20-r=0.49-ru=10/config-380.txt.gz,1.1,0.12,62.0
SRRW-MARCELO-L=130-N=280112-phi=0.12-alpha=1.1-bmax=20-r=0.49-ru=10/config-381.txt.gz,1.1,0.12,61.0
SRRW-MARCELO-L=130-N=280112-phi=0.12-alpha=1.1-bmax=20-r=0.49-ru=10/config-382.txt.gz,1.1,0.12,59.0
SRRW-MARCELO-L=130-N=280112-phi=0.12-alpha=1.1-bmax=20-r=0.49-ru=10/config-383.txt.gz,1.1,0.12,65.0
SRRW-MARCELO-L=130-N=280112-phi=0.12-alpha=1.1-bmax=20-r=0.49-ru=10/config-384.txt.gz,1.1,0.12,62.0
SRRW-MARCELO-L=130-N=280112-phi=0.12-alpha=1.1-bmax=20-r=0.49-ru=10/config-385.txt.gz,1.1,0.12,73.0
SRRW-MARCELO-L=130-N=280112-phi=0.12-alpha=1.1-bmax=20-r=0.49-ru=10/config-386.txt.gz,1.1,0.12,51.0
SRRW-MARCELO-L=130-N=280112-phi=0.12-alpha=1.1-bmax=20-r=0.49-ru=10/config-387.txt.gz,1.1,0.12,53.0
SRRW-MARCELO-L=130-N=280112-phi=0.12-alpha=1.1-bmax=20-r=0.49-ru=10/config-388.txt.gz,1.1,0.12,59.0
SRRW-MARCELO-L=130-N=280112-phi=0.12-alpha=1.1-bmax=20-r=0.49-ru=10/config-389.txt.gz,1.1,0.12,66.0
SRRW-MARCELO-L=130-N=280112-phi=0.12-alpha=1.1-bmax=20-r=0.49-ru=10/config-39.txt.gz,1.1,0.12,52.0
SRRW-MARCELO-L=130-N=280112-phi=0.12-alpha=1.1-bmax=20-r=0.49-ru=10/config-390.txt.gz,1.1,0.12,72.0
SRRW-MARCELO-L=130-N=280112-phi=0.12-alpha=1.1-bmax=20-r=0.49-ru=10/config-391.txt.gz,1.1,0.12,44.0
SRRW-MARCELO-L=130-N=280112-phi=0.12-alpha=1.1-bmax=20-r=0.49-ru=10/config-392.txt.gz,1.1,0.12,63.0
SRRW-MARCELO-L=130-N=280112-phi=0.12-alpha=1.1-bmax=20-r=0.49-ru=10/config-393.txt.gz,1.1,0.12,64.0
SRRW-MARCELO-L=130-N=280112-phi=0.12-alpha=1.1-bmax=20-r=0.49-ru=10/config-394.txt.gz,1.1,0.12,64.0
SRRW-MARCELO-L=130-N=280112-phi=0.12-alpha=1.1-bmax=20-r=0.49-ru=10/config-395.txt.gz,1.1,0.12,64.0
SRRW-MARCELO-L=130-N=280112-phi=0.12-alpha=1.1-bmax=20-r=0.49-ru=10/config-396.txt.gz,1.1,0.12,76.0
SRRW-MARCELO-L=130-N=280112-phi=0.12-alpha=1.1-bmax=20-r=0.49-ru=10/config-397.txt.gz,1.1,0.12,63.0
SRRW-MARCELO-L=130-N=280112-phi=0.12-alpha=1.1-bmax=20-r=0.49-ru=10/config-398.txt.gz,1.1,0.12,75.0
SRRW-MARCELO-L=130-N=280112-phi=0.12-alpha=1.1-bmax=20-r=0.49-ru=10/config-399.txt.gz,1.1,0.12,83.0
SRRW-MARCELO-L=130-N=280112-phi=0.12-alpha=1.1-bmax=20-r=0.49-ru=10/config-4.txt.gz,1.1,0.12,56.0
SRRW-MARCELO-L=130-N=280112-phi=0.12-alpha=1.1-bmax=20-r=0.49-ru=10/config-40.txt.gz,1.1,0.12,58.0
SRRW-MARCELO-L=130-N=280112-phi=0.12-alpha=1.1-bmax=20-r=0.49-ru=10/config-400.txt.gz,1.1,0.12,67.0
SRRW-MARCELO-L=130-N=280112-phi=0.12-alpha=1.1-bmax=20-r=0.49-ru=10/config-401.txt.gz,1.1,0.12,57.0
SRRW-MARCELO-L=130-N=280112-phi=0.12-alpha=1.1-bmax=20-r=0.49-ru=10/config-402.txt.gz,1.1,0.12,70.0
SRRW-MARCELO-L=130-N=280112-phi=0.12-alpha=1.1-bmax=20-r=0.49-ru=10/config-403.txt.gz,1.1,0.12,54.0
SRRW-MARCELO-L=130-N=280112-phi=0.12-alpha=1.1-bmax=20-r=0.49-ru=10/config-404.txt.gz,1.1,0.12,76.0
SRRW-MARCELO-L=130-N=280112-phi=0.12-alpha=1.1-bmax=20-r=0.49-ru=10/config-405.txt.gz,1.1,0.12,53.0
SRRW-MARCELO-L=130-N=280112-phi=0.12-alpha=1.1-bmax=20-r=0.49-ru=10/config-406.txt.gz,1.1,0.12,78.0
SRRW-MARCELO-L=130-N=280112-phi=0.12-alpha=1.1-bmax=20-r=0.49-ru=10/config-407.txt.gz,1.1,0.12,69.0
SRRW-MARCELO-L=130-N=280112-phi=0.12-alpha=1.1-bmax=20-r=0.49-ru=10/config-408.txt.gz,1.1,0.12,57.0
SRRW-MARCELO-L=130-N=280112-phi=0.12-alpha=1.1-bmax=20-r=0.49-ru=10/config-409.txt.gz,1.1,0.12,69.0
SRRW-MARCELO-L=130-N=280112-phi=0.12-alpha=1.1-bmax=20-r=0.49-ru=10/config-41.txt.gz,1.1,0.12,44.0
SRRW-MARCELO-L=130-N=280112-phi=0.12-alpha=1.1-bmax=20-r=0.49-ru=10/config-410.txt.gz,1.1,0.12,61.0
SRRW-MARCELO-L=130-N=280112-phi=0.12-alpha=1.1-bmax=20-r=0.49-ru=10/config-411.txt.gz,1.1,0.12,70.0
SRRW-MARCELO-L=130-N=280112-phi=0.12-alpha=1.1-bmax=20-r=0.49-ru=10/config-412.txt.gz,1.1,0.12,50.0
SRRW-MARCELO-L=130-N=280112-phi=0.12-alpha=1.1-bmax=20-r=0.49-ru=10/config-413.txt.gz,1.1,0.12,65.0
SRRW-MARCELO-L=130-N=280112-phi=0.12-alpha=1.1-bmax=20-r=0.49-ru=10/config-414.txt.gz,1.1,0.12,73.0
SRRW-MARCELO-L=130-N=280112-phi=0.12-alpha=1.1-bmax=20-r=0.49-ru=10/config-415.txt.gz,1.1,0.12,62.0
SRRW-MARCELO-L=130-N=280112-phi=0.12-alpha=1.1-bmax=20-r=0.49-ru=10/config-416.txt.gz,1.1,0.12,66.0
SRRW-MARCELO-L=130-N=280112-phi=0.12-alpha=1.1-bmax=20-r=0.49-ru=10/config-417.txt.gz,1.1,0.12,70.0
SRRW-MARCELO-L=130-N=280112-phi=0.12-alpha=1.1-bmax=20-r=0.49-ru=10/config-418.txt.gz,1.1,0.12,63.0
SRRW-MARCELO-L=130-N=280112-phi=0.12-alpha=1.1-bmax=20-r=0.49-ru=10/config-419.txt.gz,1.1,0.12,68.0
SRRW-MARCELO-L=130-N=280112-phi=0.12-alpha=1.1-bmax=20-r=0.49-ru=10/config-42.txt.gz,1.1,0.12,62.0
SRRW-MARCELO-L=130-N=280112-phi=0.12-alpha=1.1-bmax=20-r=0.49-ru=10/config-420.txt.gz,1.1,0.12,60.0
SRRW-MARCELO-L=130-N=280112-phi=0.12-alpha=1.1-bmax=20-r=0.49-ru=10/config-421.txt.gz,1.1,0.12,62.0
SRRW-MARCELO-L=130-N=280112-phi=0.12-alpha=1.1-bmax=20-r=0.49-ru=10/config-422.txt.gz,1.1,0.12,75.0
SRRW-MARCELO-L=130-N=280112-phi=0.12-alpha=1.1-bmax=20-r=0.49-ru=10/config-423.txt.gz,1.1,0.12,59.0
SRRW-MARCELO-L=130-N=280112-phi=0.12-alpha=1.1-bmax=20-r=0.49-ru=10/config-424.txt.gz,1.1,0.12,50.0
SRRW-MARCELO-L=130-N=280112-phi=0.12-alpha=1.1-bmax=20-r=0.49-ru=10/config-425.txt.gz,1.1,0.12,49.0
SRRW-MARCELO-L=130-N=280112-phi=0.12-alpha=1.1-bmax=20-r=0.49-ru=10/config-426.txt.gz,1.1,0.12,51.0
SRRW-MARCELO-L=130-N=280112-phi=0.12-alpha=1.1-bmax=20-r=0.49-ru=10/config-427.txt.gz,1.1,0.12,60.0
SRRW-MARCELO-L=130-N=280112-phi=0.12-alpha=1.1-bmax=20-r=0.49-ru=10/config-428.txt.gz,1.1,0.12,52.0
SRRW-MARCELO-L=130-N=280112-phi=0.12-alpha=1.1-bmax=20-r=0.49-ru=10/config-429.txt.gz,1.1,0.12,69.0
SRRW-MARCELO-L=130-N=280112-phi=0.12-alpha=1.1-bmax=20-r=0.49-ru=10/config-43.txt.gz,1.1,0.12,66.0
SRRW-MARCELO-L=130-N=280112-phi=0.12-alpha=1.1-bmax=20-r=0.49-ru=10/config-430.txt.gz,1.1,0.12,67.0
SRRW-MARCELO-L=130-N=280112-phi=0.12-alpha=1.1-bmax=20-r=0.49-ru=10/config-431.txt.gz,1.1,0.12,63.0
SRRW-MARCELO-L=130-N=280112-phi=0.12-alpha=1.1-bmax=20-r=0.49-ru=10/config-432.txt.gz,1.1,0.12,55.0
SRRW-MARCELO-L=130-N=280112-phi=0.12-alpha=1.1-bmax=20-r=0.49-ru=10/config-433.txt.gz,1.1,0.12,56.0
SRRW-MARCELO-L=130-N=280112-phi=0.12-alpha=1.1-bmax=20-r=0.49-ru=10/config-434.txt.gz,1.1,0.12,52.0
SRRW-MARCELO-L=130-N=280112-phi=0.12-alpha=1.1-bmax=20-r=0.49-ru=10/config-435.txt.gz,1.1,0.12,64.0
SRRW-MARCELO-L=130-N=280112-phi=0.12-alpha=1.1-bmax=20-r=0.49-ru=10/config-436.txt.gz,1.1,0.12,50.0
SRRW-MARCELO-L=130-N=280112-phi=0.12-alpha=1.1-bmax=20-r=0.49-ru=10/config-437.txt.gz,1.1,0.12,67.0
SRRW-MARCELO-L=130-N=280112-phi=0.12-alpha=1.1-bmax=20-r=0.49-ru=10/config-438.txt.gz,1.1,0.12,60.0
SRRW-MARCELO-L=130-N=280112-phi=0.12-alpha=1.1-bmax=20-r=0.49-ru=10/config-439.txt.gz,1.1,0.12,52.0
SRRW-MARCELO-L=130-N=280112-phi=0.12-alpha=1.1-bmax=20-r=0.49-ru=10/config-44.txt.gz,1.1,0.12,69.0
SRRW-MARCELO-L=130-N=280112-phi=0.12-alpha=1.1-bmax=20-r=0.49-ru=10/config-440.txt.gz,1.1,0.12,78.0
SRRW-MARCELO-L=130-N=280112-phi=0.12-alpha=1.1-bmax=20-r=0.49-ru=10/config-441.txt.gz,1.1,0.12,63.0
SRRW-MARCELO-L=130-N=280112-phi=0.12-alpha=1.1-bmax=20-r=0.49-ru=10/config-442.txt.gz,1.1,0.12,42.0
SRRW-MARCELO-L=130-N=280112-phi=0.12-alpha=1.1-bmax=20-r=0.49-ru=10/config-443.txt.gz,1.1,0.12,57.0
SRRW-MARCELO-L=130-N=280112-phi=0.12-alpha=1.1-bmax=20-r=0.49-ru=10/config-444.txt.gz,1.1,0.12,67.0
SRRW-MARCELO-L=130-N=280112-phi=0.12-alpha=1.1-bmax=20-r=0.49-ru=10/config-445.txt.gz,1.1,0.12,73.0
SRRW-MARCELO-L=130-N=280112-phi=0.12-alpha=1.1-bmax=20-r=0.49-ru=10/config-446.txt.gz,1.1,0.12,66.0
SRRW-MARCELO-L=130-N=280112-phi=0.12-alpha=1.1-bmax=20-r=0.49-ru=10/config-447.txt.gz,1.1,0.12,65.0
SRRW-MARCELO-L=130-N=280112-phi=0.12-alpha=1.1-bmax=20-r=0.49-ru=10/config-448.txt.gz,1.1,0.12,68.0
SRRW-MARCELO-L=130-N=280112-phi=0.12-alpha=1.1-bmax=20-r=0.49-ru=10/config-449.txt.gz,1.1,0.12,66.0
SRRW-MARCELO-L=130-N=280112-phi=0.12-alpha=1.1-bmax=20-r=0.49-ru=10/config-45.txt.gz,1.1,0.12,67.0
SRRW-MARCELO-L=130-N=280112-phi=0.12-alpha=1.1-bmax=20-r=0.49-ru=10/config-450.txt.gz,1.1,0.12,70.0
SRRW-MARCELO-L=130-N=280112-phi=0.12-alpha=1.1-bmax=20-r=0.49-ru=10/config-451.txt.gz,1.1,0.12,53.0
SRRW-MARCELO-L=130-N=280112-phi=0.12-alpha=1.1-bmax=20-r=0.49-ru=10/config-452.txt.gz,1.1,0.12,70.0
SRRW-MARCELO-L=130-N=280112-phi=0.12-alpha=1.1-bmax=20-r=0.49-ru=10/config-453.txt.gz,1.1,0.12,64.0
SRRW-MARCELO-L=130-N=280112-phi=0.12-alpha=1.1-bmax=20-r=0.49-ru=10/config-454.txt.gz,1.1,0.12,75.0
SRRW-MARCELO-L=130-N=280112-phi=0.12-alpha=1.1-bmax=20-r=0.49-ru=10/config-455.txt.gz,1.1,0.12,63.0
SRRW-MARCELO-L=130-N=280112-phi=0.12-alpha=1.1-bmax=20-r=0.49-ru=10/config-456.txt.gz,1.1,0.12,60.0
SRRW-MARCELO-L=130-N=280112-phi=0.12-alpha=1.1-bmax=20-r=0.49-ru=10/config-457.txt.gz,1.1,0.12,56.0
SRRW-MARCELO-L=130-N=280112-phi=0.12-alpha=1.1-bmax=20-r=0.49-ru=10/config-458.txt.gz,1.1,0.12,76.0
SRRW-MARCELO-L=130-N=280112-phi=0.12-alpha=1.1-bmax=20-r=0.49-ru=10/config-459.txt.gz,1.1,0.12,53.0
SRRW-MARCELO-L=130-N=280112-phi=0.12-alpha=1.1-bmax=20-r=0.49-ru=10/config-46.txt.gz,1.1,0.12,70.0
SRRW-MARCELO-L=130-N=280112-phi=0.12-alpha=1.1-bmax=20-r=0.49-ru=10/config-460.txt.gz,1.1,0.12,60.0
SRRW-MARCELO-L=130-N=280112-phi=0.12-alpha=1.1-bmax=20-r=0.49-ru=10/config-461.txt.gz,1.1,0.12,75.0
SRRW-MARCELO-L=130-N=280112-phi=0.12-alpha=1.1-bmax=20-r=0.49-ru=10/config-462.txt.gz,1.1,0.12,61.0
SRRW-MARCELO-L=130-N=280112-phi=0.12-alpha=1.1-bmax=20-r=0.49-ru=10/config-463.txt.gz,1.1,0.12,57.0
SRRW-MARCELO-L=130-N=280112-phi=0.12-alpha=1.1-bmax=20-r=0.49-ru=10/config-464.txt.gz,1.1,0.12,74.0
SRRW-MARCELO-L=130-N=280112-phi=0.12-alpha=1.1-bmax=20-r=0.49-ru=10/config-465.txt.gz,1.1,0.12,66.0
SRRW-MARCELO-L=130-N=280112-phi=0.12-alpha=1.1-bmax=20-r=0.49-ru=10/config-466.txt.gz,1.1,0.12,56.0
SRRW-MARCELO-L=130-N=280112-phi=0.12-alpha=1.1-bmax=20-r=0.49-ru=10/config-467.txt.gz,1.1,0.12,61.0
SRRW-MARCELO-L=130-N=280112-phi=0.12-alpha=1.1-bmax=20-r=0.49-ru=10/config-468.txt.gz,1.1,0.12,75.0
SRRW-MARCELO-L=130-N=280112-phi=0.12-alpha=1.1-bmax=20-r=0.49-ru=10/config-469.txt.gz,1.1,0.12,55.0
SRRW-MARCELO-L=130-N=280112-phi=0.12-alpha=1.1-bmax=20-r=0.49-ru=10/config-47.txt.gz,1.1,0.12,75.0
SRRW-MARCELO-L=130-N=280112-phi=0.12-alpha=1.1-bmax=20-r=0.49-ru=10/config-470.txt.gz,1.1,0.12,68.0
SRRW-MARCELO-L=130-N=280112-phi=0.12-alpha=1.1-bmax=20-r=0.49-ru=10/config-471.txt.gz,1.1,0.12,62.0
SRRW-MARCELO-L=130-N=280112-phi=0.12-alpha=1.1-bmax=20-r=0.49-ru=10/config-472.txt.gz,1.1,0.12,53.0
SRRW-MARCELO-L=130-N=280112-phi=0.12-alpha=1.1-bmax=20-r=0.49-ru=10/config-473.txt.gz,1.1,0.12,73.0
SRRW-MARCELO-L=130-N=280112-phi=0.12-alpha=1.1-bmax=20-r=0.49-ru=10/config-474.txt.gz,1.1,0.12,72.0
SRRW-MARCELO-L=130-N=280112-phi=0.12-alpha=1.1-bmax=20-r=0.49-ru=10/config-475.txt.gz,1.1,0.12,46.0
SRRW-MARCELO-L=130-N=280112-phi=0.12-alpha=1.1-bmax=20-r=0.49-ru=10/config-476.txt.gz,1.1,0.12,60.0
SRRW-MARCELO-L=130-N=280112-phi=0.12-alpha=1.1-bmax=20-r=0.49-ru=10/config-477.txt.gz,1.1,0.12,59.0
SRRW-MARCELO-L=130-N=280112-phi=0.12-alpha=1.1-bmax=20-r=0.49-ru=10/config-478.txt.gz,1.1,0.12,57.0
SRRW-MARCELO-L=130-N=280112-phi=0.12-alpha=1.1-bmax=20-r=0.49-ru=10/config-479.txt.gz,1.1,0.12,62.0
SRRW-MARCELO-L=130-N=280112-phi=0.12-alpha=1.1-bmax=20-r=0.49-ru=10/config-48.txt.gz,1.1,0.12,62.0
SRRW-MARCELO-L=130-N=280112-phi=0.12-alpha=1.1-bmax=20-r=0.49-ru=10/config-480.txt.gz,1.1,0.12,62.0
SRRW-MARCELO-L=130-N=280112-phi=0.12-alpha=1.1-bmax=20-r=0.49-ru=10/config-481.txt.gz,1.1,0.12,81.0
SRRW-MARCELO-L=130-N=280112-phi=0.12-alpha=1.1-bmax=20-r=0.49-ru=10/config-482.txt.gz,1.1,0.12,48.0
SRRW-MARCELO-L=130-N=280112-phi=0.12-alpha=1.1-bmax=20-r=0.49-ru=10/config-483.txt.gz,1.1,0.12,52.0
SRRW-MARCELO-L=130-N=280112-phi=0.12-alpha=1.1-bmax=20-r=0.49-ru=10/config-484.txt.gz,1.1,0.12,65.0
SRRW-MARCELO-L=130-N=280112-phi=0.12-alpha=1.1-bmax=20-r=0.49-ru=10/config-485.txt.gz,1.1,0.12,50.0
SRRW-MARCELO-L=130-N=280112-phi=0.12-alpha=1.1-bmax=20-r=0.49-ru=10/config-486.txt.gz,1.1,0.12,63.0
SRRW-MARCELO-L=130-N=280112-phi=0.12-alpha=1.1-bmax=20-r=0.49-ru=10/config-487.txt.gz,1.1,0.12,69.0
SRRW-MARCELO-L=130-N=280112-phi=0.12-alpha=1.1-bmax=20-r=0.49-ru=10/config-488.txt.gz,1.1,0.12,71.0
SRRW-MARCELO-L=130-N=280112-phi=0.12-alpha=1.1-bmax=20-r=0.49-ru=10/config-489.txt.gz,1.1,0.12,72.0
SRRW-MARCELO-L=130-N=280112-phi=0.12-alpha=1.1-bmax=20-r=0.49-ru=10/config-49.txt.gz,1.1,0.12,60.0
SRRW-MARCELO-L=130-N=280112-phi=0.12-alpha=1.1-bmax=20-r=0.49-ru=10/config-490.txt.gz,1.1,0.12,58.0
SRRW-MARCELO-L=130-N=280112-phi=0.12-alpha=1.1-bmax=20-r=0.49-ru=10/config-491.txt.gz,1.1,0.12,77.0
SRRW-MARCELO-L=130-N=280112-phi=0.12-alpha=1.1-bmax=20-r=0.49-ru=10/config-492.txt.gz,1.1,0.12,46.0
SRRW-MARCELO-L=130-N=280112-phi=0.12-alpha=1.1-bmax=20-r=0.49-ru=10/config-493.txt.gz,1.1,0.12,92.0
SRRW-MARCELO-L=130-N=280112-phi=0.12-alpha=1.1-bmax=20-r=0.49-ru=10/config-494.txt.gz,1.1,0.12,57.0
SRRW-MARCELO-L=130-N=280112-phi=0.12-alpha=1.1-bmax=20-r=0.49-ru=10/config-495.txt.gz,1.1,0.12,71.0
SRRW-MARCELO-L=130-N=280112-phi=0.12-alpha=1.1-bmax=20-r=0.49-ru=10/config-496.txt.gz,1.1,0.12,58.0
SRRW-MARCELO-L=130-N=280112-phi=0.12-alpha=1.1-bmax=20-r=0.49-ru=10/config-497.txt.gz,1.1,0.12,73.0
SRRW-MARCELO-L=130-N=280112-phi=0.12-alpha=1.1-bmax=20-r=0.49-ru=10/config-498.txt.gz,1.1,0.12,63.0
SRRW-MARCELO-L=130-N=280112-phi=0.12-alpha=1.1-bmax=20-r=0.49-ru=10/config-499.txt.gz,1.1,0.12,77.0
SRRW-MARCELO-L=130-N=280112-phi=0.12-alpha=1.1-bmax=20-r=0.49-ru=10/config-5.txt.gz,1.1,0.12,74.0
SRRW-MARCELO-L=130-N=280112-phi=0.12-alpha=1.1-bmax=20-r=0.49-ru=10/config-50.txt.gz,1.1,0.12,65.0
SRRW-MARCELO-L=130-N=280112-phi=0.12-alpha=1.1-bmax=20-r=0.49-ru=10/config-500.txt.gz,1.1,0.12,61.0
SRRW-MARCELO-L=130-N=280112-phi=0.12-alpha=1.1-bmax=20-r=0.49-ru=10/config-501.txt.gz,1.1,0.12,70.0
SRRW-MARCELO-L=130-N=280112-phi=0.12-alpha=1.1-bmax=20-r=0.49-ru=10/config-502.txt.gz,1.1,0.12,57.0
SRRW-MARCELO-L=130-N=280112-phi=0.12-alpha=1.1-bmax=20-r=0.49-ru=10/config-503.txt.gz,1.1,0.12,57.0
SRRW-MARCELO-L=130-N=280112-phi=0.12-alpha=1.1-bmax=20-r=0.49-ru=10/config-504.txt.gz,1.1,0.12,69.0
SRRW-MARCELO-L=130-N=280112-phi=0.12-alpha=1.1-bmax=20-r=0.49-ru=10/config-505.txt.gz,1.1,0.12,61.0
SRRW-MARCELO-L=130-N=280112-phi=0.12-alpha=1.1-bmax=20-r=0.49-ru=10/config-506.txt.gz,1.1,0.12,57.0
SRRW-MARCELO-L=130-N=280112-phi=0.12-alpha=1.1-bmax=20-r=0.49-ru=10/config-507.txt.gz,1.1,0.12,77.0
SRRW-MARCELO-L=130-N=280112-phi=0.12-alpha=1.1-bmax=20-r=0.49-ru=10/config-508.txt.gz,1.1,0.12,37.0
SRRW-MARCELO-L=130-N=280112-phi=0.12-alpha=1.1-bmax=20-r=0.49-ru=10/config-509.txt.gz,1.1,0.12,66.0
SRRW-MARCELO-L=130-N=280112-phi=0.12-alpha=1.1-bmax=20-r=0.49-ru=10/config-51.txt.gz,1.1,0.12,60.0
SRRW-MARCELO-L=130-N=280112-phi=0.12-alpha=1.1-bmax=20-r=0.49-ru=10/config-510.txt.gz,1.1,0.12,51.0
SRRW-MARCELO-L=130-N=280112-phi=0.12-alpha=1.1-bmax=20-r=0.49-ru=10/config-511.txt.gz,1.1,0.12,57.0
SRRW-MARCELO-L=130-N=280112-phi=0.12-alpha=1.1-bmax=20-r=0.49-ru=10/config-512.txt.gz,1.1,0.12,57.0
SRRW-MARCELO-L=130-N=280112-phi=0.12-alpha=1.1-bmax=20-r=0.49-ru=10/config-513.txt.gz,1.1,0.12,62.0
SRRW-MARCELO-L=130-N=280112-phi=0.12-alpha=1.1-bmax=20-r=0.49-ru=10/config-514.txt.gz,1.1,0.12,59.0
SRRW-MARCELO-L=130-N=280112-phi=0.12-alpha=1.1-bmax=20-r=0.49-ru=10/config-515.txt.gz,1.1,0.12,65.0
SRRW-MARCELO-L=130-N=280112-phi=0.12-alpha=1.1-bmax=20-r=0.49-ru=10/config-516.txt.gz,1.1,0.12,63.0
SRRW-MARCELO-L=130-N=280112-phi=0.12-alpha=1.1-bmax=20-r=0.49-ru=10/config-517.txt.gz,1.1,0.12,65.0
SRRW-MARCELO-L=130-N=280112-phi=0.12-alpha=1.1-bmax=20-r=0.49-ru=10/config-518.txt.gz,1.1,0.12,49.0
SRRW-MARCELO-L=130-N=280112-phi=0.12-alpha=1.1-bmax=20-r=0.49-ru=10/config-519.txt.gz,1.1,0.12,52.0
SRRW-MARCELO-L=130-N=280112-phi=0.12-alpha=1.1-bmax=20-r=0.49-ru=10/config-52.txt.gz,1.1,0.12,70.0
SRRW-MARCELO-L=130-N=280112-phi=0.12-alpha=1.1-bmax=20-r=0.49-ru=10/config-520.txt.gz,1.1,0.12,70.0
SRRW-MARCELO-L=130-N=280112-phi=0.12-alpha=1.1-bmax=20-r=0.49-ru=10/config-521.txt.gz,1.1,0.12,71.0
SRRW-MARCELO-L=130-N=280112-phi=0.12-alpha=1.1-bmax=20-r=0.49-ru=10/config-522.txt.gz,1.1,0.12,70.0
SRRW-MARCELO-L=130-N=280112-phi=0.12-alpha=1.1-bmax=20-r=0.49-ru=10/config-523.txt.gz,1.1,0.12,67.0
SRRW-MARCELO-L=130-N=280112-phi=0.12-alpha=1.1-bmax=20-r=0.49-ru=10/config-524.txt.gz,1.1,0.12,47.0
SRRW-MARCELO-L=130-N=280112-phi=0.12-alpha=1.1-bmax=20-r=0.49-ru=10/config-525.txt.gz,1.1,0.12,66.0
SRRW-MARCELO-L=130-N=280112-phi=0.12-alpha=1.1-bmax=20-r=0.49-ru=10/config-526.txt.gz,1.1,0.12,70.0
SRRW-MARCELO-L=130-N=280112-phi=0.12-alpha=1.1-bmax=20-r=0.49-ru=10/config-527.txt.gz,1.1,0.12,53.0
SRRW-MARCELO-L=130-N=280112-phi=0.12-alpha=1.1-bmax=20-r=0.49-ru=10/config-528.txt.gz,1.1,0.12,67.0
SRRW-MARCELO-L=130-N=280112-phi=0.12-alpha=1.1-bmax=20-r=0.49-ru=10/config-529.txt.gz,1.1,0.12,51.0
SRRW-MARCELO-L=130-N=280112-phi=0.12-alpha=1.1-bmax=20-r=0.49-ru=10/config-53.txt.gz,1.1,0.12,59.0
SRRW-MARCELO-L=130-N=280112-phi=0.12-alpha=1.1-bmax=20-r=0.49-ru=10/config-530.txt.gz,1.1,0.12,67.0
SRRW-MARCELO-L=130-N=280112-phi=0.12-alpha=1.1-bmax=20-r=0.49-ru=10/config-531.txt.gz,1.1,0.12,67.0
SRRW-MARCELO-L=130-N=280112-phi=0.12-alpha=1.1-bmax=20-r=0.49-ru=10/config-532.txt.gz,1.1,0.12,68.0
SRRW-MARCELO-L=130-N=280112-phi=0.12-alpha=1.1-bmax=20-r=0.49-ru=10/config-533.txt.gz,1.1,0.12,54.0
SRRW-MARCELO-L=130-N=280112-phi=0.12-alpha=1.1-bmax=20-r=0.49-ru=10/config-534.txt.gz,1.1,0.12,74.0
SRRW-MARCELO-L=130-N=280112-phi=0.12-alpha=1.1-bmax=20-r=0.49-ru=10/config-535.txt.gz,1.1,0.12,82.0
SRRW-MARCELO-L=130-N=280112-phi=0.12-alpha=1.1-bmax=20-r=0.49-ru=10/config-536.txt.gz,1.1,0.12,78.0
SRRW-MARCELO-L=130-N=280112-phi=0.12-alpha=1.1-bmax=20-r=0.49-ru=10/config-537.txt.gz,1.1,0.12,61.0
SRRW-MARCELO-L=130-N=280112-phi=0.12-alpha=1.1-bmax=20-r=0.49-ru=10/config-538.txt.gz,1.1,0.12,63.0
SRRW-MARCELO-L=130-N=280112-phi=0.12-alpha=1.1-bmax=20-r=0.49-ru=10/config-539.txt.gz,1.1,0.12,38.0
SRRW-MARCELO-L=130-N=280112-phi=0.12-alpha=1.1-bmax=20-r=0.49-ru=10/config-54.txt.gz,1.1,0.12,63.0
SRRW-MARCELO-L=130-N=280112-phi=0.12-alpha=1.1-bmax=20-r=0.49-ru=10/config-540.txt.gz,1.1,0.12,57.0
SRRW-MARCELO-L=130-N=280112-phi=0.12-alpha=1.1-bmax=20-r=0.49-ru=10/config-541.txt.gz,1.1,0.12,64.0
SRRW-MARCELO-L=130-N=280112-phi=0.12-alpha=1.1-bmax=20-r=0.49-ru=10/config-542.txt.gz,1.1,0.12,63.0
SRRW-MARCELO-L=130-N=280112-phi=0.12-alpha=1.1-bmax=20-r=0.49-ru=10/config-543.txt.gz,1.1,0.12,56.0
SRRW-MARCELO-L=130-N=280112-phi=0.12-alpha=1.1-bmax=20-r=0.49-ru=10/config-544.txt.gz,1.1,0.12,57.0
SRRW-MARCELO-L=130-N=280112-phi=0.12-alpha=1.1-bmax=20-r=0.49-ru=10/config-545.txt.gz,1.1,0.12,85.0
SRRW-MARCELO-L=130-N=280112-phi=0.12-alpha=1.1-bmax=20-r=0.49-ru=10/config-546.txt.gz,1.1,0.12,65.0
SRRW-MARCELO-L=130-N=280112-phi=0.12-alpha=1.1-bmax=20-r=0.49-ru=10/config-547.txt.gz,1.1,0.12,47.0
SRRW-MARCELO-L=130-N=280112-phi=0.12-alpha=1.1-bmax=20-r=0.49-ru=10/config-548.txt.gz,1.1,0.12,77.0
SRRW-MARCELO-L=130-N=280112-phi=0.12-alpha=1.1-bmax=20-r=0.49-ru=10/config-549.txt.gz,1.1,0.12,63.0
SRRW-MARCELO-L=130-N=280112-phi=0.12-alpha=1.1-bmax=20-r=0.49-ru=10/config-55.txt.gz,1.1,0.12,51.0
SRRW-MARCELO-L=130-N=280112-phi=0.12-alpha=1.1-bmax=20-r=0.49-ru=10/config-550.txt.gz,1.1,0.12,76.0
SRRW-MARCELO-L=130-N=280112-phi=0.12-alpha=1.1-bmax=20-r=0.49-ru=10/config-551.txt.gz,1.1,0.12,50.0
SRRW-MARCELO-L=130-N=280112-phi=0.12-alpha=1.1-bmax=20-r=0.49-ru=10/config-552.txt.gz,1.1,0.12,53.0
SRRW-MARCELO-L=130-N=280112-phi=0.12-alpha=1.1-bmax=20-r=0.49-ru=10/config-553.txt.gz,1.1,0.12,56.0
SRRW-MARCELO-L=130-N=280112-phi=0.12-alpha=1.1-bmax=20-r=0.49-ru=10/config-554.txt.gz,1.1,0.12,53.0
SRRW-MARCELO-L=130-N=280112-phi=0.12-alpha=1.1-bmax=20-r=0.49-ru=10/config-555.txt.gz,1.1,0.12,65.0
SRRW-MARCELO-L=130-N=280112-phi=0.12-alpha=1.1-bmax=20-r=0.49-ru=10/config-556.txt.gz,1.1,0.12,66.0
SRRW-MARCELO-L=130-N=280112-phi=0.12-alpha=1.1-bmax=20-r=0.49-ru=10/config-557.txt.gz,1.1,0.12,49.0
SRRW-MARCELO-L=130-N=280112-phi=0.12-alpha=1.1-bmax=20-r=0.49-ru=10/config-558.txt.gz,1.1,0.12,61.0
SRRW-MARCELO-L=130-N=280112-phi=0.12-alpha=1.1-bmax=20-r=0.49-ru=10/config-559.txt.gz,1.1,0.12,57.0
SRRW-MARCELO-L=130-N=280112-phi=0.12-alpha=1.1-bmax=20-r=0.49-ru=10/config-56.txt.gz,1.1,0.12,61.0
SRRW-MARCELO-L=130-N=280112-phi=0.12-alpha=1.1-bmax=20-r=0.49-ru=10/config-560.txt.gz,1.1,0.12,59.0
SRRW-MARCELO-L=130-N=280112-phi=0.12-alpha=1.1-bmax=20-r=0.49-ru=10/config-561.txt.gz,1.1,0.12,58.0
SRRW-MARCELO-L=130-N=280112-phi=0.12-alpha=1.1-bmax=20-r=0.49-ru=10/config-562.txt.gz,1.1,0.12,61.0
SRRW-MARCELO-L=130-N=280112-phi=0.12-alpha=1.1-bmax=20-r=0.49-ru=10/config-563.txt.gz,1.1,0.12,76.0
SRRW-MARCELO-L=130-N=280112-phi=0.12-alpha=1.1-bmax=20-r=0.49-ru=10/config-564.txt.gz,1.1,0.12,69.0
SRRW-MARCELO-L=130-N=280112-phi=0.12-alpha=1.1-bmax=20-r=0.49-ru=10/config-565.txt.gz,1.1,0.12,69.0
SRRW-MARCELO-L=130-N=280112-phi=0.12-alpha=1.1-bmax=20-r=0.49-ru=10/config-566.txt.gz,1.1,0.12,67.0
SRRW-MARCELO-L=130-N=280112-phi=0.12-alpha=1.1-bmax=20-r=0.49-ru=10/config-567.txt.gz,1.1,0.12,71.0
SRRW-MARCELO-L=130-N=280112-phi=0.12-alpha=1.1-bmax=20-r=0.49-ru=10/config-568.txt.gz,1.1,0.12,51.0
SRRW-MARCELO-L=130-N=280112-phi=0.12-alpha=1.1-bmax=20-r=0.49-ru=10/config-569.txt.gz,1.1,0.12,67.0
SRRW-MARCELO-L=130-N=280112-phi=0.12-alpha=1.1-bmax=20-r=0.49-ru=10/config-57.txt.gz,1.1,0.12,56.0
SRRW-MARCELO-L=130-N=280112-phi=0.12-alpha=1.1-bmax=20-r=0.49-ru=10/config-570.txt.gz,1.1,0.12,77.0
SRRW-MARCELO-L=130-N=280112-phi=0.12-alpha=1.1-bmax=20-r=0.49-ru=10/config-571.txt.gz,1.1,0.12,70.0
SRRW-MARCELO-L=130-N=280112-phi=0.12-alpha=1.1-bmax=20-r=0.49-ru=10/config-572.txt.gz,1.1,0.12,61.0
SRRW-MARCELO-L=130-N=280112-phi=0.12-alpha=1.1-bmax=20-r=0.49-ru=10/config-573.txt.gz,1.1,0.12,61.0
SRRW-MARCELO-L=130-N=280112-phi=0.12-alpha=1.1-bmax=20-r=0.49-ru=10/config-574.txt.gz,1.1,0.12,65.0
SRRW-MARCELO-L=130-N=280112-phi=0.12-alpha=1.1-bmax=20-r=0.49-ru=10/config-575.txt.gz,1.1,0.12,64.0
SRRW-MARCELO-L=130-N=280112-phi=0.12-alpha=1.1-bmax=20-r=0.49-ru=10/config-576.txt.gz,1.1,0.12,71.0
SRRW-MARCELO-L=130-N=280112-phi=0.12-alpha=1.1-bmax=20-r=0.49-ru=10/config-577.txt.gz,1.1,0.12,55.0
SRRW-MARCELO-L=130-N=280112-phi=0.12-alpha=1.1-bmax=20-r=0.49-ru=10/config-578.txt.gz,1.1,0.12,65.0
SRRW-MARCELO-L=130-N=280112-phi=0.12-alpha=1.1-bmax=20-r=0.49-ru=10/config-579.txt.gz,1.1,0.12,70.0
SRRW-MARCELO-L=130-N=280112-phi=0.12-alpha=1.1-bmax=20-r=0.49-ru=10/config-58.txt.gz,1.1,0.12,79.0
SRRW-MARCELO-L=130-N=280112-phi=0.12-alpha=1.1-bmax=20-r=0.49-ru=10/config-580.txt.gz,1.1,0.12,59.0
SRRW-MARCELO-L=130-N=280112-phi=0.12-alpha=1.1-bmax=20-r=0.49-ru=10/config-581.txt.gz,1.1,0.12,62.0
SRRW-MARCELO-L=130-N=280112-phi=0.12-alpha=1.1-bmax=20-r=0.49-ru=10/config-582.txt.gz,1.1,0.12,52.0
SRRW-MARCELO-L=130-N=280112-phi=0.12-alpha=1.1-bmax=20-r=0.49-ru=10/config-583.txt.gz,1.1,0.12,63.0
SRRW-MARCELO-L=130-N=280112-phi=0.12-alpha=1.1-bmax=20-r=0.49-ru=10/config-584.txt.gz,1.1,0.12,72.0
SRRW-MARCELO-L=130-N=280112-phi=0.12-alpha=1.1-bmax=20-r=0.49-ru=10/config-585.txt.gz,1.1,0.12,38.0
SRRW-MARCELO-L=130-N=280112-phi=0.12-alpha=1.1-bmax=20-r=0.49-ru=10/config-586.txt.gz,1.1,0.12,69.0
SRRW-MARCELO-L=130-N=280112-phi=0.12-alpha=1.1-bmax=20-r=0.49-ru=10/config-587.txt.gz,1.1,0.12,54.0
SRRW-MARCELO-L=130-N=280112-phi=0.12-alpha=1.1-bmax=20-r=0.49-ru=10/config-588.txt.gz,1.1,0.12,59.0
SRRW-MARCELO-L=130-N=280112-phi=0.12-alpha=1.1-bmax=20-r=0.49-ru=10/config-589.txt.gz,1.1,0.12,82.0
SRRW-MARCELO-L=130-N=280112-phi=0.12-alpha=1.1-bmax=20-r=0.49-ru=10/config-59.txt.gz,1.1,0.12,74.0
SRRW-MARCELO-L=130-N=280112-phi=0.12-alpha=1.1-bmax=20-r=0.49-ru=10/config-590.txt.gz,1.1,0.12,64.0
SRRW-MARCELO-L=130-N=280112-phi=0.12-alpha=1.1-bmax=20-r=0.49-ru=10/config-591.txt.gz,1.1,0.12,61.0
SRRW-MARCELO-L=130-N=280112-phi=0.12-alpha=1.1-bmax=20-r=0.49-ru=10/config-592.txt.gz,1.1,0.12,54.0
SRRW-MARCELO-L=130-N=280112-phi=0.12-alpha=1.1-bmax=20-r=0.49-ru=10/config-593.txt.gz,1.1,0.12,58.0
SRRW-MARCELO-L=130-N=280112-phi=0.12-alpha=1.1-bmax=20-r=0.49-ru=10/config-594.txt.gz,1.1,0.12,63.0
SRRW-MARCELO-L=130-N=280112-phi=0.12-alpha=1.1-bmax=20-r=0.49-ru=10/config-595.txt.gz,1.1,0.12,48.0
SRRW-MARCELO-L=130-N=280112-phi=0.12-alpha=1.1-bmax=20-r=0.49-ru=10/config-596.txt.gz,1.1,0.12,63.0
SRRW-MARCELO-L=130-N=280112-phi=0.12-alpha=1.1-bmax=20-r=0.49-ru=10/config-597.txt.gz,1.1,0.12,53.0
SRRW-MARCELO-L=130-N=280112-phi=0.12-alpha=1.1-bmax=20-r=0.49-ru=10/config-598.txt.gz,1.1,0.12,61.0
SRRW-MARCELO-L=130-N=280112-phi=0.12-alpha=1.1-bmax=20-r=0.49-ru=10/config-599.txt.gz,1.1,0.12,62.0
SRRW-MARCELO-L=130-N=280112-phi=0.12-alpha=1.1-bmax=20-r=0.49-ru=10/config-6.txt.gz,1.1,0.12,63.0
SRRW-MARCELO-L=130-N=280112-phi=0.12-alpha=1.1-bmax=20-r=0.49-ru=10/config-60.txt.gz,1.1,0.12,64.0
SRRW-MARCELO-L=130-N=280112-phi=0.12-alpha=1.1-bmax=20-r=0.49-ru=10/config-600.txt.gz,1.1,0.12,66.0
SRRW-MARCELO-L=130-N=280112-phi=0.12-alpha=1.1-bmax=20-r=0.49-ru=10/config-601.txt.gz,1.1,0.12,64.0
SRRW-MARCELO-L=130-N=280112-phi=0.12-alpha=1.1-bmax=20-r=0.49-ru=10/config-602.txt.gz,1.1,0.12,63.0
SRRW-MARCELO-L=130-N=280112-phi=0.12-alpha=1.1-bmax=20-r=0.49-ru=10/config-603.txt.gz,1.1,0.12,88.0
SRRW-MARCELO-L=130-N=280112-phi=0.12-alpha=1.1-bmax=20-r=0.49-ru=10/config-604.txt.gz,1.1,0.12,66.0
SRRW-MARCELO-L=130-N=280112-phi=0.12-alpha=1.1-bmax=20-r=0.49-ru=10/config-605.txt.gz,1.1,0.12,57.0
SRRW-MARCELO-L=130-N=280112-phi=0.12-alpha=1.1-bmax=20-r=0.49-ru=10/config-606.txt.gz,1.1,0.12,70.0
SRRW-MARCELO-L=130-N=280112-phi=0.12-alpha=1.1-bmax=20-r=0.49-ru=10/config-607.txt.gz,1.1,0.12,71.0
SRRW-MARCELO-L=130-N=280112-phi=0.12-alpha=1.1-bmax=20-r=0.49-ru=10/config-608.txt.gz,1.1,0.12,72.0
SRRW-MARCELO-L=130-N=280112-phi=0.12-alpha=1.1-bmax=20-r=0.49-ru=10/config-609.txt.gz,1.1,0.12,51.0
SRRW-MARCELO-L=130-N=280112-phi=0.12-alpha=1.1-bmax=20-r=0.49-ru=10/config-61.txt.gz,1.1,0.12,52.0
SRRW-MARCELO-L=130-N=280112-phi=0.12-alpha=1.1-bmax=20-r=0.49-ru=10/config-610.txt.gz,1.1,0.12,61.0
SRRW-MARCELO-L=130-N=280112-phi=0.12-alpha=1.1-bmax=20-r=0.49-ru=10/config-611.txt.gz,1.1,0.12,58.0
SRRW-MARCELO-L=130-N=280112-phi=0.12-alpha=1.1-bmax=20-r=0.49-ru=10/config-612.txt.gz,1.1,0.12,63.0
SRRW-MARCELO-L=130-N=280112-phi=0.12-alpha=1.1-bmax=20-r=0.49-ru=10/config-613.txt.gz,1.1,0.12,63.0
SRRW-MARCELO-L=130-N=280112-phi=0.12-alpha=1.1-bmax=20-r=0.49-ru=10/config-614.txt.gz,1.1,0.12,66.0
SRRW-MARCELO-L=130-N=280112-phi=0.12-alpha=1.1-bmax=20-r=0.49-ru=10/config-615.txt.gz,1.1,0.12,61.0
SRRW-MARCELO-L=130-N=280112-phi=0.12-alpha=1.1-bmax=20-r=0.49-ru=10/config-616.txt.gz,1.1,0.12,61.0
SRRW-MARCELO-L=130-N=280112-phi=0.12-alpha=1.1-bmax=20-r=0.49-ru=10/config-617.txt.gz,1.1,0.12,48.0
SRRW-MARCELO-L=130-N=280112-phi=0.12-alpha=1.1-bmax=20-r=0.49-ru=10/config-618.txt.gz,1.1,0.12,78.0
SRRW-MARCELO-L=130-N=280112-phi=0.12-alpha=1.1-bmax=20-r=0.49-ru=10/config-619.txt.gz,1.1,0.12,54.0
SRRW-MARCELO-L=130-N=280112-phi=0.12-alpha=1.1-bmax=20-r=0.49-ru=10/config-62.txt.gz,1.1,0.12,60.0
SRRW-MARCELO-L=130-N=280112-phi=0.12-alpha=1.1-bmax=20-r=0.49-ru=10/config-620.txt.gz,1.1,0.12,51.0
SRRW-MARCELO-L=130-N=280112-phi=0.12-alpha=1.1-bmax=20-r=0.49-ru=10/config-621.txt.gz,1.1,0.12,54.0
SRRW-MARCELO-L=130-N=280112-phi=0.12-alpha=1.1-bmax=20-r=0.49-ru=10/config-622.txt.gz,1.1,0.12,60.0
SRRW-MARCELO-L=130-N=280112-phi=0.12-alpha=1.1-bmax=20-r=0.49-ru=10/config-623.txt.gz,1.1,0.12,55.0
SRRW-MARCELO-L=130-N=280112-phi=0.12-alpha=1.1-bmax=20-r=0.49-ru=10/config-624.txt.gz,1.1,0.12,61.0
SRRW-MARCELO-L=130-N=280112-phi=0.12-alpha=1.1-bmax=20-r=0.49-ru=10/config-625.txt.gz,1.1,0.12,70.0
SRRW-MARCELO-L=130-N=280112-phi=0.12-alpha=1.1-bmax=20-r=0.49-ru=10/config-626.txt.gz,1.1,0.12,63.0
SRRW-MARCELO-L=130-N=280112-phi=0.12-alpha=1.1-bmax=20-r=0.49-ru=10/config-627.txt.gz,1.1,0.12,63.0
SRRW-MARCELO-L=130-N=280112-phi=0.12-alpha=1.1-bmax=20-r=0.49-ru=10/config-628.txt.gz,1.1,0.12,77.0
SRRW-MARCELO-L=130-N=280112-phi=0.12-alpha=1.1-bmax=20-r=0.49-ru=10/config-629.txt.gz,1.1,0.12,62.0
SRRW-MARCELO-L=130-N=280112-phi=0.12-alpha=1.1-bmax=20-r=0.49-ru=10/config-63.txt.gz,1.1,0.12,69.0
SRRW-MARCELO-L=130-N=280112-phi=0.12-alpha=1.1-bmax=20-r=0.49-ru=10/config-630.txt.gz,1.1,0.12,64.0
SRRW-MARCELO-L=130-N=280112-phi=0.12-alpha=1.1-bmax=20-r=0.49-ru=10/config-631.txt.gz,1.1,0.12,77.0
SRRW-MARCELO-L=130-N=280112-phi=0.12-alpha=1.1-bmax=20-r=0.49-ru=10/config-632.txt.gz,1.1,0.12,57.0
SRRW-MARCELO-L=130-N=280112-phi=0.12-alpha=1.1-bmax=20-r=0.49-ru=10/config-633.txt.gz,1.1,0.12,52.0
SRRW-MARCELO-L=130-N=280112-phi=0.12-alpha=1.1-bmax=20-r=0.49-ru=10/config-634.txt.gz,1.1,0.12,55.0
SRRW-MARCELO-L=130-N=280112-phi=0.12-alpha=1.1-bmax=20-r=0.49-ru=10/config-635.txt.gz,1.1,0.12,58.0
SRRW-MARCELO-L=130-N=280112-phi=0.12-alpha=1.1-bmax=20-r=0.49-ru=10/config-636.txt.gz,1.1,0.12,59.0
SRRW-MARCELO-L=130-N=280112-phi=0.12-alpha=1.1-bmax=20-r=0.49-ru=10/config-637.txt.gz,1.1,0.12,63.0
SRRW-MARCELO-L=130-N=280112-phi=0.12-alpha=1.1-bmax=20-r=0.49-ru=10/config-638.txt.gz,1.1,0.12,64.0
SRRW-MARCELO-L=130-N=280112-phi=0.12-alpha=1.1-bmax=20-r=0.49-ru=10/config-639.txt.gz,1.1,0.12,69.0
SRRW-MARCELO-L=130-N=280112-phi=0.12-alpha=1.1-bmax=20-r=0.49-ru=10/config-64.txt.gz,1.1,0.12,69.0
SRRW-MARCELO-L=130-N=280112-phi=0.12-alpha=1.1-bmax=20-r=0.49-ru=10/config-640.txt.gz,1.1,0.12,64.0
SRRW-MARCELO-L=130-N=280112-phi=0.12-alpha=1.1-bmax=20-r=0.49-ru=10/config-641.txt.gz,1.1,0.12,67.0
SRRW-MARCELO-L=130-N=280112-phi=0.12-alpha=1.1-bmax=20-r=0.49-ru=10/config-642.txt.gz,1.1,0.12,65.0
SRRW-MARCELO-L=130-N=280112-phi=0.12-alpha=1.1-bmax=20-r=0.49-ru=10/config-643.txt.gz,1.1,0.12,60.0
SRRW-MARCELO-L=130-N=280112-phi=0.12-alpha=1.1-bmax=20-r=0.49-ru=10/config-644.txt.gz,1.1,0.12,63.0
SRRW-MARCELO-L=130-N=280112-phi=0.12-alpha=1.1-bmax=20-r=0.49-ru=10/config-645.txt.gz,1.1,0.12,52.0
SRRW-MARCELO-L=130-N=280112-phi=0.12-alpha=1.1-bmax=20-r=0.49-ru=10/config-646.txt.gz,1.1,0.12,58.0
SRRW-MARCELO-L=130-N=280112-phi=0.12-alpha=1.1-bmax=20-r=0.49-ru=10/config-647.txt.gz,1.1,0.12,47.0
SRRW-MARCELO-L=130-N=280112-phi=0.12-alpha=1.1-bmax=20-r=0.49-ru=10/config-648.txt.gz,1.1,0.12,77.0
SRRW-MARCELO-L=130-N=280112-phi=0.12-alpha=1.1-bmax=20-r=0.49-ru=10/config-649.txt.gz,1.1,0.12,64.0
SRRW-MARCELO-L=130-N=280112-phi=0.12-alpha=1.1-bmax=20-r=0.49-ru=10/config-65.txt.gz,1.1,0.12,52.0
SRRW-MARCELO-L=130-N=280112-phi=0.12-alpha=1.1-bmax=20-r=0.49-ru=10/config-650.txt.gz,1.1,0.12,48.0
SRRW-MARCELO-L=130-N=280112-phi=0.12-alpha=1.1-bmax=20-r=0.49-ru=10/config-651.txt.gz,1.1,0.12,74.0
SRRW-MARCELO-L=130-N=280112-phi=0.12-alpha=1.1-bmax=20-r=0.49-ru=10/config-652.txt.gz,1.1,0.12,58.0
SRRW-MARCELO-L=130-N=280112-phi=0.12-alpha=1.1-bmax=20-r=0.49-ru=10/config-653.txt.gz,1.1,0.12,50.0
SRRW-MARCELO-L=130-N=280112-phi=0.12-alpha=1.1-bmax=20-r=0.49-ru=10/config-654.txt.gz,1.1,0.12,70.0
SRRW-MARCELO-L=130-N=280112-phi=0.12-alpha=1.1-bmax=20-r=0.49-ru=10/config-655.txt.gz,1.1,0.12,51.0
SRRW-MARCELO-L=130-N=280112-phi=0.12-alpha=1.1-bmax=20-r=0.49-ru=10/config-656.txt.gz,1.1,0.12,56.0
SRRW-MARCELO-L=130-N=280112-phi=0.12-alpha=1.1-bmax=20-r=0.49-ru=10/config-657.txt.gz,1.1,0.12,57.0
SRRW-MARCELO-L=130-N=280112-phi=0.12-alpha=1.1-bmax=20-r=0.49-ru=10/config-658.txt.gz,1.1,0.12,73.0
SRRW-MARCELO-L=130-N=280112-phi=0.12-alpha=1.1-bmax=20-r=0.49-ru=10/config-659.txt.gz,1.1,0.12,59.0
SRRW-MARCELO-L=130-N=280112-phi=0.12-alpha=1.1-bmax=20-r=0.49-ru=10/config-66.txt.gz,1.1,0.12,66.0
SRRW-MARCELO-L=130-N=280112-phi=0.12-alpha=1.1-bmax=20-r=0.49-ru=10/config-660.txt.gz,1.1,0.12,84.0
SRRW-MARCELO-L=130-N=280112-phi=0.12-alpha=1.1-bmax=20-r=0.49-ru=10/config-661.txt.gz,1.1,0.12,58.0
SRRW-MARCELO-L=130-N=280112-phi=0.12-alpha=1.1-bmax=20-r=0.49-ru=10/config-662.txt.gz,1.1,0.12,67.0
SRRW-MARCELO-L=130-N=280112-phi=0.12-alpha=1.1-bmax=20-r=0.49-ru=10/config-663.txt.gz,1.1,0.12,59.0
SRRW-MARCELO-L=130-N=280112-phi=0.12-alpha=1.1-bmax=20-r=0.49-ru=10/config-664.txt.gz,1.1,0.12,64.0
SRRW-MARCELO-L=130-N=280112-phi=0.12-alpha=1.1-bmax=20-r=0.49-ru=10/config-665.txt.gz,1.1,0.12,55.0
SRRW-MARCELO-L=130-N=280112-phi=0.12-alpha=1.1-bmax=20-r=0.49-ru=10/config-666.txt.gz,1.1,0.12,72.0
SRRW-MARCELO-L=130-N=280112-phi=0.12-alpha=1.1-bmax=20-r=0.49-ru=10/config-667.txt.gz,1.1,0.12,59.0
SRRW-MARCELO-L=130-N=280112-phi=0.12-alpha=1.1-bmax=20-r=0.49-ru=10/config-668.txt.gz,1.1,0.12,57.0
SRRW-MARCELO-L=130-N=280112-phi=0.12-alpha=1.1-bmax=20-r=0.49-ru=10/config-669.txt.gz,1.1,0.12,82.0
SRRW-MARCELO-L=130-N=280112-phi=0.12-alpha=1.1-bmax=20-r=0.49-ru=10/config-67.txt.gz,1.1,0.12,68.0
SRRW-MARCELO-L=130-N=280112-phi=0.12-alpha=1.1-bmax=20-r=0.49-ru=10/config-670.txt.gz,1.1,0.12,56.0
SRRW-MARCELO-L=130-N=280112-phi=0.12-alpha=1.1-bmax=20-r=0.49-ru=10/config-671.txt.gz,1.1,0.12,61.0
SRRW-MARCELO-L=130-N=280112-phi=0.12-alpha=1.1-bmax=20-r=0.49-ru=10/config-672.txt.gz,1.1,0.12,52.0
SRRW-MARCELO-L=130-N=280112-phi=0.12-alpha=1.1-bmax=20-r=0.49-ru=10/config-673.txt.gz,1.1,0.12,77.0
SRRW-MARCELO-L=130-N=280112-phi=0.12-alpha=1.1-bmax=20-r=0.49-ru=10/config-674.txt.gz,1.1,0.12,56.0
SRRW-MARCELO-L=130-N=280112-phi=0.12-alpha=1.1-bmax=20-r=0.49-ru=10/config-675.txt.gz,1.1,0.12,63.0
SRRW-MARCELO-L=130-N=280112-phi=0.12-alpha=1.1-bmax=20-r=0.49-ru=10/config-676.txt.gz,1.1,0.12,74.0
SRRW-MARCELO-L=130-N=280112-phi=0.12-alpha=1.1-bmax=20-r=0.49-ru=10/config-677.txt.gz,1.1,0.12,67.0
SRRW-MARCELO-L=130-N=280112-phi=0.12-alpha=1.1-bmax=20-r=0.49-ru=10/config-678.txt.gz,1.1,0.12,59.0
SRRW-MARCELO-L=130-N=280112-phi=0.12-alpha=1.1-bmax=20-r=0.49-ru=10/config-679.txt.gz,1.1,0.12,62.0
SRRW-MARCELO-L=130-N=280112-phi=0.12-alpha=1.1-bmax=20-r=0.49-ru=10/config-68.txt.gz,1.1,0.12,71.0
SRRW-MARCELO-L=130-N=280112-phi=0.12-alpha=1.1-bmax=20-r=0.49-ru=10/config-680.txt.gz,1.1,0.12,69.0
SRRW-MARCELO-L=130-N=280112-phi=0.12-alpha=1.1-bmax=20-r=0.49-ru=10/config-681.txt.gz,1.1,0.12,51.0
SRRW-MARCELO-L=130-N=280112-phi=0.12-alpha=1.1-bmax=20-r=0.49-ru=10/config-682.txt.gz,1.1,0.12,47.0
SRRW-MARCELO-L=130-N=280112-phi=0.12-alpha=1.1-bmax=20-r=0.49-ru=10/config-683.txt.gz,1.1,0.12,67.0
SRRW-MARCELO-L=130-N=280112-phi=0.12-alpha=1.1-bmax=20-r=0.49-ru=10/config-684.txt.gz,1.1,0.12,54.0
SRRW-MARCELO-L=130-N=280112-phi=0.12-alpha=1.1-bmax=20-r=0.49-ru=10/config-685.txt.gz,1.1,0.12,48.0
SRRW-MARCELO-L=130-N=280112-phi=0.12-alpha=1.1-bmax=20-r=0.49-ru=10/config-686.txt.gz,1.1,0.12,59.0
SRRW-MARCELO-L=130-N=280112-phi=0.12-alpha=1.1-bmax=20-r=0.49-ru=10/config-687.txt.gz,1.1,0.12,52.0
SRRW-MARCELO-L=130-N=280112-phi=0.12-alpha=1.1-bmax=20-r=0.49-ru=10/config-688.txt.gz,1.1,0.12,56.0
SRRW-MARCELO-L=130-N=280112-phi=0.12-alpha=1.1-bmax=20-r=0.49-ru=10/config-689.txt.gz,1.1,0.12,55.0
SRRW-MARCELO-L=130-N=280112-phi=0.12-alpha=1.1-bmax=20-r=0.49-ru=10/config-69.txt.gz,1.1,0.12,49.0
SRRW-MARCELO-L=130-N=280112-phi=0.12-alpha=1.1-bmax=20-r=0.49-ru=10/config-690.txt.gz,1.1,0.12,69.0
SRRW-MARCELO-L=130-N=280112-phi=0.12-alpha=1.1-bmax=20-r=0.49-ru=10/config-691.txt.gz,1.1,0.12,71.0
SRRW-MARCELO-L=130-N=280112-phi=0.12-alpha=1.1-bmax=20-r=0.49-ru=10/config-692.txt.gz,1.1,0.12,63.0
SRRW-MARCELO-L=130-N=280112-phi=0.12-alpha=1.1-bmax=20-r=0.49-ru=10/config-693.txt.gz,1.1,0.12,69.0
SRRW-MARCELO-L=130-N=280112-phi=0.12-alpha=1.1-bmax=20-r=0.49-ru=10/config-694.txt.gz,1.1,0.12,47.0
SRRW-MARCELO-L=130-N=280112-phi=0.12-alpha=1.1-bmax=20-r=0.49-ru=10/config-695.txt.gz,1.1,0.12,68.0
SRRW-MARCELO-L=130-N=280112-phi=0.12-alpha=1.1-bmax=20-r=0.49-ru=10/config-696.txt.gz,1.1,0.12,57.0
SRRW-MARCELO-L=130-N=280112-phi=0.12-alpha=1.1-bmax=20-r=0.49-ru=10/config-697.txt.gz,1.1,0.12,72.0
SRRW-MARCELO-L=130-N=280112-phi=0.12-alpha=1.1-bmax=20-r=0.49-ru=10/config-698.txt.gz,1.1,0.12,61.0
SRRW-MARCELO-L=130-N=280112-phi=0.12-alpha=1.1-bmax=20-r=0.49-ru=10/config-699.txt.gz,1.1,0.12,64.0
SRRW-MARCELO-L=130-N=280112-phi=0.12-alpha=1.1-bmax=20-r=0.49-ru=10/config-7.txt.gz,1.1,0.12,55.0
SRRW-MARCELO-L=130-N=280112-phi=0.12-alpha=1.1-bmax=20-r=0.49-ru=10/config-70.txt.gz,1.1,0.12,60.0
SRRW-MARCELO-L=130-N=280112-phi=0.12-alpha=1.1-bmax=20-r=0.49-ru=10/config-700.txt.gz,1.1,0.12,68.0
SRRW-MARCELO-L=130-N=280112-phi=0.12-alpha=1.1-bmax=20-r=0.49-ru=10/config-701.txt.gz,1.1,0.12,53.0
SRRW-MARCELO-L=130-N=280112-phi=0.12-alpha=1.1-bmax=20-r=0.49-ru=10/config-702.txt.gz,1.1,0.12,70.0
SRRW-MARCELO-L=130-N=280112-phi=0.12-alpha=1.1-bmax=20-r=0.49-ru=10/config-703.txt.gz,1.1,0.12,66.0
SRRW-MARCELO-L=130-N=280112-phi=0.12-alpha=1.1-bmax=20-r=0.49-ru=10/config-704.txt.gz,1.1,0.12,70.0
SRRW-MARCELO-L=130-N=280112-phi=0.12-alpha=1.1-bmax=20-r=0.49-ru=10/config-705.txt.gz,1.1,0.12,67.0
SRRW-MARCELO-L=130-N=280112-phi=0.12-alpha=1.1-bmax=20-r=0.49-ru=10/config-706.txt.gz,1.1,0.12,68.0
SRRW-MARCELO-L=130-N=280112-phi=0.12-alpha=1.1-bmax=20-r=0.49-ru=10/config-707.txt.gz,1.1,0.12,46.0
SRRW-MARCELO-L=130-N=280112-phi=0.12-alpha=1.1-bmax=20-r=0.49-ru=10/config-708.txt.gz,1.1,0.12,66.0
SRRW-MARCELO-L=130-N=280112-phi=0.12-alpha=1.1-bmax=20-r=0.49-ru=10/config-709.txt.gz,1.1,0.12,54.0
SRRW-MARCELO-L=130-N=280112-phi=0.12-alpha=1.1-bmax=20-r=0.49-ru=10/config-71.txt.gz,1.1,0.12,62.0
SRRW-MARCELO-L=130-N=280112-phi=0.12-alpha=1.1-bmax=20-r=0.49-ru=10/config-710.txt.gz,1.1,0.12,59.0
SRRW-MARCELO-L=130-N=280112-phi=0.12-alpha=1.1-bmax=20-r=0.49-ru=10/config-711.txt.gz,1.1,0.12,65.0
SRRW-MARCELO-L=130-N=280112-phi=0.12-alpha=1.1-bmax=20-r=0.49-ru=10/config-712.txt.gz,1.1,0.12,74.0
SRRW-MARCELO-L=130-N=280112-phi=0.12-alpha=1.1-bmax=20-r=0.49-ru=10/config-713.txt.gz,1.1,0.12,65.0
SRRW-MARCELO-L=130-N=280112-phi=0.12-alpha=1.1-bmax=20-r=0.49-ru=10/config-714.txt.gz,1.1,0.12,48.0
SRRW-MARCELO-L=130-N=280112-phi=0.12-alpha=1.1-bmax=20-r=0.49-ru=10/config-715.txt.gz,1.1,0.12,60.0
SRRW-MARCELO-L=130-N=280112-phi=0.12-alpha=1.1-bmax=20-r=0.49-ru=10/config-716.txt.gz,1.1,0.12,48.0
SRRW-MARCELO-L=130-N=280112-phi=0.12-alpha=1.1-bmax=20-r=0.49-ru=10/config-717.txt.gz,1.1,0.12,53.0
SRRW-MARCELO-L=130-N=280112-phi=0.12-alpha=1.1-bmax=20-r=0.49-ru=10/config-718.txt.gz,1.1,0.12,68.0
SRRW-MARCELO-L=130-N=280112-phi=0.12-alpha=1.1-bmax=20-r=0.49-ru=10/config-719.txt.gz,1.1,0.12,53.0
SRRW-MARCELO-L=130-N=280112-phi=0.12-alpha=1.1-bmax=20-r=0.49-ru=10/config-72.txt.gz,1.1,0.12,75.0
SRRW-MARCELO-L=130-N=280112-phi=0.12-alpha=1.1-bmax=20-r=0.49-ru=10/config-720.txt.gz,1.1,0.12,67.0
SRRW-MARCELO-L=130-N=280112-phi=0.12-alpha=1.1-bmax=20-r=0.49-ru=10/config-721.txt.gz,1.1,0.12,82.0
SRRW-MARCELO-L=130-N=280112-phi=0.12-alpha=1.1-bmax=20-r=0.49-ru=10/config-722.txt.gz,1.1,0.12,62.0
SRRW-MARCELO-L=130-N=280112-phi=0.12-alpha=1.1-bmax=20-r=0.49-ru=10/config-723.txt.gz,1.1,0.12,54.0
SRRW-MARCELO-L=130-N=280112-phi=0.12-alpha=1.1-bmax=20-r=0.49-ru=10/config-724.txt.gz,1.1,0.12,48.0
SRRW-MARCELO-L=130-N=280112-phi=0.12-alpha=1.1-bmax=20-r=0.49-ru=10/config-725.txt.gz,1.1,0.12,57.0
SRRW-MARCELO-L=130-N=280112-phi=0.12-alpha=1.1-bmax=20-r=0.49-ru=10/config-726.txt.gz,1.1,0.12,65.0
SRRW-MARCELO-L=130-N=280112-phi=0.12-alpha=1.1-bmax=20-r=0.49-ru=10/config-727.txt.gz,1.1,0.12,64.0
SRRW-MARCELO-L=130-N=280112-phi=0.12-alpha=1.1-bmax=20-r=0.49-ru=10/config-728.txt.gz,1.1,0.12,61.0
SRRW-MARCELO-L=130-N=280112-phi=0.12-alpha=1.1-bmax=20-r=0.49-ru=10/config-729.txt.gz,1.1,0.12,51.0
SRRW-MARCELO-L=130-N=280112-phi=0.12-alpha=1.1-bmax=20-r=0.49-ru=10/config-73.txt.gz,1.1,0.12,55.0
SRRW-MARCELO-L=130-N=280112-phi=0.12-alpha=1.1-bmax=20-r=0.49-ru=10/config-730.txt.gz,1.1,0.12,67.0
SRRW-MARCELO-L=130-N=280112-phi=0.12-alpha=1.1-bmax=20-r=0.49-ru=10/config-731.txt.gz,1.1,0.12,47.0
SRRW-MARCELO-L=130-N=280112-phi=0.12-alpha=1.1-bmax=20-r=0.49-ru=10/config-732.txt.gz,1.1,0.12,69.0
SRRW-MARCELO-L=130-N=280112-phi=0.12-alpha=1.1-bmax=20-r=0.49-ru=10/config-733.txt.gz,1.1,0.12,52.0
SRRW-MARCELO-L=130-N=280112-phi=0.12-alpha=1.1-bmax=20-r=0.49-ru=10/config-734.txt.gz,1.1,0.12,72.0
SRRW-MARCELO-L=130-N=280112-phi=0.12-alpha=1.1-bmax=20-r=0.49-ru=10/config-735.txt.gz,1.1,0.12,70.0
SRRW-MARCELO-L=130-N=280112-phi=0.12-alpha=1.1-bmax=20-r=0.49-ru=10/config-736.txt.gz,1.1,0.12,69.0
SRRW-MARCELO-L=130-N=280112-phi=0.12-alpha=1.1-bmax=20-r=0.49-ru=10/config-737.txt.gz,1.1,0.12,57.0
SRRW-MARCELO-L=130-N=280112-phi=0.12-alpha=1.1-bmax=20-r=0.49-ru=10/config-738.txt.gz,1.1,0.12,73.0
SRRW-MARCELO-L=130-N=280112-phi=0.12-alpha=1.1-bmax=20-r=0.49-ru=10/config-739.txt.gz,1.1,0.12,68.0
SRRW-MARCELO-L=130-N=280112-phi=0.12-alpha=1.1-bmax=20-r=0.49-ru=10/config-74.txt.gz,1.1,0.12,65.0
SRRW-MARCELO-L=130-N=280112-phi=0.12-alpha=1.1-bmax=20-r=0.49-ru=10/config-740.txt.gz,1.1,0.12,65.0
SRRW-MARCELO-L=130-N=280112-phi=0.12-alpha=1.1-bmax=20-r=0.49-ru=10/config-741.txt.gz,1.1,0.12,64.0
SRRW-MARCELO-L=130-N=280112-phi=0.12-alpha=1.1-bmax=20-r=0.49-ru=10/config-742.txt.gz,1.1,0.12,64.0
SRRW-MARCELO-L=130-N=280112-phi=0.12-alpha=1.1-bmax=20-r=0.49-ru=10/config-743.txt.gz,1.1,0.12,55.0
SRRW-MARCELO-L=130-N=280112-phi=0.12-alpha=1.1-bmax=20-r=0.49-ru=10/config-744.txt.gz,1.1,0.12,53.0
SRRW-MARCELO-L=130-N=280112-phi=0.12-alpha=1.1-bmax=20-r=0.49-ru=10/config-745.txt.gz,1.1,0.12,57.0
SRRW-MARCELO-L=130-N=280112-phi=0.12-alpha=1.1-bmax=20-r=0.49-ru=10/config-746.txt.gz,1.1,0.12,64.0
SRRW-MARCELO-L=130-N=280112-phi=0.12-alpha=1.1-bmax=20-r=0.49-ru=10/config-747.txt.gz,1.1,0.12,63.0
SRRW-MARCELO-L=130-N=280112-phi=0.12-alpha=1.1-bmax=20-r=0.49-ru=10/config-748.txt.gz,1.1,0.12,60.0
SRRW-MARCELO-L=130-N=280112-phi=0.12-alpha=1.1-bmax=20-r=0.49-ru=10/config-749.txt.gz,1.1,0.12,56.0
SRRW-MARCELO-L=130-N=280112-phi=0.12-alpha=1.1-bmax=20-r=0.49-ru=10/config-75.txt.gz,1.1,0.12,55.0
SRRW-MARCELO-L=130-N=280112-phi=0.12-alpha=1.1-bmax=20-r=0.49-ru=10/config-750.txt.gz,1.1,0.12,83.0
SRRW-MARCELO-L=130-N=280112-phi=0.12-alpha=1.1-bmax=20-r=0.49-ru=10/config-751.txt.gz,1.1,0.12,61.0
SRRW-MARCELO-L=130-N=280112-phi=0.12-alpha=1.1-bmax=20-r=0.49-ru=10/config-752.txt.gz,1.1,0.12,58.0
SRRW-MARCELO-L=130-N=280112-phi=0.12-alpha=1.1-bmax=20-r=0.49-ru=10/config-753.txt.gz,1.1,0.12,51.0
SRRW-MARCELO-L=130-N=280112-phi=0.12-alpha=1.1-bmax=20-r=0.49-ru=10/config-754.txt.gz,1.1,0.12,71.0
SRRW-MARCELO-L=130-N=280112-phi=0.12-alpha=1.1-bmax=20-r=0.49-ru=10/config-755.txt.gz,1.1,0.12,47.0
SRRW-MARCELO-L=130-N=280112-phi=0.12-alpha=1.1-bmax=20-r=0.49-ru=10/config-756.txt.gz,1.1,0.12,69.0
SRRW-MARCELO-L=130-N=280112-phi=0.12-alpha=1.1-bmax=20-r=0.49-ru=10/config-757.txt.gz,1.1,0.12,76.0
SRRW-MARCELO-L=130-N=280112-phi=0.12-alpha=1.1-bmax=20-r=0.49-ru=10/config-758.txt.gz,1.1,0.12,67.0
SRRW-MARCELO-L=130-N=280112-phi=0.12-alpha=1.1-bmax=20-r=0.49-ru=10/config-759.txt.gz,1.1,0.12,60.0
SRRW-MARCELO-L=130-N=280112-phi=0.12-alpha=1.1-bmax=20-r=0.49-ru=10/config-76.txt.gz,1.1,0.12,54.0
SRRW-MARCELO-L=130-N=280112-phi=0.12-alpha=1.1-bmax=20-r=0.49-ru=10/config-760.txt.gz,1.1,0.12,70.0
SRRW-MARCELO-L=130-N=280112-phi=0.12-alpha=1.1-bmax=20-r=0.49-ru=10/config-761.txt.gz,1.1,0.12,69.0
SRRW-MARCELO-L=130-N=280112-phi=0.12-alpha=1.1-bmax=20-r=0.49-ru=10/config-762.txt.gz,1.1,0.12,81.0
SRRW-MARCELO-L=130-N=280112-phi=0.12-alpha=1.1-bmax=20-r=0.49-ru=10/config-763.txt.gz,1.1,0.12,59.0
SRRW-MARCELO-L=130-N=280112-phi=0.12-alpha=1.1-bmax=20-r=0.49-ru=10/config-764.txt.gz,1.1,0.12,60.0
SRRW-MARCELO-L=130-N=280112-phi=0.12-alpha=1.1-bmax=20-r=0.49-ru=10/config-765.txt.gz,1.1,0.12,53.0
SRRW-MARCELO-L=130-N=280112-phi=0.12-alpha=1.1-bmax=20-r=0.49-ru=10/config-766.txt.gz,1.1,0.12,55.0
SRRW-MARCELO-L=130-N=280112-phi=0.12-alpha=1.1-bmax=20-r=0.49-ru=10/config-767.txt.gz,1.1,0.12,79.0
SRRW-MARCELO-L=130-N=280112-phi=0.12-alpha=1.1-bmax=20-r=0.49-ru=10/config-768.txt.gz,1.1,0.12,67.0
SRRW-MARCELO-L=130-N=280112-phi=0.12-alpha=1.1-bmax=20-r=0.49-ru=10/config-769.txt.gz,1.1,0.12,76.0
SRRW-MARCELO-L=130-N=280112-phi=0.12-alpha=1.1-bmax=20-r=0.49-ru=10/config-77.txt.gz,1.1,0.12,54.0
SRRW-MARCELO-L=130-N=280112-phi=0.12-alpha=1.1-bmax=20-r=0.49-ru=10/config-770.txt.gz,1.1,0.12,59.0
SRRW-MARCELO-L=130-N=280112-phi=0.12-alpha=1.1-bmax=20-r=0.49-ru=10/config-771.txt.gz,1.1,0.12,82.0
SRRW-MARCELO-L=130-N=280112-phi=0.12-alpha=1.1-bmax=20-r=0.49-ru=10/config-772.txt.gz,1.1,0.12,77.0
SRRW-MARCELO-L=130-N=280112-phi=0.12-alpha=1.1-bmax=20-r=0.49-ru=10/config-773.txt.gz,1.1,0.12,59.0
SRRW-MARCELO-L=130-N=280112-phi=0.12-alpha=1.1-bmax=20-r=0.49-ru=10/config-774.txt.gz,1.1,0.12,68.0
SRRW-MARCELO-L=130-N=280112-phi=0.12-alpha=1.1-bmax=20-r=0.49-ru=10/config-775.txt.gz,1.1,0.12,45.0
SRRW-MARCELO-L=130-N=280112-phi=0.12-alpha=1.1-bmax=20-r=0.49-ru=10/config-776.txt.gz,1.1,0.12,52.0
SRRW-MARCELO-L=130-N=280112-phi=0.12-alpha=1.1-bmax=20-r=0.49-ru=10/config-777.txt.gz,1.1,0.12,69.0
SRRW-MARCELO-L=130-N=280112-phi=0.12-alpha=1.1-bmax=20-r=0.49-ru=10/config-778.txt.gz,1.1,0.12,64.0
SRRW-MARCELO-L=130-N=280112-phi=0.12-alpha=1.1-bmax=20-r=0.49-ru=10/config-779.txt.gz,1.1,0.12,55.0
SRRW-MARCELO-L=130-N=280112-phi=0.12-alpha=1.1-bmax=20-r=0.49-ru=10/config-78.txt.gz,1.1,0.12,61.0
SRRW-MARCELO-L=130-N=280112-phi=0.12-alpha=1.1-bmax=20-r=0.49-ru=10/config-780.txt.gz,1.1,0.12,59.0
SRRW-MARCELO-L=130-N=280112-phi=0.12-alpha=1.1-bmax=20-r=0.49-ru=10/config-781.txt.gz,1.1,0.12,54.0
SRRW-MARCELO-L=130-N=280112-phi=0.12-alpha=1.1-bmax=20-r=0.49-ru=10/config-782.txt.gz,1.1,0.12,45.0
SRRW-MARCELO-L=130-N=280112-phi=0.12-alpha=1.1-bmax=20-r=0.49-ru=10/config-783.txt.gz,1.1,0.12,62.0
SRRW-MARCELO-L=130-N=280112-phi=0.12-alpha=1.1-bmax=20-r=0.49-ru=10/config-784.txt.gz,1.1,0.12,57.0
SRRW-MARCELO-L=130-N=280112-phi=0.12-alpha=1.1-bmax=20-r=0.49-ru=10/config-785.txt.gz,1.1,0.12,59.0
SRRW-MARCELO-L=130-N=280112-phi=0.12-alpha=1.1-bmax=20-r=0.49-ru=10/config-786.txt.gz,1.1,0.12,73.0
SRRW-MARCELO-L=130-N=280112-phi=0.12-alpha=1.1-bmax=20-r=0.49-ru=10/config-787.txt.gz,1.1,0.12,39.0
SRRW-MARCELO-L=130-N=280112-phi=0.12-alpha=1.1-bmax=20-r=0.49-ru=10/config-788.txt.gz,1.1,0.12,60.0
SRRW-MARCELO-L=130-N=280112-phi=0.12-alpha=1.1-bmax=20-r=0.49-ru=10/config-789.txt.gz,1.1,0.12,74.0
SRRW-MARCELO-L=130-N=280112-phi=0.12-alpha=1.1-bmax=20-r=0.49-ru=10/config-79.txt.gz,1.1,0.12,66.0
SRRW-MARCELO-L=130-N=280112-phi=0.12-alpha=1.1-bmax=20-r=0.49-ru=10/config-790.txt.gz,1.1,0.12,63.0
SRRW-MARCELO-L=130-N=280112-phi=0.12-alpha=1.1-bmax=20-r=0.49-ru=10/config-791.txt.gz,1.1,0.12,48.0
SRRW-MARCELO-L=130-N=280112-phi=0.12-alpha=1.1-bmax=20-r=0.49-ru=10/config-792.txt.gz,1.1,0.12,68.0
SRRW-MARCELO-L=130-N=280112-phi=0.12-alpha=1.1-bmax=20-r=0.49-ru=10/config-793.txt.gz,1.1,0.12,67.0
SRRW-MARCELO-L=130-N=280112-phi=0.12-alpha=1.1-bmax=20-r=0.49-ru=10/config-794.txt.gz,1.1,0.12,59.0
SRRW-MARCELO-L=130-N=280112-phi=0.12-alpha=1.1-bmax=20-r=0.49-ru=10/config-795.txt.gz,1.1,0.12,81.0
SRRW-MARCELO-L=130-N=280112-phi=0.12-alpha=1.1-bmax=20-r=0.49-ru=10/config-796.txt.gz,1.1,0.12,68.0
SRRW-MARCELO-L=130-N=280112-phi=0.12-alpha=1.1-bmax=20-r=0.49-ru=10/config-797.txt.gz,1.1,0.12,43.0
SRRW-MARCELO-L=130-N=280112-phi=0.12-alpha=1.1-bmax=20-r=0.49-ru=10/config-798.txt.gz,1.1,0.12,71.0
SRRW-MARCELO-L=130-N=280112-phi=0.12-alpha=1.1-bmax=20-r=0.49-ru=10/config-799.txt.gz,1.1,0.12,71.0
SRRW-MARCELO-L=130-N=280112-phi=0.12-alpha=1.1-bmax=20-r=0.49-ru=10/config-8.txt.gz,1.1,0.12,58.0
SRRW-MARCELO-L=130-N=280112-phi=0.12-alpha=1.1-bmax=20-r=0.49-ru=10/config-80.txt.gz,1.1,0.12,59.0
SRRW-MARCELO-L=130-N=280112-phi=0.12-alpha=1.1-bmax=20-r=0.49-ru=10/config-800.txt.gz,1.1,0.12,67.0
SRRW-MARCELO-L=130-N=280112-phi=0.12-alpha=1.1-bmax=20-r=0.49-ru=10/config-801.txt.gz,1.1,0.12,71.0
SRRW-MARCELO-L=130-N=280112-phi=0.12-alpha=1.1-bmax=20-r=0.49-ru=10/config-802.txt.gz,1.1,0.12,61.0
SRRW-MARCELO-L=130-N=280112-phi=0.12-alpha=1.1-bmax=20-r=0.49-ru=10/config-803.txt.gz,1.1,0.12,66.0
SRRW-MARCELO-L=130-N=280112-phi=0.12-alpha=1.1-bmax=20-r=0.49-ru=10/config-804.txt.gz,1.1,0.12,60.0
SRRW-MARCELO-L=130-N=280112-phi=0.12-alpha=1.1-bmax=20-r=0.49-ru=10/config-805.txt.gz,1.1,0.12,56.0
SRRW-MARCELO-L=130-N=280112-phi=0.12-alpha=1.1-bmax=20-r=0.49-ru=10/config-806.txt.gz,1.1,0.12,62.0
SRRW-MARCELO-L=130-N=280112-phi=0.12-alpha=1.1-bmax=20-r=0.49-ru=10/config-807.txt.gz,1.1,0.12,72.0
SRRW-MARCELO-L=130-N=280112-phi=0.12-alpha=1.1-bmax=20-r=0.49-ru=10/config-808.txt.gz,1.1,0.12,70.0
SRRW-MARCELO-L=130-N=280112-phi=0.12-alpha=1.1-bmax=20-r=0.49-ru=10/config-809.txt.gz,1.1,0.12,60.0
SRRW-MARCELO-L=130-N=280112-phi=0.12-alpha=1.1-bmax=20-r=0.49-ru=10/config-81.txt.gz,1.1,0.12,52.0
SRRW-MARCELO-L=130-N=280112-phi=0.12-alpha=1.1-bmax=20-r=0.49-ru=10/config-810.txt.gz,1.1,0.12,71.0
SRRW-MARCELO-L=130-N=280112-phi=0.12-alpha=1.1-bmax=20-r=0.49-ru=10/config-811.txt.gz,1.1,0.12,62.0
SRRW-MARCELO-L=130-N=280112-phi=0.12-alpha=1.1-bmax=20-r=0.49-ru=10/config-812.txt.gz,1.1,0.12,63.0
SRRW-MARCELO-L=130-N=280112-phi=0.12-alpha=1.1-bmax=20-r=0.49-ru=10/config-813.txt.gz,1.1,0.12,66.0
SRRW-MARCELO-L=130-N=280112-phi=0.12-alpha=1.1-bmax=20-r=0.49-ru=10/config-814.txt.gz,1.1,0.12,68.0
SRRW-MARCELO-L=130-N=280112-phi=0.12-alpha=1.1-bmax=20-r=0.49-ru=10/config-815.txt.gz,1.1,0.12,64.0
SRRW-MARCELO-L=130-N=280112-phi=0.12-alpha=1.1-bmax=20-r=0.49-ru=10/config-816.txt.gz,1.1,0.12,54.0
SRRW-MARCELO-L=130-N=280112-phi=0.12-alpha=1.1-bmax=20-r=0.49-ru=10/config-817.txt.gz,1.1,0.12,65.0
SRRW-MARCELO-L=130-N=280112-phi=0.12-alpha=1.1-bmax=20-r=0.49-ru=10/config-818.txt.gz,1.1,0.12,64.0
SRRW-MARCELO-L=130-N=280112-phi=0.12-alpha=1.1-bmax=20-r=0.49-ru=10/config-819.txt.gz,1.1,0.12,73.0
SRRW-MARCELO-L=130-N=280112-phi=0.12-alpha=1.1-bmax=20-r=0.49-ru=10/config-82.txt.gz,1.1,0.12,57.0
SRRW-MARCELO-L=130-N=280112-phi=0.12-alpha=1.1-bmax=20-r=0.49-ru=10/config-820.txt.gz,1.1,0.12,74.0
SRRW-MARCELO-L=130-N=280112-phi=0.12-alpha=1.1-bmax=20-r=0.49-ru=10/config-821.txt.gz,1.1,0.12,68.0
SRRW-MARCELO-L=130-N=280112-phi=0.12-alpha=1.1-bmax=20-r=0.49-ru=10/config-822.txt.gz,1.1,0.12,74.0
SRRW-MARCELO-L=130-N=280112-phi=0.12-alpha=1.1-bmax=20-r=0.49-ru=10/config-823.txt.gz,1.1,0.12,50.0
SRRW-MARCELO-L=130-N=280112-phi=0.12-alpha=1.1-bmax=20-r=0.49-ru=10/config-824.txt.gz,1.1,0.12,61.0
SRRW-MARCELO-L=130-N=280112-phi=0.12-alpha=1.1-bmax=20-r=0.49-ru=10/config-825.txt.gz,1.1,0.12,59.0
SRRW-MARCELO-L=130-N=280112-phi=0.12-alpha=1.1-bmax=20-r=0.49-ru=10/config-826.txt.gz,1.1,0.12,67.0
SRRW-MARCELO-L=130-N=280112-phi=0.12-alpha=1.1-bmax=20-r=0.49-ru=10/config-827.txt.gz,1.1,0.12,65.0
SRRW-MARCELO-L=130-N=280112-phi=0.12-alpha=1.1-bmax=20-r=0.49-ru=10/config-828.txt.gz,1.1,0.12,64.0
SRRW-MARCELO-L=130-N=280112-phi=0.12-alpha=1.1-bmax=20-r=0.49-ru=10/config-829.txt.gz,1.1,0.12,50.0
SRRW-MARCELO-L=130-N=280112-phi=0.12-alpha=1.1-bmax=20-r=0.49-ru=10/config-83.txt.gz,1.1,0.12,61.0
SRRW-MARCELO-L=130-N=280112-phi=0.12-alpha=1.1-bmax=20-r=0.49-ru=10/config-830.txt.gz,1.1,0.12,51.0
SRRW-MARCELO-L=130-N=280112-phi=0.12-alpha=1.1-bmax=20-r=0.49-ru=10/config-831.txt.gz,1.1,0.12,63.0
SRRW-MARCELO-L=130-N=280112-phi=0.12-alpha=1.1-bmax=20-r=0.49-ru=10/config-832.txt.gz,1.1,0.12,62.0
SRRW-MARCELO-L=130-N=280112-phi=0.12-alpha=1.1-bmax=20-r=0.49-ru=10/config-833.txt.gz,1.1,0.12,59.0
SRRW-MARCELO-L=130-N=280112-phi=0.12-alpha=1.1-bmax=20-r=0.49-ru=10/config-834.txt.gz,1.1,0.12,67.0
SRRW-MARCELO-L=130-N=280112-phi=0.12-alpha=1.1-bmax=20-r=0.49-ru=10/config-835.txt.gz,1.1,0.12,66.0
SRRW-MARCELO-L=130-N=280112-phi=0.12-alpha=1.1-bmax=20-r=0.49-ru=10/config-836.txt.gz,1.1,0.12,74.0
SRRW-MARCELO-L=130-N=280112-phi=0.12-alpha=1.1-bmax=20-r=0.49-ru=10/config-837.txt.gz,1.1,0.12,73.0
SRRW-MARCELO-L=130-N=280112-phi=0.12-alpha=1.1-bmax=20-r=0.49-ru=10/config-838.txt.gz,1.1,0.12,69.0
SRRW-MARCELO-L=130-N=280112-phi=0.12-alpha=1.1-bmax=20-r=0.49-ru=10/config-839.txt.gz,1.1,0.12,76.0
SRRW-MARCELO-L=130-N=280112-phi=0.12-alpha=1.1-bmax=20-r=0.49-ru=10/config-84.txt.gz,1.1,0.12,49.0
SRRW-MARCELO-L=130-N=280112-phi=0.12-alpha=1.1-bmax=20-r=0.49-ru=10/config-840.txt.gz,1.1,0.12,62.0
SRRW-MARCELO-L=130-N=280112-phi=0.12-alpha=1.1-bmax=20-r=0.49-ru=10/config-841.txt.gz,1.1,0.12,47.0
SRRW-MARCELO-L=130-N=280112-phi=0.12-alpha=1.1-bmax=20-r=0.49-ru=10/config-842.txt.gz,1.1,0.12,69.0
SRRW-MARCELO-L=130-N=280112-phi=0.12-alpha=1.1-bmax=20-r=0.49-ru=10/config-843.txt.gz,1.1,0.12,73.0
SRRW-MARCELO-L=130-N=280112-phi=0.12-alpha=1.1-bmax=20-r=0.49-ru=10/config-844.txt.gz,1.1,0.12,77.0
SRRW-MARCELO-L=130-N=280112-phi=0.12-alpha=1.1-bmax=20-r=0.49-ru=10/config-845.txt.gz,1.1,0.12,41.0
SRRW-MARCELO-L=130-N=280112-phi=0.12-alpha=1.1-bmax=20-r=0.49-ru=10/config-846.txt.gz,1.1,0.12,58.0
SRRW-MARCELO-L=130-N=280112-phi=0.12-alpha=1.1-bmax=20-r=0.49-ru=10/config-847.txt.gz,1.1,0.12,68.0
SRRW-MARCELO-L=130-N=280112-phi=0.12-alpha=1.1-bmax=20-r=0.49-ru=10/config-848.txt.gz,1.1,0.12,78.0
SRRW-MARCELO-L=130-N=280112-phi=0.12-alpha=1.1-bmax=20-r=0.49-ru=10/config-849.txt.gz,1.1,0.12,48.0
SRRW-MARCELO-L=130-N=280112-phi=0.12-alpha=1.1-bmax=20-r=0.49-ru=10/config-85.txt.gz,1.1,0.12,76.0
SRRW-MARCELO-L=130-N=280112-phi=0.12-alpha=1.1-bmax=20-r=0.49-ru=10/config-850.txt.gz,1.1,0.12,59.0
SRRW-MARCELO-L=130-N=280112-phi=0.12-alpha=1.1-bmax=20-r=0.49-ru=10/config-851.txt.gz,1.1,0.12,54.0
SRRW-MARCELO-L=130-N=280112-phi=0.12-alpha=1.1-bmax=20-r=0.49-ru=10/config-852.txt.gz,1.1,0.12,53.0
SRRW-MARCELO-L=130-N=280112-phi=0.12-alpha=1.1-bmax=20-r=0.49-ru=10/config-853.txt.gz,1.1,0.12,65.0
SRRW-MARCELO-L=130-N=280112-phi=0.12-alpha=1.1-bmax=20-r=0.49-ru=10/config-854.txt.gz,1.1,0.12,72.0
SRRW-MARCELO-L=130-N=280112-phi=0.12-alpha=1.1-bmax=20-r=0.49-ru=10/config-855.txt.gz,1.1,0.12,67.0
SRRW-MARCELO-L=130-N=280112-phi=0.12-alpha=1.1-bmax=20-r=0.49-ru=10/config-856.txt.gz,1.1,0.12,58.0
SRRW-MARCELO-L=130-N=280112-phi=0.12-alpha=1.1-bmax=20-r=0.49-ru=10/config-857.txt.gz,1.1,0.12,52.0
SRRW-MARCELO-L=130-N=280112-phi=0.12-alpha=1.1-bmax=20-r=0.49-ru=10/config-858.txt.gz,1.1,0.12,58.0
SRRW-MARCELO-L=130-N=280112-phi=0.12-alpha=1.1-bmax=20-r=0.49-ru=10/config-859.txt.gz,1.1,0.12,60.0
SRRW-MARCELO-L=130-N=280112-phi=0.12-alpha=1.1-bmax=20-r=0.49-ru=10/config-86.txt.gz,1.1,0.12,73.0
SRRW-MARCELO-L=130-N=280112-phi=0.12-alpha=1.1-bmax=20-r=0.49-ru=10/config-860.txt.gz,1.1,0.12,68.0
SRRW-MARCELO-L=130-N=280112-phi=0.12-alpha=1.1-bmax=20-r=0.49-ru=10/config-861.txt.gz,1.1,0.12,51.0
SRRW-MARCELO-L=130-N=280112-phi=0.12-alpha=1.1-bmax=20-r=0.49-ru=10/config-862.txt.gz,1.1,0.12,80.0
SRRW-MARCELO-L=130-N=280112-phi=0.12-alpha=1.1-bmax=20-r=0.49-ru=10/config-863.txt.gz,1.1,0.12,61.0
SRRW-MARCELO-L=130-N=280112-phi=0.12-alpha=1.1-bmax=20-r=0.49-ru=10/config-864.txt.gz,1.1,0.12,57.0
SRRW-MARCELO-L=130-N=280112-phi=0.12-alpha=1.1-bmax=20-r=0.49-ru=10/config-865.txt.gz,1.1,0.12,52.0
SRRW-MARCELO-L=130-N=280112-phi=0.12-alpha=1.1-bmax=20-r=0.49-ru=10/config-866.txt.gz,1.1,0.12,69.0
SRRW-MARCELO-L=130-N=280112-phi=0.12-alpha=1.1-bmax=20-r=0.49-ru=10/config-867.txt.gz,1.1,0.12,74.0
SRRW-MARCELO-L=130-N=280112-phi=0.12-alpha=1.1-bmax=20-r=0.49-ru=10/config-868.txt.gz,1.1,0.12,62.0
SRRW-MARCELO-L=130-N=280112-phi=0.12-alpha=1.1-bmax=20-r=0.49-ru=10/config-869.txt.gz,1.1,0.12,74.0
SRRW-MARCELO-L=130-N=280112-phi=0.12-alpha=1.1-bmax=20-r=0.49-ru=10/config-87.txt.gz,1.1,0.12,69.0
SRRW-MARCELO-L=130-N=280112-phi=0.12-alpha=1.1-bmax=20-r=0.49-ru=10/config-870.txt.gz,1.1,0.12,59.0
SRRW-MARCELO-L=130-N=280112-phi=0.12-alpha=1.1-bmax=20-r=0.49-ru=10/config-871.txt.gz,1.1,0.12,68.0
SRRW-MARCELO-L=130-N=280112-phi=0.12-alpha=1.1-bmax=20-r=0.49-ru=10/config-872.txt.gz,1.1,0.12,51.0
SRRW-MARCELO-L=130-N=280112-phi=0.12-alpha=1.1-bmax=20-r=0.49-ru=10/config-873.txt.gz,1.1,0.12,55.0
SRRW-MARCELO-L=130-N=280112-phi=0.12-alpha=1.1-bmax=20-r=0.49-ru=10/config-874.txt.gz,1.1,0.12,48.0
SRRW-MARCELO-L=130-N=280112-phi=0.12-alpha=1.1-bmax=20-r=0.49-ru=10/config-875.txt.gz,1.1,0.12,67.0
SRRW-MARCELO-L=130-N=280112-phi=0.12-alpha=1.1-bmax=20-r=0.49-ru=10/config-876.txt.gz,1.1,0.12,69.0
SRRW-MARCELO-L=130-N=280112-phi=0.12-alpha=1.1-bmax=20-r=0.49-ru=10/config-877.txt.gz,1.1,0.12,67.0
SRRW-MARCELO-L=130-N=280112-phi=0.12-alpha=1.1-bmax=20-r=0.49-ru=10/config-878.txt.gz,1.1,0.12,67.0
SRRW-MARCELO-L=130-N=280112-phi=0.12-alpha=1.1-bmax=20-r=0.49-ru=10/config-879.txt.gz,1.1,0.12,48.0
SRRW-MARCELO-L=130-N=280112-phi=0.12-alpha=1.1-bmax=20-r=0.49-ru=10/config-88.txt.gz,1.1,0.12,59.0
SRRW-MARCELO-L=130-N=280112-phi=0.12-alpha=1.1-bmax=20-r=0.49-ru=10/config-880.txt.gz,1.1,0.12,51.0
SRRW-MARCELO-L=130-N=280112-phi=0.12-alpha=1.1-bmax=20-r=0.49-ru=10/config-881.txt.gz,1.1,0.12,82.0
SRRW-MARCELO-L=130-N=280112-phi=0.12-alpha=1.1-bmax=20-r=0.49-ru=10/config-882.txt.gz,1.1,0.12,59.0
SRRW-MARCELO-L=130-N=280112-phi=0.12-alpha=1.1-bmax=20-r=0.49-ru=10/config-883.txt.gz,1.1,0.12,70.0
SRRW-MARCELO-L=130-N=280112-phi=0.12-alpha=1.1-bmax=20-r=0.49-ru=10/config-884.txt.gz,1.1,0.12,67.0
SRRW-MARCELO-L=130-N=280112-phi=0.12-alpha=1.1-bmax=20-r=0.49-ru=10/config-885.txt.gz,1.1,0.12,63.0
SRRW-MARCELO-L=130-N=280112-phi=0.12-alpha=1.1-bmax=20-r=0.49-ru=10/config-886.txt.gz,1.1,0.12,58.0
SRRW-MARCELO-L=130-N=280112-phi=0.12-alpha=1.1-bmax=20-r=0.49-ru=10/config-887.txt.gz,1.1,0.12,62.0
SRRW-MARCELO-L=130-N=280112-phi=0.12-alpha=1.1-bmax=20-r=0.49-ru=10/config-888.txt.gz,1.1,0.12,50.0
SRRW-MARCELO-L=130-N=280112-phi=0.12-alpha=1.1-bmax=20-r=0.49-ru=10/config-889.txt.gz,1.1,0.12,72.0
SRRW-MARCELO-L=130-N=280112-phi=0.12-alpha=1.1-bmax=20-r=0.49-ru=10/config-89.txt.gz,1.1,0.12,61.0
SRRW-MARCELO-L=130-N=280112-phi=0.12-alpha=1.1-bmax=20-r=0.49-ru=10/config-890.txt.gz,1.1,0.12,67.0
SRRW-MARCELO-L=130-N=280112-phi=0.12-alpha=1.1-bmax=20-r=0.49-ru=10/config-891.txt.gz,1.1,0.12,68.0
SRRW-MARCELO-L=130-N=280112-phi=0.12-alpha=1.1-bmax=20-r=0.49-ru=10/config-892.txt.gz,1.1,0.12,47.0
SRRW-MARCELO-L=130-N=280112-phi=0.12-alpha=1.1-bmax=20-r=0.49-ru=10/config-893.txt.gz,1.1,0.12,66.0
SRRW-MARCELO-L=130-N=280112-phi=0.12-alpha=1.1-bmax=20-r=0.49-ru=10/config-894.txt.gz,1.1,0.12,59.0
SRRW-MARCELO-L=130-N=280112-phi=0.12-alpha=1.1-bmax=20-r=0.49-ru=10/config-895.txt.gz,1.1,0.12,64.0
SRRW-MARCELO-L=130-N=280112-phi=0.12-alpha=1.1-bmax=20-r=0.49-ru=10/config-896.txt.gz,1.1,0.12,57.0
SRRW-MARCELO-L=130-N=280112-phi=0.12-alpha=1.1-bmax=20-r=0.49-ru=10/config-897.txt.gz,1.1,0.12,61.0
SRRW-MARCELO-L=130-N=280112-phi=0.12-alpha=1.1-bmax=20-r=0.49-ru=10/config-898.txt.gz,1.1,0.12,67.0
SRRW-MARCELO-L=130-N=280112-phi=0.12-alpha=1.1-bmax=20-r=0.49-ru=10/config-899.txt.gz,1.1,0.12,76.0
SRRW-MARCELO-L=130-N=280112-phi=0.12-alpha=1.1-bmax=20-r=0.49-ru=10/config-9.txt.gz,1.1,0.12,71.0
SRRW-MARCELO-L=130-N=280112-phi=0.12-alpha=1.1-bmax=20-r=0.49-ru=10/config-90.txt.gz,1.1,0.12,53.0
SRRW-MARCELO-L=130-N=280112-phi=0.12-alpha=1.1-bmax=20-r=0.49-ru=10/config-900.txt.gz,1.1,0.12,63.0
SRRW-MARCELO-L=130-N=280112-phi=0.12-alpha=1.1-bmax=20-r=0.49-ru=10/config-901.txt.gz,1.1,0.12,52.0
SRRW-MARCELO-L=130-N=280112-phi=0.12-alpha=1.1-bmax=20-r=0.49-ru=10/config-902.txt.gz,1.1,0.12,60.0
SRRW-MARCELO-L=130-N=280112-phi=0.12-alpha=1.1-bmax=20-r=0.49-ru=10/config-903.txt.gz,1.1,0.12,70.0
SRRW-MARCELO-L=130-N=280112-phi=0.12-alpha=1.1-bmax=20-r=0.49-ru=10/config-904.txt.gz,1.1,0.12,72.0
SRRW-MARCELO-L=130-N=280112-phi=0.12-alpha=1.1-bmax=20-r=0.49-ru=10/config-905.txt.gz,1.1,0.12,50.0
SRRW-MARCELO-L=130-N=280112-phi=0.12-alpha=1.1-bmax=20-r=0.49-ru=10/config-906.txt.gz,1.1,0.12,64.0
SRRW-MARCELO-L=130-N=280112-phi=0.12-alpha=1.1-bmax=20-r=0.49-ru=10/config-907.txt.gz,1.1,0.12,47.0
SRRW-MARCELO-L=130-N=280112-phi=0.12-alpha=1.1-bmax=20-r=0.49-ru=10/config-908.txt.gz,1.1,0.12,67.0
SRRW-MARCELO-L=130-N=280112-phi=0.12-alpha=1.1-bmax=20-r=0.49-ru=10/config-909.txt.gz,1.1,0.12,49.0
SRRW-MARCELO-L=130-N=280112-phi=0.12-alpha=1.1-bmax=20-r=0.49-ru=10/config-91.txt.gz,1.1,0.12,74.0
SRRW-MARCELO-L=130-N=280112-phi=0.12-alpha=1.1-bmax=20-r=0.49-ru=10/config-910.txt.gz,1.1,0.12,48.0
SRRW-MARCELO-L=130-N=280112-phi=0.12-alpha=1.1-bmax=20-r=0.49-ru=10/config-911.txt.gz,1.1,0.12,52.0
SRRW-MARCELO-L=130-N=280112-phi=0.12-alpha=1.1-bmax=20-r=0.49-ru=10/config-912.txt.gz,1.1,0.12,58.0
SRRW-MARCELO-L=130-N=280112-phi=0.12-alpha=1.1-bmax=20-r=0.49-ru=10/config-913.txt.gz,1.1,0.12,64.0
SRRW-MARCELO-L=130-N=280112-phi=0.12-alpha=1.1-bmax=20-r=0.49-ru=10/config-914.txt.gz,1.1,0.12,58.0
SRRW-MARCELO-L=130-N=280112-phi=0.12-alpha=1.1-bmax=20-r=0.49-ru=10/config-915.txt.gz,1.1,0.12,51.0
SRRW-MARCELO-L=130-N=280112-phi=0.12-alpha=1.1-bmax=20-r=0.49-ru=10/config-916.txt.gz,1.1,0.12,71.0
SRRW-MARCELO-L=130-N=280112-phi=0.12-alpha=1.1-bmax=20-r=0.49-ru=10/config-917.txt.gz,1.1,0.12,63.0
SRRW-MARCELO-L=130-N=280112-phi=0.12-alpha=1.1-bmax=20-r=0.49-ru=10/config-918.txt.gz,1.1,0.12,71.0
SRRW-MARCELO-L=130-N=280112-phi=0.12-alpha=1.1-bmax=20-r=0.49-ru=10/config-919.txt.gz,1.1,0.12,60.0
SRRW-MARCELO-L=130-N=280112-phi=0.12-alpha=1.1-bmax=20-r=0.49-ru=10/config-92.txt.gz,1.1,0.12,66.0
SRRW-MARCELO-L=130-N=280112-phi=0.12-alpha=1.1-bmax=20-r=0.49-ru=10/config-920.txt.gz,1.1,0.12,71.0
SRRW-MARCELO-L=130-N=280112-phi=0.12-alpha=1.1-bmax=20-r=0.49-ru=10/config-921.txt.gz,1.1,0.12,77.0
SRRW-MARCELO-L=130-N=280112-phi=0.12-alpha=1.1-bmax=20-r=0.49-ru=10/config-922.txt.gz,1.1,0.12,55.0
SRRW-MARCELO-L=130-N=280112-phi=0.12-alpha=1.1-bmax=20-r=0.49-ru=10/config-923.txt.gz,1.1,0.12,60.0
SRRW-MARCELO-L=130-N=280112-phi=0.12-alpha=1.1-bmax=20-r=0.49-ru=10/config-924.txt.gz,1.1,0.12,74.0
SRRW-MARCELO-L=130-N=280112-phi=0.12-alpha=1.1-bmax=20-r=0.49-ru=10/config-925.txt.gz,1.1,0.12,57.0
SRRW-MARCELO-L=130-N=280112-phi=0.12-alpha=1.1-bmax=20-r=0.49-ru=10/config-926.txt.gz,1.1,0.12,58.0
SRRW-MARCELO-L=130-N=280112-phi=0.12-alpha=1.1-bmax=20-r=0.49-ru=10/config-927.txt.gz,1.1,0.12,61.0
SRRW-MARCELO-L=130-N=280112-phi=0.12-alpha=1.1-bmax=20-r=0.49-ru=10/config-928.txt.gz,1.1,0.12,45.0
SRRW-MARCELO-L=130-N=280112-phi=0.12-alpha=1.1-bmax=20-r=0.49-ru=10/config-929.txt.gz,1.1,0.12,72.0
SRRW-MARCELO-L=130-N=280112-phi=0.12-alpha=1.1-bmax=20-r=0.49-ru=10/config-93.txt.gz,1.1,0.12,76.0
SRRW-MARCELO-L=130-N=280112-phi=0.12-alpha=1.1-bmax=20-r=0.49-ru=10/config-930.txt.gz,1.1,0.12,61.0
SRRW-MARCELO-L=130-N=280112-phi=0.12-alpha=1.1-bmax=20-r=0.49-ru=10/config-931.txt.gz,1.1,0.12,73.0
SRRW-MARCELO-L=130-N=280112-phi=0.12-alpha=1.1-bmax=20-r=0.49-ru=10/config-932.txt.gz,1.1,0.12,59.0
SRRW-MARCELO-L=130-N=280112-phi=0.12-alpha=1.1-bmax=20-r=0.49-ru=10/config-933.txt.gz,1.1,0.12,57.0
SRRW-MARCELO-L=130-N=280112-phi=0.12-alpha=1.1-bmax=20-r=0.49-ru=10/config-934.txt.gz,1.1,0.12,72.0
SRRW-MARCELO-L=130-N=280112-phi=0.12-alpha=1.1-bmax=20-r=0.49-ru=10/config-935.txt.gz,1.1,0.12,63.0
SRRW-MARCELO-L=130-N=280112-phi=0.12-alpha=1.1-bmax=20-r=0.49-ru=10/config-936.txt.gz,1.1,0.12,54.0
SRRW-MARCELO-L=130-N=280112-phi=0.12-alpha=1.1-bmax=20-r=0.49-ru=10/config-937.txt.gz,1.1,0.12,51.0
SRRW-MARCELO-L=130-N=280112-phi=0.12-alpha=1.1-bmax=20-r=0.49-ru=10/config-938.txt.gz,1.1,0.12,56.0
SRRW-MARCELO-L=130-N=280112-phi=0.12-alpha=1.1-bmax=20-r=0.49-ru=10/config-939.txt.gz,1.1,0.12,47.0
SRRW-MARCELO-L=130-N=280112-phi=0.12-alpha=1.1-bmax=20-r=0.49-ru=10/config-94.txt.gz,1.1,0.12,72.0
SRRW-MARCELO-L=130-N=280112-phi=0.12-alpha=1.1-bmax=20-r=0.49-ru=10/config-940.txt.gz,1.1,0.12,50.0
SRRW-MARCELO-L=130-N=280112-phi=0.12-alpha=1.1-bmax=20-r=0.49-ru=10/config-941.txt.gz,1.1,0.12,55.0
SRRW-MARCELO-L=130-N=280112-phi=0.12-alpha=1.1-bmax=20-r=0.49-ru=10/config-942.txt.gz,1.1,0.12,60.0
SRRW-MARCELO-L=130-N=280112-phi=0.12-alpha=1.1-bmax=20-r=0.49-ru=10/config-943.txt.gz,1.1,0.12,71.0
SRRW-MARCELO-L=130-N=280112-phi=0.12-alpha=1.1-bmax=20-r=0.49-ru=10/config-944.txt.gz,1.1,0.12,52.0
SRRW-MARCELO-L=130-N=280112-phi=0.12-alpha=1.1-bmax=20-r=0.49-ru=10/config-945.txt.gz,1.1,0.12,49.0
SRRW-MARCELO-L=130-N=280112-phi=0.12-alpha=1.1-bmax=20-r=0.49-ru=10/config-946.txt.gz,1.1,0.12,69.0
SRRW-MARCELO-L=130-N=280112-phi=0.12-alpha=1.1-bmax=20-r=0.49-ru=10/config-947.txt.gz,1.1,0.12,63.0
SRRW-MARCELO-L=130-N=280112-phi=0.12-alpha=1.1-bmax=20-r=0.49-ru=10/config-948.txt.gz,1.1,0.12,55.0
SRRW-MARCELO-L=130-N=280112-phi=0.12-alpha=1.1-bmax=20-r=0.49-ru=10/config-949.txt.gz,1.1,0.12,70.0
SRRW-MARCELO-L=130-N=280112-phi=0.12-alpha=1.1-bmax=20-r=0.49-ru=10/config-95.txt.gz,1.1,0.12,67.0
SRRW-MARCELO-L=130-N=280112-phi=0.12-alpha=1.1-bmax=20-r=0.49-ru=10/config-950.txt.gz,1.1,0.12,66.0
SRRW-MARCELO-L=130-N=280112-phi=0.12-alpha=1.1-bmax=20-r=0.49-ru=10/config-951.txt.gz,1.1,0.12,60.0
SRRW-MARCELO-L=130-N=280112-phi=0.12-alpha=1.1-bmax=20-r=0.49-ru=10/config-952.txt.gz,1.1,0.12,60.0
SRRW-MARCELO-L=130-N=280112-phi=0.12-alpha=1.1-bmax=20-r=0.49-ru=10/config-953.txt.gz,1.1,0.12,59.0
SRRW-MARCELO-L=130-N=280112-phi=0.12-alpha=1.1-bmax=20-r=0.49-ru=10/config-954.txt.gz,1.1,0.12,60.0
SRRW-MARCELO-L=130-N=280112-phi=0.12-alpha=1.1-bmax=20-r=0.49-ru=10/config-955.txt.gz,1.1,0.12,68.0
SRRW-MARCELO-L=130-N=280112-phi=0.12-alpha=1.1-bmax=20-r=0.49-ru=10/config-956.txt.gz,1.1,0.12,73.0
SRRW-MARCELO-L=130-N=280112-phi=0.12-alpha=1.1-bmax=20-r=0.49-ru=10/config-957.txt.gz,1.1,0.12,57.0
SRRW-MARCELO-L=130-N=280112-phi=0.12-alpha=1.1-bmax=20-r=0.49-ru=10/config-958.txt.gz,1.1,0.12,66.0
SRRW-MARCELO-L=130-N=280112-phi=0.12-alpha=1.1-bmax=20-r=0.49-ru=10/config-959.txt.gz,1.1,0.12,65.0
SRRW-MARCELO-L=130-N=280112-phi=0.12-alpha=1.1-bmax=20-r=0.49-ru=10/config-96.txt.gz,1.1,0.12,68.0
SRRW-MARCELO-L=130-N=280112-phi=0.12-alpha=1.1-bmax=20-r=0.49-ru=10/config-960.txt.gz,1.1,0.12,52.0
SRRW-MARCELO-L=130-N=280112-phi=0.12-alpha=1.1-bmax=20-r=0.49-ru=10/config-961.txt.gz,1.1,0.12,55.0
SRRW-MARCELO-L=130-N=280112-phi=0.12-alpha=1.1-bmax=20-r=0.49-ru=10/config-962.txt.gz,1.1,0.12,63.0
SRRW-MARCELO-L=130-N=280112-phi=0.12-alpha=1.1-bmax=20-r=0.49-ru=10/config-963.txt.gz,1.1,0.12,66.0
SRRW-MARCELO-L=130-N=280112-phi=0.12-alpha=1.1-bmax=20-r=0.49-ru=10/config-964.txt.gz,1.1,0.12,60.0
SRRW-MARCELO-L=130-N=280112-phi=0.12-alpha=1.1-bmax=20-r=0.49-ru=10/config-965.txt.gz,1.1,0.12,63.0
SRRW-MARCELO-L=130-N=280112-phi=0.12-alpha=1.1-bmax=20-r=0.49-ru=10/config-966.txt.gz,1.1,0.12,63.0
SRRW-MARCELO-L=130-N=280112-phi=0.12-alpha=1.1-bmax=20-r=0.49-ru=10/config-967.txt.gz,1.1,0.12,56.0
SRRW-MARCELO-L=130-N=280112-phi=0.12-alpha=1.1-bmax=20-r=0.49-ru=10/config-968.txt.gz,1.1,0.12,57.0
SRRW-MARCELO-L=130-N=280112-phi=0.12-alpha=1.1-bmax=20-r=0.49-ru=10/config-969.txt.gz,1.1,0.12,61.0
SRRW-MARCELO-L=130-N=280112-phi=0.12-alpha=1.1-bmax=20-r=0.49-ru=10/config-97.txt.gz,1.1,0.12,54.0
SRRW-MARCELO-L=130-N=280112-phi=0.12-alpha=1.1-bmax=20-r=0.49-ru=10/config-970.txt.gz,1.1,0.12,63.0
SRRW-MARCELO-L=130-N=280112-phi=0.12-alpha=1.1-bmax=20-r=0.49-ru=10/config-971.txt.gz,1.1,0.12,72.0
SRRW-MARCELO-L=130-N=280112-phi=0.12-alpha=1.1-bmax=20-r=0.49-ru=10/config-972.txt.gz,1.1,0.12,68.0
SRRW-MARCELO-L=130-N=280112-phi=0.12-alpha=1.1-bmax=20-r=0.49-ru=10/config-973.txt.gz,1.1,0.12,64.0
SRRW-MARCELO-L=130-N=280112-phi=0.12-alpha=1.1-bmax=20-r=0.49-ru=10/config-974.txt.gz,1.1,0.12,59.0
SRRW-MARCELO-L=130-N=280112-phi=0.12-alpha=1.1-bmax=20-r=0.49-ru=10/config-975.txt.gz,1.1,0.12,78.0
SRRW-MARCELO-L=130-N=280112-phi=0.12-alpha=1.1-bmax=20-r=0.49-ru=10/config-976.txt.gz,1.1,0.12,67.0
SRRW-MARCELO-L=130-N=280112-phi=0.12-alpha=1.1-bmax=20-r=0.49-ru=10/config-977.txt.gz,1.1,0.12,60.0
SRRW-MARCELO-L=130-N=280112-phi=0.12-alpha=1.1-bmax=20-r=0.49-ru=10/config-978.txt.gz,1.1,0.12,60.0
SRRW-MARCELO-L=130-N=280112-phi=0.12-alpha=1.1-bmax=20-r=0.49-ru=10/config-979.txt.gz,1.1,0.12,55.0
SRRW-MARCELO-L=130-N=280112-phi=0.12-alpha=1.1-bmax=20-r=0.49-ru=10/config-98.txt.gz,1.1,0.12,62.0
SRRW-MARCELO-L=130-N=280112-phi=0.12-alpha=1.1-bmax=20-r=0.49-ru=10/config-980.txt.gz,1.1,0.12,58.0
SRRW-MARCELO-L=130-N=280112-phi=0.12-alpha=1.1-bmax=20-r=0.49-ru=10/config-981.txt.gz,1.1,0.12,61.0
SRRW-MARCELO-L=130-N=280112-phi=0.12-alpha=1.1-bmax=20-r=0.49-ru=10/config-982.txt.gz,1.1,0.12,77.0
SRRW-MARCELO-L=130-N=280112-phi=0.12-alpha=1.1-bmax=20-r=0.49-ru=10/config-983.txt.gz,1.1,0.12,83.0
SRRW-MARCELO-L=130-N=280112-phi=0.12-alpha=1.1-bmax=20-r=0.49-ru=10/config-984.txt.gz,1.1,0.12,71.0
SRRW-MARCELO-L=130-N=280112-phi=0.12-alpha=1.1-bmax=20-r=0.49-ru=10/config-985.txt.gz,1.1,0.12,75.0
SRRW-MARCELO-L=130-N=280112-phi=0.12-alpha=1.1-bmax=20-r=0.49-ru=10/config-986.txt.gz,1.1,0.12,79.0
SRRW-MARCELO-L=130-N=280112-phi=0.12-alpha=1.1-bmax=20-r=0.49-ru=10/config-987.txt.gz,1.1,0.12,58.0
SRRW-MARCELO-L=130-N=280112-phi=0.12-alpha=1.1-bmax=20-r=0.49-ru=10/config-988.txt.gz,1.1,0.12,68.0
SRRW-MARCELO-L=130-N=280112-phi=0.12-alpha=1.1-bmax=20-r=0.49-ru=10/config-989.txt.gz,1.1,0.12,63.0
SRRW-MARCELO-L=130-N=280112-phi=0.12-alpha=1.1-bmax=20-r=0.49-ru=10/config-99.txt.gz,1.1,0.12,52.0
SRRW-MARCELO-L=130-N=280112-phi=0.12-alpha=1.1-bmax=20-r=0.49-ru=10/config-990.txt.gz,1.1,0.12,67.0
SRRW-MARCELO-L=130-N=280112-phi=0.12-alpha=1.1-bmax=20-r=0.49-ru=10/config-991.txt.gz,1.1,0.12,55.0
SRRW-MARCELO-L=130-N=280112-phi=0.12-alpha=1.1-bmax=20-r=0.49-ru=10/config-992.txt.gz,1.1,0.12,68.0
SRRW-MARCELO-L=130-N=280112-phi=0.12-alpha=1.1-bmax=20-r=0.49-ru=10/config-993.txt.gz,1.1,0.12,79.0
SRRW-MARCELO-L=130-N=280112-phi=0.12-alpha=1.1-bmax=20-r=0.49-ru=10/config-994.txt.gz,1.1,0.12,60.0
SRRW-MARCELO-L=130-N=280112-phi=0.12-alpha=1.1-bmax=20-r=0.49-ru=10/config-995.txt.gz,1.1,0.12,72.0
SRRW-MARCELO-L=130-N=280112-phi=0.12-alpha=1.1-bmax=20-r=0.49-ru=10/config-996.txt.gz,1.1,0.12,88.0
SRRW-MARCELO-L=130-N=280112-phi=0.12-alpha=1.1-bmax=20-r=0.49-ru=10/config-997.txt.gz,1.1,0.12,61.0
SRRW-MARCELO-L=130-N=280112-phi=0.12-alpha=1.1-bmax=20-r=0.49-ru=10/config-998.txt.gz,1.1,0.12,53.0
SRRW-MARCELO-L=130-N=280112-phi=0.12-alpha=1.1-bmax=20-r=0.49-ru=10/config-999.txt.gz,1.1,0.12,63.0
SRRW-MARCELO-L=130-N=280112-phi=0.12-alpha=1.15-bmax=20-r=0.49-ru=10/config-189.txt.gz,1.15,0.12,78.0
SRRW-MARCELO-L=130-N=280112-phi=0.12-alpha=1.15-bmax=20-r=0.49-ru=10/config-19.txt.gz,1.15,0.12,57.0
SRRW-MARCELO-L=130-N=280112-phi=0.12-alpha=1.15-bmax=20-r=0.49-ru=10/config-190.txt.gz,1.15,0.12,71.0
SRRW-MARCELO-L=130-N=280112-phi=0.12-alpha=1.15-bmax=20-r=0.49-ru=10/config-191.txt.gz,1.15,0.12,78.0
SRRW-MARCELO-L=130-N=280112-phi=0.12-alpha=1.15-bmax=20-r=0.49-ru=10/config-192.txt.gz,1.15,0.12,85.0
SRRW-MARCELO-L=130-N=280112-phi=0.12-alpha=1.15-bmax=20-r=0.49-ru=10/config-193.txt.gz,1.15,0.12,64.0
SRRW-MARCELO-L=130-N=280112-phi=0.12-alpha=1.15-bmax=20-r=0.49-ru=10/config-194.txt.gz,1.15,0.12,75.0
SRRW-MARCELO-L=130-N=280112-phi=0.12-alpha=1.15-bmax=20-r=0.49-ru=10/config-195.txt.gz,1.15,0.12,82.0
SRRW-MARCELO-L=130-N=280112-phi=0.12-alpha=1.15-bmax=20-r=0.49-ru=10/config-196.txt.gz,1.15,0.12,65.0
SRRW-MARCELO-L=130-N=280112-phi=0.12-alpha=1.15-bmax=20-r=0.49-ru=10/config-197.txt.gz,1.15,0.12,71.0
SRRW-MARCELO-L=130-N=280112-phi=0.12-alpha=1.15-bmax=20-r=0.49-ru=10/config-198.txt.gz,1.15,0.12,63.0
SRRW-MARCELO-L=130-N=280112-phi=0.12-alpha=1.15-bmax=20-r=0.49-ru=10/config-199.txt.gz,1.15,0.12,75.0
SRRW-MARCELO-L=130-N=280112-phi=0.12-alpha=1.15-bmax=20-r=0.49-ru=10/config-2.txt.gz,1.15,0.12,50.0
SRRW-MARCELO-L=130-N=280112-phi=0.12-alpha=1.15-bmax=20-r=0.49-ru=10/config-20.txt.gz,1.15,0.12,75.0
SRRW-MARCELO-L=130-N=280112-phi=0.12-alpha=1.15-bmax=20-r=0.49-ru=10/config-200.txt.gz,1.15,0.12,66.0
SRRW-MARCELO-L=130-N=280112-phi=0.12-alpha=1.15-bmax=20-r=0.49-ru=10/config-201.txt.gz,1.15,0.12,57.0
SRRW-MARCELO-L=130-N=280112-phi=0.12-alpha=1.15-bmax=20-r=0.49-ru=10/config-202.txt.gz,1.15,0.12,75.0
SRRW-MARCELO-L=130-N=280112-phi=0.12-alpha=1.15-bmax=20-r=0.49-ru=10/config-203.txt.gz,1.15,0.12,80.0
SRRW-MARCELO-L=130-N=280112-phi=0.12-alpha=1.15-bmax=20-r=0.49-ru=10/config-204.txt.gz,1.15,0.12,65.0
SRRW-MARCELO-L=130-N=280112-phi=0.12-alpha=1.15-bmax=20-r=0.49-ru=10/config-205.txt.gz,1.15,0.12,69.0
SRRW-MARCELO-L=130-N=280112-phi=0.12-alpha=1.15-bmax=20-r=0.49-ru=10/config-206.txt.gz,1.15,0.12,86.0
SRRW-MARCELO-L=130-N=280112-phi=0.12-alpha=1.15-bmax=20-r=0.49-ru=10/config-207.txt.gz,1.15,0.12,53.0
SRRW-MARCELO-L=130-N=280112-phi=0.12-alpha=1.15-bmax=20-r=0.49-ru=10/config-208.txt.gz,1.15,0.12,74.0
SRRW-MARCELO-L=130-N=280112-phi=0.12-alpha=1.15-bmax=20-r=0.49-ru=10/config-209.txt.gz,1.15,0.12,62.0
SRRW-MARCELO-L=130-N=280112-phi=0.12-alpha=1.15-bmax=20-r=0.49-ru=10/config-21.txt.gz,1.15,0.12,66.0
SRRW-MARCELO-L=130-N=280112-phi=0.12-alpha=1.15-bmax=20-r=0.49-ru=10/config-210.txt.gz,1.15,0.12,74.0
SRRW-MARCELO-L=130-N=280112-phi=0.12-alpha=1.15-bmax=20-r=0.49-ru=10/config-211.txt.gz,1.15,0.12,76.0
SRRW-MARCELO-L=130-N=280112-phi=0.12-alpha=1.15-bmax=20-r=0.49-ru=10/config-212.txt.gz,1.15,0.12,84.0
SRRW-MARCELO-L=130-N=280112-phi=0.12-alpha=1.15-bmax=20-r=0.49-ru=10/config-213.txt.gz,1.15,0.12,81.0
SRRW-MARCELO-L=130-N=280112-phi=0.12-alpha=1.15-bmax=20-r=0.49-ru=10/config-214.txt.gz,1.15,0.12,77.0
SRRW-MARCELO-L=130-N=280112-phi=0.12-alpha=1.15-bmax=20-r=0.49-ru=10/config-215.txt.gz,1.15,0.12,63.0
SRRW-MARCELO-L=130-N=280112-phi=0.12-alpha=1.15-bmax=20-r=0.49-ru=10/config-216.txt.gz,1.15,0.12,56.0
SRRW-MARCELO-L=130-N=280112-phi=0.12-alpha=1.15-bmax=20-r=0.49-ru=10/config-217.txt.gz,1.15,0.12,47.0
SRRW-MARCELO-L=130-N=280112-phi=0.12-alpha=1.15-bmax=20-r=0.49-ru=10/config-218.txt.gz,1.15,0.12,54.0
SRRW-MARCELO-L=130-N=280112-phi=0.12-alpha=1.15-bmax=20-r=0.49-ru=10/config-219.txt.gz,1.15,0.12,66.0
SRRW-MARCELO-L=130-N=280112-phi=0.12-alpha=1.15-bmax=20-r=0.49-ru=10/config-22.txt.gz,1.15,0.12,61.0
SRRW-MARCELO-L=130-N=280112-phi=0.12-alpha=1.15-bmax=20-r=0.49-ru=10/config-220.txt.gz,1.15,0.12,72.0
SRRW-MARCELO-L=130-N=280112-phi=0.12-alpha=1.15-bmax=20-r=0.49-ru=10/config-221.txt.gz,1.15,0.12,48.0
SRRW-MARCELO-L=130-N=280112-phi=0.12-alpha=1.15-bmax=20-r=0.49-ru=10/config-222.txt.gz,1.15,0.12,61.0
SRRW-MARCELO-L=130-N=280112-phi=0.12-alpha=1.15-bmax=20-r=0.49-ru=10/config-223.txt.gz,1.15,0.12,69.0
SRRW-MARCELO-L=130-N=280112-phi=0.12-alpha=1.15-bmax=20-r=0.49-ru=10/config-224.txt.gz,1.15,0.12,67.0
SRRW-MARCELO-L=130-N=280112-phi=0.12-alpha=1.15-bmax=20-r=0.49-ru=10/config-225.txt.gz,1.15,0.12,67.0
SRRW-MARCELO-L=130-N=280112-phi=0.12-alpha=1.15-bmax=20-r=0.49-ru=10/config-226.txt.gz,1.15,0.12,64.0
SRRW-MARCELO-L=130-N=280112-phi=0.12-alpha=1.15-bmax=20-r=0.49-ru=10/config-227.txt.gz,1.15,0.12,73.0
SRRW-MARCELO-L=130-N=280112-phi=0.12-alpha=1.15-bmax=20-r=0.49-ru=10/config-228.txt.gz,1.15,0.12,60.0
SRRW-MARCELO-L=130-N=280112-phi=0.12-alpha=1.15-bmax=20-r=0.49-ru=10/config-229.txt.gz,1.15,0.12,66.0
SRRW-MARCELO-L=130-N=280112-phi=0.12-alpha=1.15-bmax=20-r=0.49-ru=10/config-23.txt.gz,1.15,0.12,60.0
SRRW-MARCELO-L=130-N=280112-phi=0.12-alpha=1.15-bmax=20-r=0.49-ru=10/config-230.txt.gz,1.15,0.12,70.0
SRRW-MARCELO-L=130-N=280112-phi=0.12-alpha=1.15-bmax=20-r=0.49-ru=10/config-231.txt.gz,1.15,0.12,64.0
SRRW-MARCELO-L=130-N=280112-phi=0.12-alpha=1.15-bmax=20-r=0.49-ru=10/config-232.txt.gz,1.15,0.12,79.0
SRRW-MARCELO-L=130-N=280112-phi=0.12-alpha=1.15-bmax=20-r=0.49-ru=10/config-233.txt.gz,1.15,0.12,75.0
SRRW-MARCELO-L=130-N=280112-phi=0.12-alpha=1.15-bmax=20-r=0.49-ru=10/config-234.txt.gz,1.15,0.12,68.0
SRRW-MARCELO-L=130-N=280112-phi=0.12-alpha=1.15-bmax=20-r=0.49-ru=10/config-235.txt.gz,1.15,0.12,74.0
SRRW-MARCELO-L=130-N=280112-phi=0.12-alpha=1.15-bmax=20-r=0.49-ru=10/config-236.txt.gz,1.15,0.12,67.0
SRRW-MARCELO-L=130-N=280112-phi=0.12-alpha=1.15-bmax=20-r=0.49-ru=10/config-237.txt.gz,1.15,0.12,61.0
SRRW-MARCELO-L=130-N=280112-phi=0.12-alpha=1.15-bmax=20-r=0.49-ru=10/config-238.txt.gz,1.15,0.12,65.0
SRRW-MARCELO-L=130-N=280112-phi=0.12-alpha=1.15-bmax=20-r=0.49-ru=10/config-239.txt.gz,1.15,0.12,65.0
SRRW-MARCELO-L=130-N=280112-phi=0.12-alpha=1.15-bmax=20-r=0.49-ru=10/config-24.txt.gz,1.15,0.12,67.0
SRRW-MARCELO-L=130-N=280112-phi=0.12-alpha=1.15-bmax=20-r=0.49-ru=10/config-240.txt.gz,1.15,0.12,75.0
SRRW-MARCELO-L=130-N=280112-phi=0.12-alpha=1.15-bmax=20-r=0.49-ru=10/config-241.txt.gz,1.15,0.12,82.0
SRRW-MARCELO-L=130-N=280112-phi=0.12-alpha=1.15-bmax=20-r=0.49-ru=10/config-242.txt.gz,1.15,0.12,77.0
SRRW-MARCELO-L=130-N=280112-phi=0.12-alpha=1.15-bmax=20-r=0.49-ru=10/config-243.txt.gz,1.15,0.12,77.0
SRRW-MARCELO-L=130-N=280112-phi=0.12-alpha=1.15-bmax=20-r=0.49-ru=10/config-244.txt.gz,1.15,0.12,71.0
SRRW-MARCELO-L=130-N=280112-phi=0.12-alpha=1.15-bmax=20-r=0.49-ru=10/config-245.txt.gz,1.15,0.12,75.0
SRRW-MARCELO-L=130-N=280112-phi=0.12-alpha=1.15-bmax=20-r=0.49-ru=10/config-246.txt.gz,1.15,0.12,59.0
SRRW-MARCELO-L=130-N=280112-phi=0.12-alpha=1.15-bmax=20-r=0.49-ru=10/config-247.txt.gz,1.15,0.12,65.0
SRRW-MARCELO-L=130-N=280112-phi=0.12-alpha=1.15-bmax=20-r=0.49-ru=10/config-248.txt.gz,1.15,0.12,75.0
SRRW-MARCELO-L=130-N=280112-phi=0.12-alpha=1.15-bmax=20-r=0.49-ru=10/config-249.txt.gz,1.15,0.12,82.0
SRRW-MARCELO-L=130-N=280112-phi=0.12-alpha=1.15-bmax=20-r=0.49-ru=10/config-25.txt.gz,1.15,0.12,59.0
SRRW-MARCELO-L=130-N=280112-phi=0.12-alpha=1.15-bmax=20-r=0.49-ru=10/config-250.txt.gz,1.15,0.12,66.0
SRRW-MARCELO-L=130-N=280112-phi=0.12-alpha=1.15-bmax=20-r=0.49-ru=10/config-251.txt.gz,1.15,0.12,45.0
SRRW-MARCELO-L=130-N=280112-phi=0.12-alpha=1.15-bmax=20-r=0.49-ru=10/config-252.txt.gz,1.15,0.12,61.0
SRRW-MARCELO-L=130-N=280112-phi=0.12-alpha=1.15-bmax=20-r=0.49-ru=10/config-253.txt.gz,1.15,0.12,78.0
SRRW-MARCELO-L=130-N=280112-phi=0.12-alpha=1.15-bmax=20-r=0.49-ru=10/config-254.txt.gz,1.15,0.12,65.0
SRRW-MARCELO-L=130-N=280112-phi=0.12-alpha=1.15-bmax=20-r=0.49-ru=10/config-255.txt.gz,1.15,0.12,67.0
SRRW-MARCELO-L=130-N=280112-phi=0.12-alpha=1.15-bmax=20-r=0.49-ru=10/config-256.txt.gz,1.15,0.12,79.0
SRRW-MARCELO-L=130-N=280112-phi=0.12-alpha=1.15-bmax=20-r=0.49-ru=10/config-257.txt.gz,1.15,0.12,75.0
SRRW-MARCELO-L=130-N=280112-phi=0.12-alpha=1.15-bmax=20-r=0.49-ru=10/config-258.txt.gz,1.15,0.12,78.0
SRRW-MARCELO-L=130-N=280112-phi=0.12-alpha=1.15-bmax=20-r=0.49-ru=10/config-259.txt.gz,1.15,0.12,66.0
SRRW-MARCELO-L=130-N=280112-phi=0.12-alpha=1.15-bmax=20-r=0.49-ru=10/config-26.txt.gz,1.15,0.12,61.0
SRRW-MARCELO-L=130-N=280112-phi=0.12-alpha=1.15-bmax=20-r=0.49-ru=10/config-260.txt.gz,1.15,0.12,76.0
SRRW-MARCELO-L=130-N=280112-phi=0.12-alpha=1.15-bmax=20-r=0.49-ru=10/config-261.txt.gz,1.15,0.12,74.0
SRRW-MARCELO-L=130-N=280112-phi=0.12-alpha=1.15-bmax=20-r=0.49-ru=10/config-262.txt.gz,1.15,0.12,67.0
SRRW-MARCELO-L=130-N=280112-phi=0.12-alpha=1.15-bmax=20-r=0.49-ru=10/config-263.txt.gz,1.15,0.12,70.0
SRRW-MARCELO-L=130-N=280112-phi=0.12-alpha=1.15-bmax=20-r=0.49-ru=10/config-264.txt.gz,1.15,0.12,72.0
SRRW-MARCELO-L=130-N=280112-phi=0.12-alpha=1.15-bmax=20-r=0.49-ru=10/config-265.txt.gz,1.15,0.12,68.0
SRRW-MARCELO-L=130-N=280112-phi=0.12-alpha=1.15-bmax=20-r=0.49-ru=10/config-266.txt.gz,1.15,0.12,64.0
SRRW-MARCELO-L=130-N=280112-phi=0.12-alpha=1.15-bmax=20-r=0.49-ru=10/config-267.txt.gz,1.15,0.12,66.0
SRRW-MARCELO-L=130-N=280112-phi=0.12-alpha=1.15-bmax=20-r=0.49-ru=10/config-268.txt.gz,1.15,0.12,69.0
SRRW-MARCELO-L=130-N=280112-phi=0.12-alpha=1.15-bmax=20-r=0.49-ru=10/config-269.txt.gz,1.15,0.12,60.0
SRRW-MARCELO-L=130-N=280112-phi=0.12-alpha=1.15-bmax=20-r=0.49-ru=10/config-27.txt.gz,1.15,0.12,81.0
SRRW-MARCELO-L=130-N=280112-phi=0.12-alpha=1.15-bmax=20-r=0.49-ru=10/config-270.txt.gz,1.15,0.12,69.0
SRRW-MARCELO-L=130-N=280112-phi=0.12-alpha=1.15-bmax=20-r=0.49-ru=10/config-271.txt.gz,1.15,0.12,70.0
SRRW-MARCELO-L=130-N=280112-phi=0.12-alpha=1.15-bmax=20-r=0.49-ru=10/config-272.txt.gz,1.15,0.12,85.0
SRRW-MARCELO-L=130-N=280112-phi=0.12-alpha=1.15-bmax=20-r=0.49-ru=10/config-273.txt.gz,1.15,0.12,50.0
SRRW-MARCELO-L=130-N=280112-phi=0.12-alpha=1.15-bmax=20-r=0.49-ru=10/config-274.txt.gz,1.15,0.12,81.0
SRRW-MARCELO-L=130-N=280112-phi=0.12-alpha=1.15-bmax=20-r=0.49-ru=10/config-275.txt.gz,1.15,0.12,71.0
SRRW-MARCELO-L=130-N=280112-phi=0.12-alpha=1.15-bmax=20-r=0.49-ru=10/config-276.txt.gz,1.15,0.12,75.0
SRRW-MARCELO-L=130-N=280112-phi=0.12-alpha=1.15-bmax=20-r=0.49-ru=10/config-277.txt.gz,1.15,0.12,83.0
SRRW-MARCELO-L=130-N=280112-phi=0.12-alpha=1.15-bmax=20-r=0.49-ru=10/config-278.txt.gz,1.15,0.12,73.0
SRRW-MARCELO-L=130-N=280112-phi=0.12-alpha=1.15-bmax=20-r=0.49-ru=10/config-279.txt.gz,1.15,0.12,66.0
SRRW-MARCELO-L=130-N=280112-phi=0.12-alpha=1.15-bmax=20-r=0.49-ru=10/config-28.txt.gz,1.15,0.12,84.0
SRRW-MARCELO-L=130-N=280112-phi=0.12-alpha=1.15-bmax=20-r=0.49-ru=10/config-280.txt.gz,1.15,0.12,79.0
SRRW-MARCELO-L=130-N=280112-phi=0.12-alpha=1.15-bmax=20-r=0.49-ru=10/config-281.txt.gz,1.15,0.12,64.0
SRRW-MARCELO-L=130-N=280112-phi=0.12-alpha=1.15-bmax=20-r=0.49-ru=10/config-282.txt.gz,1.15,0.12,77.0
SRRW-MARCELO-L=130-N=280112-phi=0.12-alpha=1.15-bmax=20-r=0.49-ru=10/config-283.txt.gz,1.15,0.12,69.0
SRRW-MARCELO-L=130-N=280112-phi=0.12-alpha=1.15-bmax=20-r=0.49-ru=10/config-284.txt.gz,1.15,0.12,76.0
SRRW-MARCELO-L=130-N=280112-phi=0.12-alpha=1.15-bmax=20-r=0.49-ru=10/config-285.txt.gz,1.15,0.12,65.0
SRRW-MARCELO-L=130-N=280112-phi=0.12-alpha=1.15-bmax=20-r=0.49-ru=10/config-286.txt.gz,1.15,0.12,71.0
SRRW-MARCELO-L=130-N=280112-phi=0.12-alpha=1.15-bmax=20-r=0.49-ru=10/config-287.txt.gz,1.15,0.12,71.0
SRRW-MARCELO-L=130-N=280112-phi=0.12-alpha=1.15-bmax=20-r=0.49-ru=10/config-288.txt.gz,1.15,0.12,72.0
SRRW-MARCELO-L=130-N=280112-phi=0.12-alpha=1.15-bmax=20-r=0.49-ru=10/config-289.txt.gz,1.15,0.12,65.0
SRRW-MARCELO-L=130-N=280112-phi=0.12-alpha=1.15-bmax=20-r=0.49-ru=10/config-29.txt.gz,1.15,0.12,88.0
SRRW-MARCELO-L=130-N=280112-phi=0.12-alpha=1.15-bmax=20-r=0.49-ru=10/config-290.txt.gz,1.15,0.12,64.0
SRRW-MARCELO-L=130-N=280112-phi=0.12-alpha=1.15-bmax=20-r=0.49-ru=10/config-291.txt.gz,1.15,0.12,61.0
SRRW-MARCELO-L=130-N=280112-phi=0.12-alpha=1.15-bmax=20-r=0.49-ru=10/config-292.txt.gz,1.15,0.12,75.0
SRRW-MARCELO-L=130-N=280112-phi=0.12-alpha=1.15-bmax=20-r=0.49-ru=10/config-293.txt.gz,1.15,0.12,81.0
SRRW-MARCELO-L=130-N=280112-phi=0.12-alpha=1.15-bmax=20-r=0.49-ru=10/config-294.txt.gz,1.15,0.12,67.0
SRRW-MARCELO-L=130-N=280112-phi=0.12-alpha=1.15-bmax=20-r=0.49-ru=10/config-295.txt.gz,1.15,0.12,77.0
SRRW-MARCELO-L=130-N=280112-phi=0.12-alpha=1.15-bmax=20-r=0.49-ru=10/config-296.txt.gz,1.15,0.12,76.0
SRRW-MARCELO-L=130-N=280112-phi=0.12-alpha=1.15-bmax=20-r=0.49-ru=10/config-297.txt.gz,1.15,0.12,72.0
SRRW-MARCELO-L=130-N=280112-phi=0.12-alpha=1.15-bmax=20-r=0.49-ru=10/config-298.txt.gz,1.15,0.12,78.0
SRRW-MARCELO-L=130-N=280112-phi=0.12-alpha=1.15-bmax=20-r=0.49-ru=10/config-299.txt.gz,1.15,0.12,69.0
SRRW-MARCELO-L=130-N=280112-phi=0.12-alpha=1.15-bmax=20-r=0.49-ru=10/config-3.txt.gz,1.15,0.12,64.0
SRRW-MARCELO-L=130-N=280112-phi=0.12-alpha=1.15-bmax=20-r=0.49-ru=10/config-30.txt.gz,1.15,0.12,84.0
SRRW-MARCELO-L=130-N=280112-phi=0.12-alpha=1.15-bmax=20-r=0.49-ru=10/config-300.txt.gz,1.15,0.12,59.0
SRRW-MARCELO-L=130-N=280112-phi=0.12-alpha=1.15-bmax=20-r=0.49-ru=10/config-301.txt.gz,1.15,0.12,66.0
SRRW-MARCELO-L=130-N=280112-phi=0.12-alpha=1.15-bmax=20-r=0.49-ru=10/config-302.txt.gz,1.15,0.12,51.0
SRRW-MARCELO-L=130-N=280112-phi=0.12-alpha=1.15-bmax=20-r=0.49-ru=10/config-303.txt.gz,1.15,0.12,57.0
SRRW-MARCELO-L=130-N=280112-phi=0.12-alpha=1.15-bmax=20-r=0.49-ru=10/config-304.txt.gz,1.15,0.12,75.0
SRRW-MARCELO-L=130-N=280112-phi=0.12-alpha=1.15-bmax=20-r=0.49-ru=10/config-305.txt.gz,1.15,0.12,76.0
SRRW-MARCELO-L=130-N=280112-phi=0.12-alpha=1.15-bmax=20-r=0.49-ru=10/config-306.txt.gz,1.15,0.12,82.0
SRRW-MARCELO-L=130-N=280112-phi=0.12-alpha=1.15-bmax=20-r=0.49-ru=10/config-307.txt.gz,1.15,0.12,81.0
SRRW-MARCELO-L=130-N=280112-phi=0.12-alpha=1.15-bmax=20-r=0.49-ru=10/config-308.txt.gz,1.15,0.12,73.0
SRRW-MARCELO-L=130-N=280112-phi=0.12-alpha=1.15-bmax=20-r=0.49-ru=10/config-309.txt.gz,1.15,0.12,57.0
SRRW-MARCELO-L=130-N=280112-phi=0.12-alpha=1.15-bmax=20-r=0.49-ru=10/config-31.txt.gz,1.15,0.12,78.0
SRRW-MARCELO-L=130-N=280112-phi=0.12-alpha=1.15-bmax=20-r=0.49-ru=10/config-310.txt.gz,1.15,0.12,65.0
SRRW-MARCELO-L=130-N=280112-phi=0.12-alpha=1.15-bmax=20-r=0.49-ru=10/config-311.txt.gz,1.15,0.12,77.0
SRRW-MARCELO-L=130-N=280112-phi=0.12-alpha=1.15-bmax=20-r=0.49-ru=10/config-312.txt.gz,1.15,0.12,66.0
SRRW-MARCELO-L=130-N=280112-phi=0.12-alpha=1.15-bmax=20-r=0.49-ru=10/config-313.txt.gz,1.15,0.12,66.0
SRRW-MARCELO-L=130-N=280112-phi=0.12-alpha=1.15-bmax=20-r=0.49-ru=10/config-314.txt.gz,1.15,0.12,66.0
SRRW-MARCELO-L=130-N=280112-phi=0.12-alpha=1.15-bmax=20-r=0.49-ru=10/config-315.txt.gz,1.15,0.12,70.0
SRRW-MARCELO-L=130-N=280112-phi=0.12-alpha=1.15-bmax=20-r=0.49-ru=10/config-316.txt.gz,1.15,0.12,68.0
SRRW-MARCELO-L=130-N=280112-phi=0.12-alpha=1.15-bmax=20-r=0.49-ru=10/config-317.txt.gz,1.15,0.12,84.0
SRRW-MARCELO-L=130-N=280112-phi=0.12-alpha=1.15-bmax=20-r=0.49-ru=10/config-318.txt.gz,1.15,0.12,49.0
SRRW-MARCELO-L=130-N=280112-phi=0.12-alpha=1.15-bmax=20-r=0.49-ru=10/config-319.txt.gz,1.15,0.12,70.0
SRRW-MARCELO-L=130-N=280112-phi=0.12-alpha=1.15-bmax=20-r=0.49-ru=10/config-32.txt.gz,1.15,0.12,69.0
SRRW-MARCELO-L=130-N=280112-phi=0.12-alpha=1.15-bmax=20-r=0.49-ru=10/config-320.txt.gz,1.15,0.12,71.0
SRRW-MARCELO-L=130-N=280112-phi=0.12-alpha=1.15-bmax=20-r=0.49-ru=10/config-321.txt.gz,1.15,0.12,51.0
SRRW-MARCELO-L=130-N=280112-phi=0.12-alpha=1.15-bmax=20-r=0.49-ru=10/config-322.txt.gz,1.15,0.12,64.0
SRRW-MARCELO-L=130-N=280112-phi=0.12-alpha=1.15-bmax=20-r=0.49-ru=10/config-323.txt.gz,1.15,0.12,79.0
SRRW-MARCELO-L=130-N=280112-phi=0.12-alpha=1.15-bmax=20-r=0.49-ru=10/config-324.txt.gz,1.15,0.12,73.0
SRRW-MARCELO-L=130-N=280112-phi=0.12-alpha=1.15-bmax=20-r=0.49-ru=10/config-325.txt.gz,1.15,0.12,72.0
SRRW-MARCELO-L=130-N=280112-phi=0.12-alpha=1.15-bmax=20-r=0.49-ru=10/config-326.txt.gz,1.15,0.12,79.0
SRRW-MARCELO-L=130-N=280112-phi=0.12-alpha=1.15-bmax=20-r=0.49-ru=10/config-327.txt.gz,1.15,0.12,57.0
SRRW-MARCELO-L=130-N=280112-phi=0.12-alpha=1.15-bmax=20-r=0.49-ru=10/config-328.txt.gz,1.15,0.12,67.0
SRRW-MARCELO-L=130-N=280112-phi=0.12-alpha=1.15-bmax=20-r=0.49-ru=10/config-329.txt.gz,1.15,0.12,74.0
SRRW-MARCELO-L=130-N=280112-phi=0.12-alpha=1.15-bmax=20-r=0.49-ru=10/config-33.txt.gz,1.15,0.12,61.0
SRRW-MARCELO-L=130-N=280112-phi=0.12-alpha=1.15-bmax=20-r=0.49-ru=10/config-330.txt.gz,1.15,0.12,64.0
SRRW-MARCELO-L=130-N=280112-phi=0.12-alpha=1.15-bmax=20-r=0.49-ru=10/config-331.txt.gz,1.15,0.12,61.0
SRRW-MARCELO-L=130-N=280112-phi=0.12-alpha=1.15-bmax=20-r=0.49-ru=10/config-332.txt.gz,1.15,0.12,75.0
SRRW-MARCELO-L=130-N=280112-phi=0.12-alpha=1.15-bmax=20-r=0.49-ru=10/config-333.txt.gz,1.15,0.12,67.0
SRRW-MARCELO-L=130-N=280112-phi=0.12-alpha=1.15-bmax=20-r=0.49-ru=10/config-334.txt.gz,1.15,0.12,67.0
SRRW-MARCELO-L=130-N=280112-phi=0.12-alpha=1.15-bmax=20-r=0.49-ru=10/config-335.txt.gz,1.15,0.12,73.0
SRRW-MARCELO-L=130-N=280112-phi=0.12-alpha=1.15-bmax=20-r=0.49-ru=10/config-336.txt.gz,1.15,0.12,62.0
SRRW-MARCELO-L=130-N=280112-phi=0.12-alpha=1.15-bmax=20-r=0.49-ru=10/config-337.txt.gz,1.15,0.12,58.0
SRRW-MARCELO-L=130-N=280112-phi=0.12-alpha=1.15-bmax=20-r=0.49-ru=10/config-338.txt.gz,1.15,0.12,77.0
SRRW-MARCELO-L=130-N=280112-phi=0.12-alpha=1.15-bmax=20-r=0.49-ru=10/config-339.txt.gz,1.15,0.12,66.0
SRRW-MARCELO-L=130-N=280112-phi=0.12-alpha=1.15-bmax=20-r=0.49-ru=10/config-34.txt.gz,1.15,0.12,71.0
SRRW-MARCELO-L=130-N=280112-phi=0.12-alpha=1.15-bmax=20-r=0.49-ru=10/config-340.txt.gz,1.15,0.12,72.0
SRRW-MARCELO-L=130-N=280112-phi=0.12-alpha=1.15-bmax=20-r=0.49-ru=10/config-341.txt.gz,1.15,0.12,74.0
SRRW-MARCELO-L=130-N=280112-phi=0.12-alpha=1.15-bmax=20-r=0.49-ru=10/config-342.txt.gz,1.15,0.12,67.0
SRRW-MARCELO-L=130-N=280112-phi=0.12-alpha=1.15-bmax=20-r=0.49-ru=10/config-343.txt.gz,1.15,0.12,83.0
SRRW-MARCELO-L=130-N=280112-phi=0.12-alpha=1.15-bmax=20-r=0.49-ru=10/config-344.txt.gz,1.15,0.12,77.0
SRRW-MARCELO-L=130-N=280112-phi=0.12-alpha=1.15-bmax=20-r=0.49-ru=10/config-345.txt.gz,1.15,0.12,44.0
SRRW-MARCELO-L=130-N=280112-phi=0.12-alpha=1.15-bmax=20-r=0.49-ru=10/config-346.txt.gz,1.15,0.12,78.0
SRRW-MARCELO-L=130-N=280112-phi=0.12-alpha=1.15-bmax=20-r=0.49-ru=10/config-347.txt.gz,1.15,0.12,66.0
SRRW-MARCELO-L=130-N=280112-phi=0.12-alpha=1.15-bmax=20-r=0.49-ru=10/config-348.txt.gz,1.15,0.12,79.0
SRRW-MARCELO-L=130-N=280112-phi=0.12-alpha=1.15-bmax=20-r=0.49-ru=10/config-349.txt.gz,1.15,0.12,65.0
SRRW-MARCELO-L=130-N=280112-phi=0.12-alpha=1.15-bmax=20-r=0.49-ru=10/config-35.txt.gz,1.15,0.12,65.0
SRRW-MARCELO-L=130-N=280112-phi=0.12-alpha=1.15-bmax=20-r=0.49-ru=10/config-350.txt.gz,1.15,0.12,52.0
SRRW-MARCELO-L=130-N=280112-phi=0.12-alpha=1.15-bmax=20-r=0.49-ru=10/config-351.txt.gz,1.15,0.12,48.0
SRRW-MARCELO-L=130-N=280112-phi=0.12-alpha=1.15-bmax=20-r=0.49-ru=10/config-352.txt.gz,1.15,0.12,88.0
SRRW-MARCELO-L=130-N=280112-phi=0.12-alpha=1.15-bmax=20-r=0.49-ru=10/config-353.txt.gz,1.15,0.12,78.0
SRRW-MARCELO-L=130-N=280112-phi=0.12-alpha=1.15-bmax=20-r=0.49-ru=10/config-354.txt.gz,1.15,0.12,82.0
SRRW-MARCELO-L=130-N=280112-phi=0.12-alpha=1.15-bmax=20-r=0.49-ru=10/config-355.txt.gz,1.15,0.12,77.0
SRRW-MARCELO-L=130-N=280112-phi=0.12-alpha=1.15-bmax=20-r=0.49-ru=10/config-356.txt.gz,1.15,0.12,75.0
SRRW-MARCELO-L=130-N=280112-phi=0.12-alpha=1.15-bmax=20-r=0.49-ru=10/config-357.txt.gz,1.15,0.12,75.0
SRRW-MARCELO-L=130-N=280112-phi=0.12-alpha=1.15-bmax=20-r=0.49-ru=10/config-358.txt.gz,1.15,0.12,72.0
SRRW-MARCELO-L=130-N=280112-phi=0.12-alpha=1.15-bmax=20-r=0.49-ru=10/config-359.txt.gz,1.15,0.12,65.0
SRRW-MARCELO-L=130-N=280112-phi=0.12-alpha=1.15-bmax=20-r=0.49-ru=10/config-36.txt.gz,1.15,0.12,77.0
SRRW-MARCELO-L=130-N=280112-phi=0.12-alpha=1.15-bmax=20-r=0.49-ru=10/config-360.txt.gz,1.15,0.12,74.0
SRRW-MARCELO-L=130-N=280112-phi=0.12-alpha=1.15-bmax=20-r=0.49-ru=10/config-361.txt.gz,1.15,0.12,67.0
SRRW-MARCELO-L=130-N=280112-phi=0.12-alpha=1.15-bmax=20-r=0.49-ru=10/config-362.txt.gz,1.15,0.12,68.0
SRRW-MARCELO-L=130-N=280112-phi=0.12-alpha=1.15-bmax=20-r=0.49-ru=10/config-363.txt.gz,1.15,0.12,60.0
SRRW-MARCELO-L=130-N=280112-phi=0.12-alpha=1.15-bmax=20-r=0.49-ru=10/config-364.txt.gz,1.15,0.12,54.0
SRRW-MARCELO-L=130-N=280112-phi=0.12-alpha=1.15-bmax=20-r=0.49-ru=10/config-365.txt.gz,1.15,0.12,75.0
SRRW-MARCELO-L=130-N=280112-phi=0.12-alpha=1.15-bmax=20-r=0.49-ru=10/config-366.txt.gz,1.15,0.12,65.0
SRRW-MARCELO-L=130-N=280112-phi=0.12-alpha=1.15-bmax=20-r=0.49-ru=10/config-367.txt.gz,1.15,0.12,62.0
SRRW-MARCELO-L=130-N=280112-phi=0.12-alpha=1.15-bmax=20-r=0.49-ru=10/config-368.txt.gz,1.15,0.12,75.0
SRRW-MARCELO-L=130-N=280112-phi=0.12-alpha=1.15-bmax=20-r=0.49-ru=10/config-369.txt.gz,1.15,0.12,86.0
SRRW-MARCELO-L=130-N=280112-phi=0.12-alpha=1.15-bmax=20-r=0.49-ru=10/config-37.txt.gz,1.15,0.12,71.0
SRRW-MARCELO-L=130-N=280112-phi=0.12-alpha=1.15-bmax=20-r=0.49-ru=10/config-370.txt.gz,1.15,0.12,69.0
SRRW-MARCELO-L=130-N=280112-phi=0.12-alpha=1.15-bmax=20-r=0.49-ru=10/config-371.txt.gz,1.15,0.12,63.0
SRRW-MARCELO-L=130-N=280112-phi=0.12-alpha=1.15-bmax=20-r=0.49-ru=10/config-372.txt.gz,1.15,0.12,59.0
SRRW-MARCELO-L=130-N=280112-phi=0.12-alpha=1.15-bmax=20-r=0.49-ru=10/config-373.txt.gz,1.15,0.12,71.0
SRRW-MARCELO-L=130-N=280112-phi=0.12-alpha=1.15-bmax=20-r=0.49-ru=10/config-374.txt.gz,1.15,0.12,65.0
SRRW-MARCELO-L=130-N=280112-phi=0.12-alpha=1.15-bmax=20-r=0.49-ru=10/config-375.txt.gz,1.15,0.12,68.0
SRRW-MARCELO-L=130-N=280112-phi=0.12-alpha=1.15-bmax=20-r=0.49-ru=10/config-376.txt.gz,1.15,0.12,68.0
SRRW-MARCELO-L=130-N=280112-phi=0.12-alpha=1.15-bmax=20-r=0.49-ru=10/config-377.txt.gz,1.15,0.12,70.0
SRRW-MARCELO-L=130-N=280112-phi=0.12-alpha=1.15-bmax=20-r=0.49-ru=10/config-378.txt.gz,1.15,0.12,61.0
SRRW-MARCELO-L=130-N=280112-phi=0.12-alpha=1.15-bmax=20-r=0.49-ru=10/config-379.txt.gz,1.15,0.12,73.0
SRRW-MARCELO-L=130-N=280112-phi=0.12-alpha=1.15-bmax=20-r=0.49-ru=10/config-38.txt.gz,1.15,0.12,65.0
SRRW-MARCELO-L=130-N=280112-phi=0.12-alpha=1.15-bmax=20-r=0.49-ru=10/config-380.txt.gz,1.15,0.12,75.0
SRRW-MARCELO-L=130-N=280112-phi=0.12-alpha=1.15-bmax=20-r=0.49-ru=10/config-381.txt.gz,1.15,0.12,64.0
SRRW-MARCELO-L=130-N=280112-phi=0.12-alpha=1.15-bmax=20-r=0.49-ru=10/config-382.txt.gz,1.15,0.12,75.0
SRRW-MARCELO-L=130-N=280112-phi=0.12-alpha=1.15-bmax=20-r=0.49-ru=10/config-383.txt.gz,1.15,0.12,78.0
SRRW-MARCELO-L=130-N=280112-phi=0.12-alpha=1.15-bmax=20-r=0.49-ru=10/config-384.txt.gz,1.15,0.12,72.0
SRRW-MARCELO-L=130-N=280112-phi=0.12-alpha=1.15-bmax=20-r=0.49-ru=10/config-385.txt.gz,1.15,0.12,57.0
SRRW-MARCELO-L=130-N=280112-phi=0.12-alpha=1.15-bmax=20-r=0.49-ru=10/config-386.txt.gz,1.15,0.12,70.0
SRRW-MARCELO-L=130-N=280112-phi=0.12-alpha=1.15-bmax=20-r=0.49-ru=10/config-387.txt.gz,1.15,0.12,73.0
SRRW-MARCELO-L=130-N=280112-phi=0.12-alpha=1.15-bmax=20-r=0.49-ru=10/config-388.txt.gz,1.15,0.12,73.0
SRRW-MARCELO-L=130-N=280112-phi=0.12-alpha=1.15-bmax=20-r=0.49-ru=10/config-389.txt.gz,1.15,0.12,78.0
SRRW-MARCELO-L=130-N=280112-phi=0.12-alpha=1.15-bmax=20-r=0.49-ru=10/config-39.txt.gz,1.15,0.12,80.0
SRRW-MARCELO-L=130-N=280112-phi=0.12-alpha=1.15-bmax=20-r=0.49-ru=10/config-390.txt.gz,1.15,0.12,68.0
SRRW-MARCELO-L=130-N=280112-phi=0.12-alpha=1.15-bmax=20-r=0.49-ru=10/config-391.txt.gz,1.15,0.12,99.0
SRRW-MARCELO-L=130-N=280112-phi=0.12-alpha=1.15-bmax=20-r=0.49-ru=10/config-392.txt.gz,1.15,0.12,86.0
SRRW-MARCELO-L=130-N=280112-phi=0.12-alpha=1.15-bmax=20-r=0.49-ru=10/config-393.txt.gz,1.15,0.12,69.0
SRRW-MARCELO-L=130-N=280112-phi=0.12-alpha=1.15-bmax=20-r=0.49-ru=10/config-394.txt.gz,1.15,0.12,61.0
SRRW-MARCELO-L=130-N=280112-phi=0.12-alpha=1.15-bmax=20-r=0.49-ru=10/config-395.txt.gz,1.15,0.12,65.0
SRRW-MARCELO-L=130-N=280112-phi=0.12-alpha=1.15-bmax=20-r=0.49-ru=10/config-396.txt.gz,1.15,0.12,59.0
SRRW-MARCELO-L=130-N=280112-phi=0.12-alpha=1.15-bmax=20-r=0.49-ru=10/config-397.txt.gz,1.15,0.12,73.0
SRRW-MARCELO-L=130-N=280112-phi=0.12-alpha=1.15-bmax=20-r=0.49-ru=10/config-398.txt.gz,1.15,0.12,73.0
SRRW-MARCELO-L=130-N=280112-phi=0.12-alpha=1.15-bmax=20-r=0.49-ru=10/config-399.txt.gz,1.15,0.12,71.0
SRRW-MARCELO-L=130-N=280112-phi=0.12-alpha=1.15-bmax=20-r=0.49-ru=10/config-4.txt.gz,1.15,0.12,79.0
SRRW-MARCELO-L=130-N=280112-phi=0.12-alpha=1.15-bmax=20-r=0.49-ru=10/config-40.txt.gz,1.15,0.12,74.0
SRRW-MARCELO-L=130-N=280112-phi=0.12-alpha=1.15-bmax=20-r=0.49-ru=10/config-400.txt.gz,1.15,0.12,64.0
SRRW-MARCELO-L=130-N=280112-phi=0.12-alpha=1.15-bmax=20-r=0.49-ru=10/config-401.txt.gz,1.15,0.12,59.0
SRRW-MARCELO-L=130-N=280112-phi=0.12-alpha=1.15-bmax=20-r=0.49-ru=10/config-402.txt.gz,1.15,0.12,88.0
SRRW-MARCELO-L=130-N=280112-phi=0.12-alpha=1.15-bmax=20-r=0.49-ru=10/config-403.txt.gz,1.15,0.12,63.0
SRRW-MARCELO-L=130-N=280112-phi=0.12-alpha=1.15-bmax=20-r=0.49-ru=10/config-404.txt.gz,1.15,0.12,69.0
SRRW-MARCELO-L=130-N=280112-phi=0.12-alpha=1.15-bmax=20-r=0.49-ru=10/config-405.txt.gz,1.15,0.12,69.0
SRRW-MARCELO-L=130-N=280112-phi=0.12-alpha=1.15-bmax=20-r=0.49-ru=10/config-406.txt.gz,1.15,0.12,74.0
SRRW-MARCELO-L=130-N=280112-phi=0.12-alpha=1.15-bmax=20-r=0.49-ru=10/config-407.txt.gz,1.15,0.12,61.0
SRRW-MARCELO-L=130-N=280112-phi=0.12-alpha=1.15-bmax=20-r=0.49-ru=10/config-408.txt.gz,1.15,0.12,76.0
SRRW-MARCELO-L=130-N=280112-phi=0.12-alpha=1.15-bmax=20-r=0.49-ru=10/config-409.txt.gz,1.15,0.12,60.0
SRRW-MARCELO-L=130-N=280112-phi=0.12-alpha=1.15-bmax=20-r=0.49-ru=10/config-41.txt.gz,1.15,0.12,88.0
SRRW-MARCELO-L=130-N=280112-phi=0.12-alpha=1.15-bmax=20-r=0.49-ru=10/config-410.txt.gz,1.15,0.12,59.0
SRRW-MARCELO-L=130-N=280112-phi=0.12-alpha=1.15-bmax=20-r=0.49-ru=10/config-411.txt.gz,1.15,0.12,66.0
SRRW-MARCELO-L=130-N=280112-phi=0.12-alpha=1.15-bmax=20-r=0.49-ru=10/config-412.txt.gz,1.15,0.12,67.0
SRRW-MARCELO-L=130-N=280112-phi=0.12-alpha=1.15-bmax=20-r=0.49-ru=10/config-413.txt.gz,1.15,0.12,78.0
SRRW-MARCELO-L=130-N=280112-phi=0.12-alpha=1.15-bmax=20-r=0.49-ru=10/config-414.txt.gz,1.15,0.12,81.0
SRRW-MARCELO-L=130-N=280112-phi=0.12-alpha=1.15-bmax=20-r=0.49-ru=10/config-415.txt.gz,1.15,0.12,79.0
SRRW-MARCELO-L=130-N=280112-phi=0.12-alpha=1.15-bmax=20-r=0.49-ru=10/config-416.txt.gz,1.15,0.12,68.0
SRRW-MARCELO-L=130-N=280112-phi=0.12-alpha=1.15-bmax=20-r=0.49-ru=10/config-417.txt.gz,1.15,0.12,80.0
SRRW-MARCELO-L=130-N=280112-phi=0.12-alpha=1.15-bmax=20-r=0.49-ru=10/config-418.txt.gz,1.15,0.12,70.0
SRRW-MARCELO-L=130-N=280112-phi=0.12-alpha=1.15-bmax=20-r=0.49-ru=10/config-419.txt.gz,1.15,0.12,71.0
SRRW-MARCELO-L=130-N=280112-phi=0.12-alpha=1.15-bmax=20-r=0.49-ru=10/config-42.txt.gz,1.15,0.12,66.0
SRRW-MARCELO-L=130-N=280112-phi=0.12-alpha=1.15-bmax=20-r=0.49-ru=10/config-420.txt.gz,1.15,0.12,69.0
SRRW-MARCELO-L=130-N=280112-phi=0.12-alpha=1.15-bmax=20-r=0.49-ru=10/config-421.txt.gz,1.15,0.12,81.0
SRRW-MARCELO-L=130-N=280112-phi=0.12-alpha=1.15-bmax=20-r=0.49-ru=10/config-422.txt.gz,1.15,0.12,73.0
SRRW-MARCELO-L=130-N=280112-phi=0.12-alpha=1.15-bmax=20-r=0.49-ru=10/config-423.txt.gz,1.15,0.12,77.0
SRRW-MARCELO-L=130-N=280112-phi=0.12-alpha=1.15-bmax=20-r=0.49-ru=10/config-424.txt.gz,1.15,0.12,85.0
SRRW-MARCELO-L=130-N=280112-phi=0.12-alpha=1.15-bmax=20-r=0.49-ru=10/config-425.txt.gz,1.15,0.12,83.0
SRRW-MARCELO-L=130-N=280112-phi=0.12-alpha=1.15-bmax=20-r=0.49-ru=10/config-426.txt.gz,1.15,0.12,77.0
SRRW-MARCELO-L=130-N=280112-phi=0.12-alpha=1.15-bmax=20-r=0.49-ru=10/config-427.txt.gz,1.15,0.12,57.0
SRRW-MARCELO-L=130-N=280112-phi=0.12-alpha=1.15-bmax=20-r=0.49-ru=10/config-428.txt.gz,1.15,0.12,52.0
SRRW-MARCELO-L=130-N=280112-phi=0.12-alpha=1.15-bmax=20-r=0.49-ru=10/config-429.txt.gz,1.15,0.12,83.0
SRRW-MARCELO-L=130-N=280112-phi=0.12-alpha=1.15-bmax=20-r=0.49-ru=10/config-43.txt.gz,1.15,0.12,54.0
SRRW-MARCELO-L=130-N=280112-phi=0.12-alpha=1.15-bmax=20-r=0.49-ru=10/config-430.txt.gz,1.15,0.12,84.0
SRRW-MARCELO-L=130-N=280112-phi=0.12-alpha=1.15-bmax=20-r=0.49-ru=10/config-431.txt.gz,1.15,0.12,69.0
SRRW-MARCELO-L=130-N=280112-phi=0.12-alpha=1.15-bmax=20-r=0.49-ru=10/config-432.txt.gz,1.15,0.12,70.0
SRRW-MARCELO-L=130-N=280112-phi=0.12-alpha=1.15-bmax=20-r=0.49-ru=10/config-433.txt.gz,1.15,0.12,64.0
SRRW-MARCELO-L=130-N=280112-phi=0.12-alpha=1.15-bmax=20-r=0.49-ru=10/config-434.txt.gz,1.15,0.12,48.0
SRRW-MARCELO-L=130-N=280112-phi=0.12-alpha=1.15-bmax=20-r=0.49-ru=10/config-435.txt.gz,1.15,0.12,73.0
SRRW-MARCELO-L=130-N=280112-phi=0.12-alpha=1.15-bmax=20-r=0.49-ru=10/config-436.txt.gz,1.15,0.12,74.0
SRRW-MARCELO-L=130-N=280112-phi=0.12-alpha=1.15-bmax=20-r=0.49-ru=10/config-437.txt.gz,1.15,0.12,58.0
SRRW-MARCELO-L=130-N=280112-phi=0.12-alpha=1.15-bmax=20-r=0.49-ru=10/config-438.txt.gz,1.15,0.12,60.0
SRRW-MARCELO-L=130-N=280112-phi=0.12-alpha=1.15-bmax=20-r=0.49-ru=10/config-439.txt.gz,1.15,0.12,76.0
SRRW-MARCELO-L=130-N=280112-phi=0.12-alpha=1.15-bmax=20-r=0.49-ru=10/config-44.txt.gz,1.15,0.12,63.0
SRRW-MARCELO-L=130-N=280112-phi=0.12-alpha=1.15-bmax=20-r=0.49-ru=10/config-440.txt.gz,1.15,0.12,64.0
SRRW-MARCELO-L=130-N=280112-phi=0.12-alpha=1.15-bmax=20-r=0.49-ru=10/config-441.txt.gz,1.15,0.12,70.0
SRRW-MARCELO-L=130-N=280112-phi=0.12-alpha=1.15-bmax=20-r=0.49-ru=10/config-442.txt.gz,1.15,0.12,80.0
SRRW-MARCELO-L=130-N=280112-phi=0.12-alpha=1.15-bmax=20-r=0.49-ru=10/config-443.txt.gz,1.15,0.12,69.0
SRRW-MARCELO-L=130-N=280112-phi=0.12-alpha=1.15-bmax=20-r=0.49-ru=10/config-444.txt.gz,1.15,0.12,58.0
SRRW-MARCELO-L=130-N=280112-phi=0.12-alpha=1.15-bmax=20-r=0.49-ru=10/config-445.txt.gz,1.15,0.12,78.0
SRRW-MARCELO-L=130-N=280112-phi=0.12-alpha=1.15-bmax=20-r=0.49-ru=10/config-446.txt.gz,1.15,0.12,64.0
SRRW-MARCELO-L=130-N=280112-phi=0.12-alpha=1.15-bmax=20-r=0.49-ru=10/config-447.txt.gz,1.15,0.12,59.0
SRRW-MARCELO-L=130-N=280112-phi=0.12-alpha=1.15-bmax=20-r=0.49-ru=10/config-448.txt.gz,1.15,0.12,72.0
SRRW-MARCELO-L=130-N=280112-phi=0.12-alpha=1.15-bmax=20-r=0.49-ru=10/config-449.txt.gz,1.15,0.12,50.0
SRRW-MARCELO-L=130-N=280112-phi=0.12-alpha=1.15-bmax=20-r=0.49-ru=10/config-45.txt.gz,1.15,0.12,75.0
SRRW-MARCELO-L=130-N=280112-phi=0.12-alpha=1.15-bmax=20-r=0.49-ru=10/config-450.txt.gz,1.15,0.12,81.0
SRRW-MARCELO-L=130-N=280112-phi=0.12-alpha=1.15-bmax=20-r=0.49-ru=10/config-451.txt.gz,1.15,0.12,63.0
SRRW-MARCELO-L=130-N=280112-phi=0.12-alpha=1.15-bmax=20-r=0.49-ru=10/config-452.txt.gz,1.15,0.12,75.0
SRRW-MARCELO-L=130-N=280112-phi=0.12-alpha=1.15-bmax=20-r=0.49-ru=10/config-453.txt.gz,1.15,0.12,61.0
SRRW-MARCELO-L=130-N=280112-phi=0.12-alpha=1.15-bmax=20-r=0.49-ru=10/config-454.txt.gz,1.15,0.12,80.0
SRRW-MARCELO-L=130-N=280112-phi=0.12-alpha=1.15-bmax=20-r=0.49-ru=10/config-455.txt.gz,1.15,0.12,70.0
SRRW-MARCELO-L=130-N=280112-phi=0.12-alpha=1.15-bmax=20-r=0.49-ru=10/config-456.txt.gz,1.15,0.12,78.0
SRRW-MARCELO-L=130-N=280112-phi=0.12-alpha=1.15-bmax=20-r=0.49-ru=10/config-457.txt.gz,1.15,0.12,64.0
SRRW-MARCELO-L=130-N=280112-phi=0.12-alpha=1.15-bmax=20-r=0.49-ru=10/config-458.txt.gz,1.15,0.12,72.0
SRRW-MARCELO-L=130-N=280112-phi=0.12-alpha=1.15-bmax=20-r=0.49-ru=10/config-459.txt.gz,1.15,0.12,78.0
SRRW-MARCELO-L=130-N=280112-phi=0.12-alpha=1.15-bmax=20-r=0.49-ru=10/config-46.txt.gz,1.15,0.12,62.0
SRRW-MARCELO-L=130-N=280112-phi=0.12-alpha=1.15-bmax=20-r=0.49-ru=10/config-460.txt.gz,1.15,0.12,66.0
SRRW-MARCELO-L=130-N=280112-phi=0.12-alpha=1.15-bmax=20-r=0.49-ru=10/config-461.txt.gz,1.15,0.12,75.0
SRRW-MARCELO-L=130-N=280112-phi=0.12-alpha=1.15-bmax=20-r=0.49-ru=10/config-462.txt.gz,1.15,0.12,89.0
SRRW-MARCELO-L=130-N=280112-phi=0.12-alpha=1.15-bmax=20-r=0.49-ru=10/config-463.txt.gz,1.15,0.12,63.0
SRRW-MARCELO-L=130-N=280112-phi=0.12-alpha=1.15-bmax=20-r=0.49-ru=10/config-464.txt.gz,1.15,0.12,65.0
SRRW-MARCELO-L=130-N=280112-phi=0.12-alpha=1.15-bmax=20-r=0.49-ru=10/config-465.txt.gz,1.15,0.12,83.0
SRRW-MARCELO-L=130-N=280112-phi=0.12-alpha=1.15-bmax=20-r=0.49-ru=10/config-466.txt.gz,1.15,0.12,71.0
SRRW-MARCELO-L=130-N=280112-phi=0.12-alpha=1.15-bmax=20-r=0.49-ru=10/config-467.txt.gz,1.15,0.12,55.0
SRRW-MARCELO-L=130-N=280112-phi=0.12-alpha=1.15-bmax=20-r=0.49-ru=10/config-468.txt.gz,1.15,0.12,70.0
SRRW-MARCELO-L=130-N=280112-phi=0.12-alpha=1.15-bmax=20-r=0.49-ru=10/config-469.txt.gz,1.15,0.12,64.0
SRRW-MARCELO-L=130-N=280112-phi=0.12-alpha=1.15-bmax=20-r=0.49-ru=10/config-47.txt.gz,1.15,0.12,64.0
SRRW-MARCELO-L=130-N=280112-phi=0.12-alpha=1.15-bmax=20-r=0.49-ru=10/config-470.txt.gz,1.15,0.12,65.0
SRRW-MARCELO-L=130-N=280112-phi=0.12-alpha=1.15-bmax=20-r=0.49-ru=10/config-471.txt.gz,1.15,0.12,70.0
SRRW-MARCELO-L=130-N=280112-phi=0.12-alpha=1.15-bmax=20-r=0.49-ru=10/config-472.txt.gz,1.15,0.12,82.0
SRRW-MARCELO-L=130-N=280112-phi=0.12-alpha=1.15-bmax=20-r=0.49-ru=10/config-473.txt.gz,1.15,0.12,70.0
SRRW-MARCELO-L=130-N=280112-phi=0.12-alpha=1.15-bmax=20-r=0.49-ru=10/config-474.txt.gz,1.15,0.12,39.0
SRRW-MARCELO-L=130-N=280112-phi=0.12-alpha=1.15-bmax=20-r=0.49-ru=10/config-475.txt.gz,1.15,0.12,78.0
SRRW-MARCELO-L=130-N=280112-phi=0.12-alpha=1.15-bmax=20-r=0.49-ru=10/config-476.txt.gz,1.15,0.12,59.0
SRRW-MARCELO-L=130-N=280112-phi=0.12-alpha=1.15-bmax=20-r=0.49-ru=10/config-477.txt.gz,1.15,0.12,63.0
SRRW-MARCELO-L=130-N=280112-phi=0.12-alpha=1.15-bmax=20-r=0.49-ru=10/config-478.txt.gz,1.15,0.12,88.0
SRRW-MARCELO-L=130-N=280112-phi=0.12-alpha=1.15-bmax=20-r=0.49-ru=10/config-479.txt.gz,1.15,0.12,80.0
SRRW-MARCELO-L=130-N=280112-phi=0.12-alpha=1.15-bmax=20-r=0.49-ru=10/config-48.txt.gz,1.15,0.12,72.0
SRRW-MARCELO-L=130-N=280112-phi=0.12-alpha=1.15-bmax=20-r=0.49-ru=10/config-480.txt.gz,1.15,0.12,57.0
SRRW-MARCELO-L=130-N=280112-phi=0.12-alpha=1.15-bmax=20-r=0.49-ru=10/config-481.txt.gz,1.15,0.12,84.0
SRRW-MARCELO-L=130-N=280112-phi=0.12-alpha=1.15-bmax=20-r=0.49-ru=10/config-482.txt.gz,1.15,0.12,78.0
SRRW-MARCELO-L=130-N=280112-phi=0.12-alpha=1.15-bmax=20-r=0.49-ru=10/config-483.txt.gz,1.15,0.12,63.0
SRRW-MARCELO-L=130-N=280112-phi=0.12-alpha=1.15-bmax=20-r=0.49-ru=10/config-484.txt.gz,1.15,0.12,80.0
SRRW-MARCELO-L=130-N=280112-phi=0.12-alpha=1.15-bmax=20-r=0.49-ru=10/config-485.txt.gz,1.15,0.12,66.0
SRRW-MARCELO-L=130-N=280112-phi=0.12-alpha=1.15-bmax=20-r=0.49-ru=10/config-486.txt.gz,1.15,0.12,55.0
SRRW-MARCELO-L=130-N=280112-phi=0.12-alpha=1.15-bmax=20-r=0.49-ru=10/config-487.txt.gz,1.15,0.12,74.0
SRRW-MARCELO-L=130-N=280112-phi=0.12-alpha=1.15-bmax=20-r=0.49-ru=10/config-488.txt.gz,1.15,0.12,82.0
SRRW-MARCELO-L=130-N=280112-phi=0.12-alpha=1.15-bmax=20-r=0.49-ru=10/config-489.txt.gz,1.15,0.12,65.0
SRRW-MARCELO-L=130-N=280112-phi=0.12-alpha=1.15-bmax=20-r=0.49-ru=10/config-49.txt.gz,1.15,0.12,52.0
SRRW-MARCELO-L=130-N=280112-phi=0.12-alpha=1.15-bmax=20-r=0.49-ru=10/config-490.txt.gz,1.15,0.12,78.0
SRRW-MARCELO-L=130-N=280112-phi=0.12-alpha=1.15-bmax=20-r=0.49-ru=10/config-491.txt.gz,1.15,0.12,94.0
SRRW-MARCELO-L=130-N=280112-phi=0.12-alpha=1.15-bmax=20-r=0.49-ru=10/config-492.txt.gz,1.15,0.12,62.0
SRRW-MARCELO-L=130-N=280112-phi=0.12-alpha=1.15-bmax=20-r=0.49-ru=10/config-493.txt.gz,1.15,0.12,75.0
SRRW-MARCELO-L=130-N=280112-phi=0.12-alpha=1.15-bmax=20-r=0.49-ru=10/config-494.txt.gz,1.15,0.12,71.0
SRRW-MARCELO-L=130-N=280112-phi=0.12-alpha=1.15-bmax=20-r=0.49-ru=10/config-495.txt.gz,1.15,0.12,76.0
SRRW-MARCELO-L=130-N=280112-phi=0.12-alpha=1.15-bmax=20-r=0.49-ru=10/config-496.txt.gz,1.15,0.12,55.0
SRRW-MARCELO-L=130-N=280112-phi=0.12-alpha=1.15-bmax=20-r=0.49-ru=10/config-497.txt.gz,1.15,0.12,67.0
SRRW-MARCELO-L=130-N=280112-phi=0.12-alpha=1.15-bmax=20-r=0.49-ru=10/config-498.txt.gz,1.15,0.12,72.0
SRRW-MARCELO-L=130-N=280112-phi=0.12-alpha=1.15-bmax=20-r=0.49-ru=10/config-499.txt.gz,1.15,0.12,67.0
SRRW-MARCELO-L=130-N=280112-phi=0.12-alpha=1.15-bmax=20-r=0.49-ru=10/config-5.txt.gz,1.15,0.12,68.0
SRRW-MARCELO-L=130-N=280112-phi=0.12-alpha=1.15-bmax=20-r=0.49-ru=10/config-50.txt.gz,1.15,0.12,62.0
SRRW-MARCELO-L=130-N=280112-phi=0.12-alpha=1.15-bmax=20-r=0.49-ru=10/config-500.txt.gz,1.15,0.12,76.0
SRRW-MARCELO-L=130-N=280112-phi=0.12-alpha=1.15-bmax=20-r=0.49-ru=10/config-501.txt.gz,1.15,0.12,61.0
SRRW-MARCELO-L=130-N=280112-phi=0.12-alpha=1.15-bmax=20-r=0.49-ru=10/config-502.txt.gz,1.15,0.12,78.0
SRRW-MARCELO-L=130-N=280112-phi=0.12-alpha=1.15-bmax=20-r=0.49-ru=10/config-503.txt.gz,1.15,0.12,62.0
SRRW-MARCELO-L=130-N=280112-phi=0.12-alpha=1.15-bmax=20-r=0.49-ru=10/config-504.txt.gz,1.15,0.12,54.0
SRRW-MARCELO-L=130-N=280112-phi=0.12-alpha=1.15-bmax=20-r=0.49-ru=10/config-505.txt.gz,1.15,0.12,72.0
SRRW-MARCELO-L=130-N=280112-phi=0.12-alpha=1.15-bmax=20-r=0.49-ru=10/config-506.txt.gz,1.15,0.12,65.0
SRRW-MARCELO-L=130-N=280112-phi=0.12-alpha=1.15-bmax=20-r=0.49-ru=10/config-507.txt.gz,1.15,0.12,55.0
SRRW-MARCELO-L=130-N=280112-phi=0.12-alpha=1.15-bmax=20-r=0.49-ru=10/config-508.txt.gz,1.15,0.12,60.0
SRRW-MARCELO-L=130-N=280112-phi=0.12-alpha=1.15-bmax=20-r=0.49-ru=10/config-509.txt.gz,1.15,0.12,72.0
SRRW-MARCELO-L=130-N=280112-phi=0.12-alpha=1.15-bmax=20-r=0.49-ru=10/config-51.txt.gz,1.15,0.12,73.0
SRRW-MARCELO-L=130-N=280112-phi=0.12-alpha=1.15-bmax=20-r=0.49-ru=10/config-510.txt.gz,1.15,0.12,81.0
SRRW-MARCELO-L=130-N=280112-phi=0.12-alpha=1.15-bmax=20-r=0.49-ru=10/config-511.txt.gz,1.15,0.12,75.0
SRRW-MARCELO-L=130-N=280112-phi=0.12-alpha=1.15-bmax=20-r=0.49-ru=10/config-512.txt.gz,1.15,0.12,77.0
SRRW-MARCELO-L=130-N=280112-phi=0.12-alpha=1.15-bmax=20-r=0.49-ru=10/config-513.txt.gz,1.15,0.12,62.0
SRRW-MARCELO-L=130-N=280112-phi=0.12-alpha=1.15-bmax=20-r=0.49-ru=10/config-514.txt.gz,1.15,0.12,73.0
SRRW-MARCELO-L=130-N=280112-phi=0.12-alpha=1.15-bmax=20-r=0.49-ru=10/config-515.txt.gz,1.15,0.12,59.0
SRRW-MARCELO-L=130-N=280112-phi=0.12-alpha=1.15-bmax=20-r=0.49-ru=10/config-516.txt.gz,1.15,0.12,91.0
SRRW-MARCELO-L=130-N=280112-phi=0.12-alpha=1.15-bmax=20-r=0.49-ru=10/config-517.txt.gz,1.15,0.12,71.0
SRRW-MARCELO-L=130-N=280112-phi=0.12-alpha=1.15-bmax=20-r=0.49-ru=10/config-518.txt.gz,1.15,0.12,52.0
SRRW-MARCELO-L=130-N=280112-phi=0.12-alpha=1.15-bmax=20-r=0.49-ru=10/config-519.txt.gz,1.15,0.12,66.0
SRRW-MARCELO-L=130-N=280112-phi=0.12-alpha=1.15-bmax=20-r=0.49-ru=10/config-52.txt.gz,1.15,0.12,76.0
SRRW-MARCELO-L=130-N=280112-phi=0.12-alpha=1.15-bmax=20-r=0.49-ru=10/config-520.txt.gz,1.15,0.12,73.0
SRRW-MARCELO-L=130-N=280112-phi=0.12-alpha=1.15-bmax=20-r=0.49-ru=10/config-521.txt.gz,1.15,0.12,59.0
SRRW-MARCELO-L=130-N=280112-phi=0.12-alpha=1.15-bmax=20-r=0.49-ru=10/config-522.txt.gz,1.15,0.12,55.0
SRRW-MARCELO-L=130-N=280112-phi=0.12-alpha=1.15-bmax=20-r=0.49-ru=10/config-523.txt.gz,1.15,0.12,66.0
SRRW-MARCELO-L=130-N=280112-phi=0.12-alpha=1.15-bmax=20-r=0.49-ru=10/config-524.txt.gz,1.15,0.12,82.0
SRRW-MARCELO-L=130-N=280112-phi=0.12-alpha=1.15-bmax=20-r=0.49-ru=10/config-525.txt.gz,1.15,0.12,62.0
SRRW-MARCELO-L=130-N=280112-phi=0.12-alpha=1.15-bmax=20-r=0.49-ru=10/config-526.txt.gz,1.15,0.12,67.0
SRRW-MARCELO-L=130-N=280112-phi=0.12-alpha=1.15-bmax=20-r=0.49-ru=10/config-527.txt.gz,1.15,0.12,64.0
SRRW-MARCELO-L=130-N=280112-phi=0.12-alpha=1.15-bmax=20-r=0.49-ru=10/config-528.txt.gz,1.15,0.12,59.0
SRRW-MARCELO-L=130-N=280112-phi=0.12-alpha=1.15-bmax=20-r=0.49-ru=10/config-529.txt.gz,1.15,0.12,71.0
SRRW-MARCELO-L=130-N=280112-phi=0.12-alpha=1.15-bmax=20-r=0.49-ru=10/config-53.txt.gz,1.15,0.12,77.0
SRRW-MARCELO-L=130-N=280112-phi=0.12-alpha=1.15-bmax=20-r=0.49-ru=10/config-530.txt.gz,1.15,0.12,69.0
SRRW-MARCELO-L=130-N=280112-phi=0.12-alpha=1.15-bmax=20-r=0.49-ru=10/config-531.txt.gz,1.15,0.12,65.0
SRRW-MARCELO-L=130-N=280112-phi=0.12-alpha=1.15-bmax=20-r=0.49-ru=10/config-532.txt.gz,1.15,0.12,57.0
SRRW-MARCELO-L=130-N=280112-phi=0.12-alpha=1.15-bmax=20-r=0.49-ru=10/config-533.txt.gz,1.15,0.12,63.0
SRRW-MARCELO-L=130-N=280112-phi=0.12-alpha=1.15-bmax=20-r=0.49-ru=10/config-534.txt.gz,1.15,0.12,66.0
SRRW-MARCELO-L=130-N=280112-phi=0.12-alpha=1.15-bmax=20-r=0.49-ru=10/config-535.txt.gz,1.15,0.12,61.0
SRRW-MARCELO-L=130-N=280112-phi=0.12-alpha=1.15-bmax=20-r=0.49-ru=10/config-536.txt.gz,1.15,0.12,81.0
SRRW-MARCELO-L=130-N=280112-phi=0.12-alpha=1.15-bmax=20-r=0.49-ru=10/config-537.txt.gz,1.15,0.12,59.0
SRRW-MARCELO-L=130-N=280112-phi=0.12-alpha=1.15-bmax=20-r=0.49-ru=10/config-538.txt.gz,1.15,0.12,67.0
SRRW-MARCELO-L=130-N=280112-phi=0.12-alpha=1.15-bmax=20-r=0.49-ru=10/config-539.txt.gz,1.15,0.12,80.0
SRRW-MARCELO-L=130-N=280112-phi=0.12-alpha=1.15-bmax=20-r=0.49-ru=10/config-54.txt.gz,1.15,0.12,68.0
SRRW-MARCELO-L=130-N=280112-phi=0.12-alpha=1.15-bmax=20-r=0.49-ru=10/config-540.txt.gz,1.15,0.12,72.0
SRRW-MARCELO-L=130-N=280112-phi=0.12-alpha=1.15-bmax=20-r=0.49-ru=10/config-541.txt.gz,1.15,0.12,85.0
SRRW-MARCELO-L=130-N=280112-phi=0.12-alpha=1.15-bmax=20-r=0.49-ru=10/config-542.txt.gz,1.15,0.12,64.0
SRRW-MARCELO-L=130-N=280112-phi=0.12-alpha=1.15-bmax=20-r=0.49-ru=10/config-543.txt.gz,1.15,0.12,63.0
SRRW-MARCELO-L=130-N=280112-phi=0.12-alpha=1.15-bmax=20-r=0.49-ru=10/config-544.txt.gz,1.15,0.12,53.0
SRRW-MARCELO-L=130-N=280112-phi=0.12-alpha=1.15-bmax=20-r=0.49-ru=10/config-545.txt.gz,1.15,0.12,69.0
SRRW-MARCELO-L=130-N=280112-phi=0.12-alpha=1.15-bmax=20-r=0.49-ru=10/config-546.txt.gz,1.15,0.12,64.0
SRRW-MARCELO-L=130-N=280112-phi=0.12-alpha=1.15-bmax=20-r=0.49-ru=10/config-547.txt.gz,1.15,0.12,78.0
SRRW-MARCELO-L=130-N=280112-phi=0.12-alpha=1.15-bmax=20-r=0.49-ru=10/config-548.txt.gz,1.15,0.12,65.0
SRRW-MARCELO-L=130-N=280112-phi=0.12-alpha=1.15-bmax=20-r=0.49-ru=10/config-549.txt.gz,1.15,0.12,76.0
SRRW-MARCELO-L=130-N=280112-phi=0.12-alpha=1.15-bmax=20-r=0.49-ru=10/config-55.txt.gz,1.15,0.12,68.0
SRRW-MARCELO-L=130-N=280112-phi=0.12-alpha=1.15-bmax=20-r=0.49-ru=10/config-550.txt.gz,1.15,0.12,71.0
SRRW-MARCELO-L=130-N=280112-phi=0.12-alpha=1.15-bmax=20-r=0.49-ru=10/config-551.txt.gz,1.15,0.12,79.0
SRRW-MARCELO-L=130-N=280112-phi=0.12-alpha=1.15-bmax=20-r=0.49-ru=10/config-552.txt.gz,1.15,0.12,63.0
SRRW-MARCELO-L=130-N=280112-phi=0.12-alpha=1.15-bmax=20-r=0.49-ru=10/config-553.txt.gz,1.15,0.12,71.0
SRRW-MARCELO-L=130-N=280112-phi=0.12-alpha=1.15-bmax=20-r=0.49-ru=10/config-554.txt.gz,1.15,0.12,77.0
SRRW-MARCELO-L=130-N=280112-phi=0.12-alpha=1.15-bmax=20-r=0.49-ru=10/config-555.txt.gz,1.15,0.12,59.0
SRRW-MARCELO-L=130-N=280112-phi=0.12-alpha=1.15-bmax=20-r=0.49-ru=10/config-556.txt.gz,1.15,0.12,72.0
SRRW-MARCELO-L=130-N=280112-phi=0.12-alpha=1.15-bmax=20-r=0.49-ru=10/config-557.txt.gz,1.15,0.12,62.0
SRRW-MARCELO-L=130-N=280112-phi=0.12-alpha=1.15-bmax=20-r=0.49-ru=10/config-558.txt.gz,1.15,0.12,55.0
SRRW-MARCELO-L=130-N=280112-phi=0.12-alpha=1.15-bmax=20-r=0.49-ru=10/config-559.txt.gz,1.15,0.12,66.0
SRRW-MARCELO-L=130-N=280112-phi=0.12-alpha=1.15-bmax=20-r=0.49-ru=10/config-56.txt.gz,1.15,0.12,72.0
SRRW-MARCELO-L=130-N=280112-phi=0.12-alpha=1.15-bmax=20-r=0.49-ru=10/config-560.txt.gz,1.15,0.12,71.0
SRRW-MARCELO-L=130-N=280112-phi=0.12-alpha=1.15-bmax=20-r=0.49-ru=10/config-561.txt.gz,1.15,0.12,72.0
SRRW-MARCELO-L=130-N=280112-phi=0.12-alpha=1.15-bmax=20-r=0.49-ru=10/config-562.txt.gz,1.15,0.12,64.0
SRRW-MARCELO-L=130-N=280112-phi=0.12-alpha=1.15-bmax=20-r=0.49-ru=10/config-563.txt.gz,1.15,0.12,69.0
SRRW-MARCELO-L=130-N=280112-phi=0.12-alpha=1.15-bmax=20-r=0.49-ru=10/config-564.txt.gz,1.15,0.12,67.0
SRRW-MARCELO-L=130-N=280112-phi=0.12-alpha=1.15-bmax=20-r=0.49-ru=10/config-565.txt.gz,1.15,0.12,82.0
SRRW-MARCELO-L=130-N=280112-phi=0.12-alpha=1.15-bmax=20-r=0.49-ru=10/config-566.txt.gz,1.15,0.12,67.0
SRRW-MARCELO-L=130-N=280112-phi=0.12-alpha=1.15-bmax=20-r=0.49-ru=10/config-567.txt.gz,1.15,0.12,65.0
SRRW-MARCELO-L=130-N=280112-phi=0.12-alpha=1.15-bmax=20-r=0.49-ru=10/config-568.txt.gz,1.15,0.12,62.0
SRRW-MARCELO-L=130-N=280112-phi=0.12-alpha=1.15-bmax=20-r=0.49-ru=10/config-569.txt.gz,1.15,0.12,69.0
SRRW-MARCELO-L=130-N=280112-phi=0.12-alpha=1.15-bmax=20-r=0.49-ru=10/config-57.txt.gz,1.15,0.12,68.0
SRRW-MARCELO-L=130-N=280112-phi=0.12-alpha=1.15-bmax=20-r=0.49-ru=10/config-570.txt.gz,1.15,0.12,73.0
SRRW-MARCELO-L=130-N=280112-phi=0.12-alpha=1.15-bmax=20-r=0.49-ru=10/config-571.txt.gz,1.15,0.12,59.0
SRRW-MARCELO-L=130-N=280112-phi=0.12-alpha=1.15-bmax=20-r=0.49-ru=10/config-572.txt.gz,1.15,0.12,54.0
SRRW-MARCELO-L=130-N=280112-phi=0.12-alpha=1.15-bmax=20-r=0.49-ru=10/config-573.txt.gz,1.15,0.12,74.0
SRRW-MARCELO-L=130-N=280112-phi=0.12-alpha=1.15-bmax=20-r=0.49-ru=10/config-574.txt.gz,1.15,0.12,66.0
SRRW-MARCELO-L=130-N=280112-phi=0.12-alpha=1.15-bmax=20-r=0.49-ru=10/config-575.txt.gz,1.15,0.12,63.0
SRRW-MARCELO-L=130-N=280112-phi=0.12-alpha=1.15-bmax=20-r=0.49-ru=10/config-576.txt.gz,1.15,0.12,74.0
SRRW-MARCELO-L=130-N=280112-phi=0.12-alpha=1.15-bmax=20-r=0.49-ru=10/config-577.txt.gz,1.15,0.12,68.0
SRRW-MARCELO-L=130-N=280112-phi=0.12-alpha=1.15-bmax=20-r=0.49-ru=10/config-578.txt.gz,1.15,0.12,45.0
SRRW-MARCELO-L=130-N=280112-phi=0.12-alpha=1.15-bmax=20-r=0.49-ru=10/config-579.txt.gz,1.15,0.12,72.0
SRRW-MARCELO-L=130-N=280112-phi=0.12-alpha=1.15-bmax=20-r=0.49-ru=10/config-58.txt.gz,1.15,0.12,65.0
SRRW-MARCELO-L=130-N=280112-phi=0.12-alpha=1.15-bmax=20-r=0.49-ru=10/config-580.txt.gz,1.15,0.12,73.0
SRRW-MARCELO-L=130-N=280112-phi=0.12-alpha=1.15-bmax=20-r=0.49-ru=10/config-581.txt.gz,1.15,0.12,65.0
SRRW-MARCELO-L=130-N=280112-phi=0.12-alpha=1.15-bmax=20-r=0.49-ru=10/config-582.txt.gz,1.15,0.12,72.0
SRRW-MARCELO-L=130-N=280112-phi=0.12-alpha=1.15-bmax=20-r=0.49-ru=10/config-583.txt.gz,1.15,0.12,67.0
SRRW-MARCELO-L=130-N=280112-phi=0.12-alpha=1.15-bmax=20-r=0.49-ru=10/config-584.txt.gz,1.15,0.12,72.0
SRRW-MARCELO-L=130-N=280112-phi=0.12-alpha=1.15-bmax=20-r=0.49-ru=10/config-585.txt.gz,1.15,0.12,56.0
SRRW-MARCELO-L=130-N=280112-phi=0.12-alpha=1.15-bmax=20-r=0.49-ru=10/config-586.txt.gz,1.15,0.12,70.0
SRRW-MARCELO-L=130-N=280112-phi=0.12-alpha=1.15-bmax=20-r=0.49-ru=10/config-587.txt.gz,1.15,0.12,61.0
SRRW-MARCELO-L=130-N=280112-phi=0.12-alpha=1.15-bmax=20-r=0.49-ru=10/config-588.txt.gz,1.15,0.12,87.0
SRRW-MARCELO-L=130-N=280112-phi=0.12-alpha=1.15-bmax=20-r=0.49-ru=10/config-589.txt.gz,1.15,0.12,71.0
SRRW-MARCELO-L=130-N=280112-phi=0.12-alpha=1.15-bmax=20-r=0.49-ru=10/config-59.txt.gz,1.15,0.12,55.0
SRRW-MARCELO-L=130-N=280112-phi=0.12-alpha=1.15-bmax=20-r=0.49-ru=10/config-590.txt.gz,1.15,0.12,81.0
SRRW-MARCELO-L=130-N=280112-phi=0.12-alpha=1.15-bmax=20-r=0.49-ru=10/config-591.txt.gz,1.15,0.12,70.0
SRRW-MARCELO-L=130-N=280112-phi=0.12-alpha=1.15-bmax=20-r=0.49-ru=10/config-592.txt.gz,1.15,0.12,69.0
SRRW-MARCELO-L=130-N=280112-phi=0.12-alpha=1.15-bmax=20-r=0.49-ru=10/config-593.txt.gz,1.15,0.12,78.0
SRRW-MARCELO-L=130-N=280112-phi=0.12-alpha=1.15-bmax=20-r=0.49-ru=10/config-594.txt.gz,1.15,0.12,67.0
SRRW-MARCELO-L=130-N=280112-phi=0.12-alpha=1.15-bmax=20-r=0.49-ru=10/config-595.txt.gz,1.15,0.12,66.0
SRRW-MARCELO-L=130-N=280112-phi=0.12-alpha=1.15-bmax=20-r=0.49-ru=10/config-596.txt.gz,1.15,0.12,52.0
SRRW-MARCELO-L=130-N=280112-phi=0.12-alpha=1.15-bmax=20-r=0.49-ru=10/config-597.txt.gz,1.15,0.12,62.0
SRRW-MARCELO-L=130-N=280112-phi=0.12-alpha=1.15-bmax=20-r=0.49-ru=10/config-598.txt.gz,1.15,0.12,56.0
SRRW-MARCELO-L=130-N=280112-phi=0.12-alpha=1.15-bmax=20-r=0.49-ru=10/config-599.txt.gz,1.15,0.12,63.0
SRRW-MARCELO-L=130-N=280112-phi=0.12-alpha=1.15-bmax=20-r=0.49-ru=10/config-6.txt.gz,1.15,0.12,63.0
SRRW-MARCELO-L=130-N=280112-phi=0.12-alpha=1.15-bmax=20-r=0.49-ru=10/config-60.txt.gz,1.15,0.12,80.0
SRRW-MARCELO-L=130-N=280112-phi=0.12-alpha=1.15-bmax=20-r=0.49-ru=10/config-600.txt.gz,1.15,0.12,61.0
SRRW-MARCELO-L=130-N=280112-phi=0.12-alpha=1.15-bmax=20-r=0.49-ru=10/config-601.txt.gz,1.15,0.12,73.0
SRRW-MARCELO-L=130-N=280112-phi=0.12-alpha=1.15-bmax=20-r=0.49-ru=10/config-602.txt.gz,1.15,0.12,79.0
SRRW-MARCELO-L=130-N=280112-phi=0.12-alpha=1.15-bmax=20-r=0.49-ru=10/config-603.txt.gz,1.15,0.12,64.0
SRRW-MARCELO-L=130-N=280112-phi=0.12-alpha=1.15-bmax=20-r=0.49-ru=10/config-604.txt.gz,1.15,0.12,54.0
SRRW-MARCELO-L=130-N=280112-phi=0.12-alpha=1.15-bmax=20-r=0.49-ru=10/config-605.txt.gz,1.15,0.12,77.0
SRRW-MARCELO-L=130-N=280112-phi=0.12-alpha=1.15-bmax=20-r=0.49-ru=10/config-606.txt.gz,1.15,0.12,67.0
SRRW-MARCELO-L=130-N=280112-phi=0.12-alpha=1.15-bmax=20-r=0.49-ru=10/config-607.txt.gz,1.15,0.12,68.0
SRRW-MARCELO-L=130-N=280112-phi=0.12-alpha=1.15-bmax=20-r=0.49-ru=10/config-608.txt.gz,1.15,0.12,59.0
SRRW-MARCELO-L=130-N=280112-phi=0.12-alpha=1.15-bmax=20-r=0.49-ru=10/config-609.txt.gz,1.15,0.12,74.0
SRRW-MARCELO-L=130-N=280112-phi=0.12-alpha=1.15-bmax=20-r=0.49-ru=10/config-61.txt.gz,1.15,0.12,72.0
SRRW-MARCELO-L=130-N=280112-phi=0.12-alpha=1.15-bmax=20-r=0.49-ru=10/config-610.txt.gz,1.15,0.12,74.0
SRRW-MARCELO-L=130-N=280112-phi=0.12-alpha=1.15-bmax=20-r=0.49-ru=10/config-611.txt.gz,1.15,0.12,89.0
SRRW-MARCELO-L=130-N=280112-phi=0.12-alpha=1.15-bmax=20-r=0.49-ru=10/config-612.txt.gz,1.15,0.12,68.0
SRRW-MARCELO-L=130-N=280112-phi=0.12-alpha=1.15-bmax=20-r=0.49-ru=10/config-613.txt.gz,1.15,0.12,72.0
SRRW-MARCELO-L=130-N=280112-phi=0.12-alpha=1.15-bmax=20-r=0.49-ru=10/config-614.txt.gz,1.15,0.12,52.0
SRRW-MARCELO-L=130-N=280112-phi=0.12-alpha=1.15-bmax=20-r=0.49-ru=10/config-615.txt.gz,1.15,0.12,67.0
SRRW-MARCELO-L=130-N=280112-phi=0.12-alpha=1.15-bmax=20-r=0.49-ru=10/config-616.txt.gz,1.15,0.12,66.0
SRRW-MARCELO-L=130-N=280112-phi=0.12-alpha=1.15-bmax=20-r=0.49-ru=10/config-617.txt.gz,1.15,0.12,72.0
SRRW-MARCELO-L=130-N=280112-phi=0.12-alpha=1.15-bmax=20-r=0.49-ru=10/config-618.txt.gz,1.15,0.12,77.0
SRRW-MARCELO-L=130-N=280112-phi=0.12-alpha=1.15-bmax=20-r=0.49-ru=10/config-619.txt.gz,1.15,0.12,64.0
SRRW-MARCELO-L=130-N=280112-phi=0.12-alpha=1.15-bmax=20-r=0.49-ru=10/config-62.txt.gz,1.15,0.12,62.0
SRRW-MARCELO-L=130-N=280112-phi=0.12-alpha=1.15-bmax=20-r=0.49-ru=10/config-620.txt.gz,1.15,0.12,80.0
SRRW-MARCELO-L=130-N=280112-phi=0.12-alpha=1.15-bmax=20-r=0.49-ru=10/config-621.txt.gz,1.15,0.12,65.0
SRRW-MARCELO-L=130-N=280112-phi=0.12-alpha=1.15-bmax=20-r=0.49-ru=10/config-622.txt.gz,1.15,0.12,65.0
SRRW-MARCELO-L=130-N=280112-phi=0.12-alpha=1.15-bmax=20-r=0.49-ru=10/config-623.txt.gz,1.15,0.12,83.0
SRRW-MARCELO-L=130-N=280112-phi=0.12-alpha=1.15-bmax=20-r=0.49-ru=10/config-624.txt.gz,1.15,0.12,82.0
SRRW-MARCELO-L=130-N=280112-phi=0.12-alpha=1.15-bmax=20-r=0.49-ru=10/config-625.txt.gz,1.15,0.12,63.0
SRRW-MARCELO-L=130-N=280112-phi=0.12-alpha=1.15-bmax=20-r=0.49-ru=10/config-626.txt.gz,1.15,0.12,68.0
SRRW-MARCELO-L=130-N=280112-phi=0.12-alpha=1.15-bmax=20-r=0.49-ru=10/config-627.txt.gz,1.15,0.12,78.0
SRRW-MARCELO-L=130-N=280112-phi=0.12-alpha=1.15-bmax=20-r=0.49-ru=10/config-628.txt.gz,1.15,0.12,65.0
SRRW-MARCELO-L=130-N=280112-phi=0.12-alpha=1.15-bmax=20-r=0.49-ru=10/config-629.txt.gz,1.15,0.12,58.0
SRRW-MARCELO-L=130-N=280112-phi=0.12-alpha=1.15-bmax=20-r=0.49-ru=10/config-63.txt.gz,1.15,0.12,57.0
SRRW-MARCELO-L=130-N=280112-phi=0.12-alpha=1.15-bmax=20-r=0.49-ru=10/config-630.txt.gz,1.15,0.12,57.0
SRRW-MARCELO-L=130-N=280112-phi=0.12-alpha=1.15-bmax=20-r=0.49-ru=10/config-631.txt.gz,1.15,0.12,90.0
SRRW-MARCELO-L=130-N=280112-phi=0.12-alpha=1.15-bmax=20-r=0.49-ru=10/config-632.txt.gz,1.15,0.12,82.0
SRRW-MARCELO-L=130-N=280112-phi=0.12-alpha=1.15-bmax=20-r=0.49-ru=10/config-633.txt.gz,1.15,0.12,67.0
SRRW-MARCELO-L=130-N=280112-phi=0.12-alpha=1.15-bmax=20-r=0.49-ru=10/config-634.txt.gz,1.15,0.12,60.0
SRRW-MARCELO-L=130-N=280112-phi=0.12-alpha=1.15-bmax=20-r=0.49-ru=10/config-635.txt.gz,1.15,0.12,67.0
SRRW-MARCELO-L=130-N=280112-phi=0.12-alpha=1.15-bmax=20-r=0.49-ru=10/config-636.txt.gz,1.15,0.12,69.0
SRRW-MARCELO-L=130-N=280112-phi=0.12-alpha=1.15-bmax=20-r=0.49-ru=10/config-637.txt.gz,1.15,0.12,76.0
SRRW-MARCELO-L=130-N=280112-phi=0.12-alpha=1.15-bmax=20-r=0.49-ru=10/config-638.txt.gz,1.15,0.12,58.0
SRRW-MARCELO-L=130-N=280112-phi=0.12-alpha=1.15-bmax=20-r=0.49-ru=10/config-639.txt.gz,1.15,0.12,67.0
SRRW-MARCELO-L=130-N=280112-phi=0.12-alpha=1.15-bmax=20-r=0.49-ru=10/config-64.txt.gz,1.15,0.12,70.0
SRRW-MARCELO-L=130-N=280112-phi=0.12-alpha=1.15-bmax=20-r=0.49-ru=10/config-640.txt.gz,1.15,0.12,65.0
SRRW-MARCELO-L=130-N=280112-phi=0.12-alpha=1.15-bmax=20-r=0.49-ru=10/config-641.txt.gz,1.15,0.12,73.0
SRRW-MARCELO-L=130-N=280112-phi=0.12-alpha=1.15-bmax=20-r=0.49-ru=10/config-642.txt.gz,1.15,0.12,83.0
SRRW-MARCELO-L=130-N=280112-phi=0.12-alpha=1.15-bmax=20-r=0.49-ru=10/config-643.txt.gz,1.15,0.12,69.0
SRRW-MARCELO-L=130-N=280112-phi=0.12-alpha=1.15-bmax=20-r=0.49-ru=10/config-644.txt.gz,1.15,0.12,88.0
SRRW-MARCELO-L=130-N=280112-phi=0.12-alpha=1.15-bmax=20-r=0.49-ru=10/config-645.txt.gz,1.15,0.12,76.0
SRRW-MARCELO-L=130-N=280112-phi=0.12-alpha=1.15-bmax=20-r=0.49-ru=10/config-646.txt.gz,1.15,0.12,69.0
SRRW-MARCELO-L=130-N=280112-phi=0.12-alpha=1.15-bmax=20-r=0.49-ru=10/config-647.txt.gz,1.15,0.12,71.0
SRRW-MARCELO-L=130-N=280112-phi=0.12-alpha=1.15-bmax=20-r=0.49-ru=10/config-648.txt.gz,1.15,0.12,68.0
SRRW-MARCELO-L=130-N=280112-phi=0.12-alpha=1.15-bmax=20-r=0.49-ru=10/config-649.txt.gz,1.15,0.12,72.0
SRRW-MARCELO-L=130-N=280112-phi=0.12-alpha=1.15-bmax=20-r=0.49-ru=10/config-65.txt.gz,1.15,0.12,75.0
SRRW-MARCELO-L=130-N=280112-phi=0.12-alpha=1.15-bmax=20-r=0.49-ru=10/config-650.txt.gz,1.15,0.12,53.0
SRRW-MARCELO-L=130-N=280112-phi=0.12-alpha=1.15-bmax=20-r=0.49-ru=10/config-651.txt.gz,1.15,0.12,71.0
SRRW-MARCELO-L=130-N=280112-phi=0.12-alpha=1.15-bmax=20-r=0.49-ru=10/config-652.txt.gz,1.15,0.12,81.0
SRRW-MARCELO-L=130-N=280112-phi=0.12-alpha=1.15-bmax=20-r=0.49-ru=10/config-653.txt.gz,1.15,0.12,61.0
SRRW-MARCELO-L=130-N=280112-phi=0.12-alpha=1.15-bmax=20-r=0.49-ru=10/config-654.txt.gz,1.15,0.12,66.0
SRRW-MARCELO-L=130-N=280112-phi=0.12-alpha=1.15-bmax=20-r=0.49-ru=10/config-655.txt.gz,1.15,0.12,76.0
SRRW-MARCELO-L=130-N=280112-phi=0.12-alpha=1.15-bmax=20-r=0.49-ru=10/config-656.txt.gz,1.15,0.12,82.0
SRRW-MARCELO-L=130-N=280112-phi=0.12-alpha=1.15-bmax=20-r=0.49-ru=10/config-657.txt.gz,1.15,0.12,78.0
SRRW-MARCELO-L=130-N=280112-phi=0.12-alpha=1.15-bmax=20-r=0.49-ru=10/config-658.txt.gz,1.15,0.12,76.0
SRRW-MARCELO-L=130-N=280112-phi=0.12-alpha=1.15-bmax=20-r=0.49-ru=10/config-659.txt.gz,1.15,0.12,71.0
SRRW-MARCELO-L=130-N=280112-phi=0.12-alpha=1.15-bmax=20-r=0.49-ru=10/config-66.txt.gz,1.15,0.12,79.0
SRRW-MARCELO-L=130-N=280112-phi=0.12-alpha=1.15-bmax=20-r=0.49-ru=10/config-660.txt.gz,1.15,0.12,51.0
SRRW-MARCELO-L=130-N=280112-phi=0.12-alpha=1.15-bmax=20-r=0.49-ru=10/config-661.txt.gz,1.15,0.12,53.0
SRRW-MARCELO-L=130-N=280112-phi=0.12-alpha=1.15-bmax=20-r=0.49-ru=10/config-662.txt.gz,1.15,0.12,68.0
SRRW-MARCELO-L=130-N=280112-phi=0.12-alpha=1.15-bmax=20-r=0.49-ru=10/config-663.txt.gz,1.15,0.12,84.0
SRRW-MARCELO-L=130-N=280112-phi=0.12-alpha=1.15-bmax=20-r=0.49-ru=10/config-664.txt.gz,1.15,0.12,50.0
SRRW-MARCELO-L=130-N=280112-phi=0.12-alpha=1.15-bmax=20-r=0.49-ru=10/config-665.txt.gz,1.15,0.12,86.0
SRRW-MARCELO-L=130-N=280112-phi=0.12-alpha=1.15-bmax=20-r=0.49-ru=10/config-666.txt.gz,1.15,0.12,72.0
SRRW-MARCELO-L=130-N=280112-phi=0.12-alpha=1.15-bmax=20-r=0.49-ru=10/config-667.txt.gz,1.15,0.12,71.0
SRRW-MARCELO-L=130-N=280112-phi=0.12-alpha=1.15-bmax=20-r=0.49-ru=10/config-668.txt.gz,1.15,0.12,84.0
SRRW-MARCELO-L=130-N=280112-phi=0.12-alpha=1.15-bmax=20-r=0.49-ru=10/config-669.txt.gz,1.15,0.12,78.0
SRRW-MARCELO-L=130-N=280112-phi=0.12-alpha=1.15-bmax=20-r=0.49-ru=10/config-67.txt.gz,1.15,0.12,74.0
SRRW-MARCELO-L=130-N=280112-phi=0.12-alpha=1.15-bmax=20-r=0.49-ru=10/config-670.txt.gz,1.15,0.12,82.0
SRRW-MARCELO-L=130-N=280112-phi=0.12-alpha=1.15-bmax=20-r=0.49-ru=10/config-671.txt.gz,1.15,0.12,62.0
SRRW-MARCELO-L=130-N=280112-phi=0.12-alpha=1.15-bmax=20-r=0.49-ru=10/config-672.txt.gz,1.15,0.12,98.0
SRRW-MARCELO-L=130-N=280112-phi=0.12-alpha=1.15-bmax=20-r=0.49-ru=10/config-673.txt.gz,1.15,0.12,64.0
SRRW-MARCELO-L=130-N=280112-phi=0.12-alpha=1.15-bmax=20-r=0.49-ru=10/config-674.txt.gz,1.15,0.12,64.0
SRRW-MARCELO-L=130-N=280112-phi=0.12-alpha=1.15-bmax=20-r=0.49-ru=10/config-675.txt.gz,1.15,0.12,57.0
SRRW-MARCELO-L=130-N=280112-phi=0.12-alpha=1.15-bmax=20-r=0.49-ru=10/config-676.txt.gz,1.15,0.12,72.0
SRRW-MARCELO-L=130-N=280112-phi=0.12-alpha=1.15-bmax=20-r=0.49-ru=10/config-677.txt.gz,1.15,0.12,85.0
SRRW-MARCELO-L=130-N=280112-phi=0.12-alpha=1.15-bmax=20-r=0.49-ru=10/config-678.txt.gz,1.15,0.12,84.0
SRRW-MARCELO-L=130-N=280112-phi=0.12-alpha=1.15-bmax=20-r=0.49-ru=10/config-679.txt.gz,1.15,0.12,63.0
SRRW-MARCELO-L=130-N=280112-phi=0.12-alpha=1.15-bmax=20-r=0.49-ru=10/config-68.txt.gz,1.15,0.12,74.0
SRRW-MARCELO-L=130-N=280112-phi=0.12-alpha=1.15-bmax=20-r=0.49-ru=10/config-680.txt.gz,1.15,0.12,79.0
SRRW-MARCELO-L=130-N=280112-phi=0.12-alpha=1.15-bmax=20-r=0.49-ru=10/config-681.txt.gz,1.15,0.12,71.0
SRRW-MARCELO-L=130-N=280112-phi=0.12-alpha=1.15-bmax=20-r=0.49-ru=10/config-682.txt.gz,1.15,0.12,56.0
SRRW-MARCELO-L=130-N=280112-phi=0.12-alpha=1.15-bmax=20-r=0.49-ru=10/config-683.txt.gz,1.15,0.12,66.0
SRRW-MARCELO-L=130-N=280112-phi=0.12-alpha=1.15-bmax=20-r=0.49-ru=10/config-684.txt.gz,1.15,0.12,78.0
SRRW-MARCELO-L=130-N=280112-phi=0.12-alpha=1.15-bmax=20-r=0.49-ru=10/config-685.txt.gz,1.15,0.12,58.0
SRRW-MARCELO-L=130-N=280112-phi=0.12-alpha=1.15-bmax=20-r=0.49-ru=10/config-686.txt.gz,1.15,0.12,68.0
SRRW-MARCELO-L=130-N=280112-phi=0.12-alpha=1.15-bmax=20-r=0.49-ru=10/config-687.txt.gz,1.15,0.12,78.0
SRRW-MARCELO-L=130-N=280112-phi=0.12-alpha=1.15-bmax=20-r=0.49-ru=10/config-688.txt.gz,1.15,0.12,50.0
SRRW-MARCELO-L=130-N=280112-phi=0.12-alpha=1.15-bmax=20-r=0.49-ru=10/config-689.txt.gz,1.15,0.12,59.0
SRRW-MARCELO-L=130-N=280112-phi=0.12-alpha=1.15-bmax=20-r=0.49-ru=10/config-69.txt.gz,1.15,0.12,74.0
SRRW-MARCELO-L=130-N=280112-phi=0.12-alpha=1.15-bmax=20-r=0.49-ru=10/config-690.txt.gz,1.15,0.12,80.0
SRRW-MARCELO-L=130-N=280112-phi=0.12-alpha=1.15-bmax=20-r=0.49-ru=10/config-691.txt.gz,1.15,0.12,74.0
SRRW-MARCELO-L=130-N=280112-phi=0.12-alpha=1.15-bmax=20-r=0.49-ru=10/config-692.txt.gz,1.15,0.12,66.0
SRRW-MARCELO-L=130-N=280112-phi=0.12-alpha=1.15-bmax=20-r=0.49-ru=10/config-693.txt.gz,1.15,0.12,84.0
SRRW-MARCELO-L=130-N=280112-phi=0.12-alpha=1.15-bmax=20-r=0.49-ru=10/config-694.txt.gz,1.15,0.12,77.0
SRRW-MARCELO-L=130-N=280112-phi=0.12-alpha=1.15-bmax=20-r=0.49-ru=10/config-695.txt.gz,1.15,0.12,65.0
SRRW-MARCELO-L=130-N=280112-phi=0.12-alpha=1.15-bmax=20-r=0.49-ru=10/config-696.txt.gz,1.15,0.12,68.0
SRRW-MARCELO-L=130-N=280112-phi=0.12-alpha=1.15-bmax=20-r=0.49-ru=10/config-697.txt.gz,1.15,0.12,68.0
SRRW-MARCELO-L=130-N=280112-phi=0.12-alpha=1.15-bmax=20-r=0.49-ru=10/config-698.txt.gz,1.15,0.12,84.0
SRRW-MARCELO-L=130-N=280112-phi=0.12-alpha=1.15-bmax=20-r=0.49-ru=10/config-699.txt.gz,1.15,0.12,85.0
SRRW-MARCELO-L=130-N=280112-phi=0.12-alpha=1.15-bmax=20-r=0.49-ru=10/config-7.txt.gz,1.15,0.12,57.0
SRRW-MARCELO-L=130-N=280112-phi=0.12-alpha=1.15-bmax=20-r=0.49-ru=10/config-70.txt.gz,1.15,0.12,75.0
SRRW-MARCELO-L=130-N=280112-phi=0.12-alpha=1.15-bmax=20-r=0.49-ru=10/config-700.txt.gz,1.15,0.12,72.0
SRRW-MARCELO-L=130-N=280112-phi=0.12-alpha=1.15-bmax=20-r=0.49-ru=10/config-701.txt.gz,1.15,0.12,67.0
SRRW-MARCELO-L=130-N=280112-phi=0.12-alpha=1.15-bmax=20-r=0.49-ru=10/config-702.txt.gz,1.15,0.12,83.0
SRRW-MARCELO-L=130-N=280112-phi=0.12-alpha=1.15-bmax=20-r=0.49-ru=10/config-703.txt.gz,1.15,0.12,63.0
SRRW-MARCELO-L=130-N=280112-phi=0.12-alpha=1.15-bmax=20-r=0.49-ru=10/config-704.txt.gz,1.15,0.12,75.0
SRRW-MARCELO-L=130-N=280112-phi=0.12-alpha=1.15-bmax=20-r=0.49-ru=10/config-705.txt.gz,1.15,0.12,60.0
SRRW-MARCELO-L=130-N=280112-phi=0.12-alpha=1.15-bmax=20-r=0.49-ru=10/config-706.txt.gz,1.15,0.12,69.0
SRRW-MARCELO-L=130-N=280112-phi=0.12-alpha=1.15-bmax=20-r=0.49-ru=10/config-707.txt.gz,1.15,0.12,76.0
SRRW-MARCELO-L=130-N=280112-phi=0.12-alpha=1.15-bmax=20-r=0.49-ru=10/config-708.txt.gz,1.15,0.12,76.0
SRRW-MARCELO-L=130-N=280112-phi=0.12-alpha=1.15-bmax=20-r=0.49-ru=10/config-709.txt.gz,1.15,0.12,60.0
SRRW-MARCELO-L=130-N=280112-phi=0.12-alpha=1.15-bmax=20-r=0.49-ru=10/config-71.txt.gz,1.15,0.12,68.0
SRRW-MARCELO-L=130-N=280112-phi=0.12-alpha=1.15-bmax=20-r=0.49-ru=10/config-710.txt.gz,1.15,0.12,70.0
SRRW-MARCELO-L=130-N=280112-phi=0.12-alpha=1.15-bmax=20-r=0.49-ru=10/config-711.txt.gz,1.15,0.12,67.0
SRRW-MARCELO-L=130-N=280112-phi=0.12-alpha=1.15-bmax=20-r=0.49-ru=10/config-712.txt.gz,1.15,0.12,64.0
SRRW-MARCELO-L=130-N=280112-phi=0.12-alpha=1.15-bmax=20-r=0.49-ru=10/config-713.txt.gz,1.15,0.12,70.0
SRRW-MARCELO-L=130-N=280112-phi=0.12-alpha=1.15-bmax=20-r=0.49-ru=10/config-714.txt.gz,1.15,0.12,71.0
SRRW-MARCELO-L=130-N=280112-phi=0.12-alpha=1.15-bmax=20-r=0.49-ru=10/config-715.txt.gz,1.15,0.12,68.0
SRRW-MARCELO-L=130-N=280112-phi=0.12-alpha=1.15-bmax=20-r=0.49-ru=10/config-716.txt.gz,1.15,0.12,60.0
SRRW-MARCELO-L=130-N=280112-phi=0.12-alpha=1.15-bmax=20-r=0.49-ru=10/config-717.txt.gz,1.15,0.12,70.0
SRRW-MARCELO-L=130-N=280112-phi=0.12-alpha=1.15-bmax=20-r=0.49-ru=10/config-718.txt.gz,1.15,0.12,59.0
SRRW-MARCELO-L=130-N=280112-phi=0.12-alpha=1.15-bmax=20-r=0.49-ru=10/config-719.txt.gz,1.15,0.12,81.0
SRRW-MARCELO-L=130-N=280112-phi=0.12-alpha=1.15-bmax=20-r=0.49-ru=10/config-72.txt.gz,1.15,0.12,61.0
SRRW-MARCELO-L=130-N=280112-phi=0.12-alpha=1.15-bmax=20-r=0.49-ru=10/config-720.txt.gz,1.15,0.12,62.0
SRRW-MARCELO-L=130-N=280112-phi=0.12-alpha=1.15-bmax=20-r=0.49-ru=10/config-721.txt.gz,1.15,0.12,91.0
SRRW-MARCELO-L=130-N=280112-phi=0.12-alpha=1.15-bmax=20-r=0.49-ru=10/config-722.txt.gz,1.15,0.12,62.0
SRRW-MARCELO-L=130-N=280112-phi=0.12-alpha=1.15-bmax=20-r=0.49-ru=10/config-723.txt.gz,1.15,0.12,79.0
SRRW-MARCELO-L=130-N=280112-phi=0.12-alpha=1.15-bmax=20-r=0.49-ru=10/config-724.txt.gz,1.15,0.12,75.0
SRRW-MARCELO-L=130-N=280112-phi=0.12-alpha=1.15-bmax=20-r=0.49-ru=10/config-725.txt.gz,1.15,0.12,79.0
SRRW-MARCELO-L=130-N=280112-phi=0.12-alpha=1.15-bmax=20-r=0.49-ru=10/config-726.txt.gz,1.15,0.12,69.0
SRRW-MARCELO-L=130-N=280112-phi=0.12-alpha=1.15-bmax=20-r=0.49-ru=10/config-727.txt.gz,1.15,0.12,76.0
SRRW-MARCELO-L=130-N=280112-phi=0.12-alpha=1.15-bmax=20-r=0.49-ru=10/config-728.txt.gz,1.15,0.12,50.0
SRRW-MARCELO-L=130-N=280112-phi=0.12-alpha=1.15-bmax=20-r=0.49-ru=10/config-729.txt.gz,1.15,0.12,78.0
SRRW-MARCELO-L=130-N=280112-phi=0.12-alpha=1.15-bmax=20-r=0.49-ru=10/config-73.txt.gz,1.15,0.12,55.0
SRRW-MARCELO-L=130-N=280112-phi=0.12-alpha=1.15-bmax=20-r=0.49-ru=10/config-730.txt.gz,1.15,0.12,65.0
SRRW-MARCELO-L=130-N=280112-phi=0.12-alpha=1.15-bmax=20-r=0.49-ru=10/config-731.txt.gz,1.15,0.12,64.0
SRRW-MARCELO-L=130-N=280112-phi=0.12-alpha=1.15-bmax=20-r=0.49-ru=10/config-732.txt.gz,1.15,0.12,74.0
SRRW-MARCELO-L=130-N=280112-phi=0.12-alpha=1.15-bmax=20-r=0.49-ru=10/config-733.txt.gz,1.15,0.12,66.0
SRRW-MARCELO-L=130-N=280112-phi=0.12-alpha=1.15-bmax=20-r=0.49-ru=10/config-734.txt.gz,1.15,0.12,77.0
SRRW-MARCELO-L=130-N=280112-phi=0.12-alpha=1.15-bmax=20-r=0.49-ru=10/config-735.txt.gz,1.15,0.12,78.0
SRRW-MARCELO-L=130-N=280112-phi=0.12-alpha=1.15-bmax=20-r=0.49-ru=10/config-736.txt.gz,1.15,0.12,65.0
SRRW-MARCELO-L=130-N=280112-phi=0.12-alpha=1.15-bmax=20-r=0.49-ru=10/config-737.txt.gz,1.15,0.12,56.0
SRRW-MARCELO-L=130-N=280112-phi=0.12-alpha=1.15-bmax=20-r=0.49-ru=10/config-738.txt.gz,1.15,0.12,67.0
SRRW-MARCELO-L=130-N=280112-phi=0.12-alpha=1.15-bmax=20-r=0.49-ru=10/config-739.txt.gz,1.15,0.12,68.0
SRRW-MARCELO-L=130-N=280112-phi=0.12-alpha=1.15-bmax=20-r=0.49-ru=10/config-74.txt.gz,1.15,0.12,73.0
SRRW-MARCELO-L=130-N=280112-phi=0.12-alpha=1.15-bmax=20-r=0.49-ru=10/config-740.txt.gz,1.15,0.12,65.0
SRRW-MARCELO-L=130-N=280112-phi=0.12-alpha=1.15-bmax=20-r=0.49-ru=10/config-741.txt.gz,1.15,0.12,68.0
SRRW-MARCELO-L=130-N=280112-phi=0.12-alpha=1.15-bmax=20-r=0.49-ru=10/config-742.txt.gz,1.15,0.12,66.0
SRRW-MARCELO-L=130-N=280112-phi=0.12-alpha=1.15-bmax=20-r=0.49-ru=10/config-743.txt.gz,1.15,0.12,77.0
SRRW-MARCELO-L=130-N=280112-phi=0.12-alpha=1.15-bmax=20-r=0.49-ru=10/config-744.txt.gz,1.15,0.12,53.0
SRRW-MARCELO-L=130-N=280112-phi=0.12-alpha=1.15-bmax=20-r=0.49-ru=10/config-745.txt.gz,1.15,0.12,76.0
SRRW-MARCELO-L=130-N=280112-phi=0.12-alpha=1.15-bmax=20-r=0.49-ru=10/config-746.txt.gz,1.15,0.12,60.0
SRRW-MARCELO-L=130-N=280112-phi=0.12-alpha=1.15-bmax=20-r=0.49-ru=10/config-747.txt.gz,1.15,0.12,57.0
SRRW-MARCELO-L=130-N=280112-phi=0.12-alpha=1.15-bmax=20-r=0.49-ru=10/config-748.txt.gz,1.15,0.12,58.0
SRRW-MARCELO-L=130-N=280112-phi=0.12-alpha=1.15-bmax=20-r=0.49-ru=10/config-749.txt.gz,1.15,0.12,72.0
SRRW-MARCELO-L=130-N=280112-phi=0.12-alpha=1.15-bmax=20-r=0.49-ru=10/config-75.txt.gz,1.15,0.12,66.0
SRRW-MARCELO-L=130-N=280112-phi=0.12-alpha=1.15-bmax=20-r=0.49-ru=10/config-750.txt.gz,1.15,0.12,63.0
SRRW-MARCELO-L=130-N=280112-phi=0.12-alpha=1.15-bmax=20-r=0.49-ru=10/config-751.txt.gz,1.15,0.12,69.0
SRRW-MARCELO-L=130-N=280112-phi=0.12-alpha=1.15-bmax=20-r=0.49-ru=10/config-752.txt.gz,1.15,0.12,67.0
SRRW-MARCELO-L=130-N=280112-phi=0.12-alpha=1.15-bmax=20-r=0.49-ru=10/config-753.txt.gz,1.15,0.12,71.0
SRRW-MARCELO-L=130-N=280112-phi=0.12-alpha=1.15-bmax=20-r=0.49-ru=10/config-754.txt.gz,1.15,0.12,68.0
SRRW-MARCELO-L=130-N=280112-phi=0.12-alpha=1.15-bmax=20-r=0.49-ru=10/config-755.txt.gz,1.15,0.12,66.0
SRRW-MARCELO-L=130-N=280112-phi=0.12-alpha=1.15-bmax=20-r=0.49-ru=10/config-756.txt.gz,1.15,0.12,66.0
SRRW-MARCELO-L=130-N=280112-phi=0.12-alpha=1.15-bmax=20-r=0.49-ru=10/config-757.txt.gz,1.15,0.12,77.0
SRRW-MARCELO-L=130-N=280112-phi=0.12-alpha=1.15-bmax=20-r=0.49-ru=10/config-758.txt.gz,1.15,0.12,60.0
SRRW-MARCELO-L=130-N=280112-phi=0.12-alpha=1.15-bmax=20-r=0.49-ru=10/config-759.txt.gz,1.15,0.12,64.0
SRRW-MARCELO-L=130-N=280112-phi=0.12-alpha=1.15-bmax=20-r=0.49-ru=10/config-76.txt.gz,1.15,0.12,64.0
SRRW-MARCELO-L=130-N=280112-phi=0.12-alpha=1.15-bmax=20-r=0.49-ru=10/config-760.txt.gz,1.15,0.12,65.0
SRRW-MARCELO-L=130-N=280112-phi=0.12-alpha=1.15-bmax=20-r=0.49-ru=10/config-761.txt.gz,1.15,0.12,69.0
SRRW-MARCELO-L=130-N=280112-phi=0.12-alpha=1.15-bmax=20-r=0.49-ru=10/config-762.txt.gz,1.15,0.12,64.0
SRRW-MARCELO-L=130-N=280112-phi=0.12-alpha=1.15-bmax=20-r=0.49-ru=10/config-763.txt.gz,1.15,0.12,70.0
SRRW-MARCELO-L=130-N=280112-phi=0.12-alpha=1.15-bmax=20-r=0.49-ru=10/config-764.txt.gz,1.15,0.12,75.0
SRRW-MARCELO-L=130-N=280112-phi=0.12-alpha=1.15-bmax=20-r=0.49-ru=10/config-765.txt.gz,1.15,0.12,83.0
SRRW-MARCELO-L=130-N=280112-phi=0.12-alpha=1.15-bmax=20-r=0.49-ru=10/config-766.txt.gz,1.15,0.12,74.0
SRRW-MARCELO-L=130-N=280112-phi=0.12-alpha=1.15-bmax=20-r=0.49-ru=10/config-767.txt.gz,1.15,0.12,77.0
SRRW-MARCELO-L=130-N=280112-phi=0.12-alpha=1.15-bmax=20-r=0.49-ru=10/config-768.txt.gz,1.15,0.12,74.0
SRRW-MARCELO-L=130-N=280112-phi=0.12-alpha=1.15-bmax=20-r=0.49-ru=10/config-769.txt.gz,1.15,0.12,79.0
SRRW-MARCELO-L=130-N=280112-phi=0.12-alpha=1.15-bmax=20-r=0.49-ru=10/config-77.txt.gz,1.15,0.12,61.0
SRRW-MARCELO-L=130-N=280112-phi=0.12-alpha=1.15-bmax=20-r=0.49-ru=10/config-770.txt.gz,1.15,0.12,62.0
SRRW-MARCELO-L=130-N=280112-phi=0.12-alpha=1.15-bmax=20-r=0.49-ru=10/config-771.txt.gz,1.15,0.12,68.0
SRRW-MARCELO-L=130-N=280112-phi=0.12-alpha=1.15-bmax=20-r=0.49-ru=10/config-772.txt.gz,1.15,0.12,84.0
SRRW-MARCELO-L=130-N=280112-phi=0.12-alpha=1.15-bmax=20-r=0.49-ru=10/config-773.txt.gz,1.15,0.12,73.0
SRRW-MARCELO-L=130-N=280112-phi=0.12-alpha=1.15-bmax=20-r=0.49-ru=10/config-774.txt.gz,1.15,0.12,72.0
SRRW-MARCELO-L=130-N=280112-phi=0.12-alpha=1.15-bmax=20-r=0.49-ru=10/config-775.txt.gz,1.15,0.12,71.0
SRRW-MARCELO-L=130-N=280112-phi=0.12-alpha=1.15-bmax=20-r=0.49-ru=10/config-776.txt.gz,1.15,0.12,71.0
SRRW-MARCELO-L=130-N=280112-phi=0.12-alpha=1.15-bmax=20-r=0.49-ru=10/config-777.txt.gz,1.15,0.12,74.0
SRRW-MARCELO-L=130-N=280112-phi=0.12-alpha=1.15-bmax=20-r=0.49-ru=10/config-778.txt.gz,1.15,0.12,71.0
SRRW-MARCELO-L=130-N=280112-phi=0.12-alpha=1.15-bmax=20-r=0.49-ru=10/config-779.txt.gz,1.15,0.12,45.0
SRRW-MARCELO-L=130-N=280112-phi=0.12-alpha=1.15-bmax=20-r=0.49-ru=10/config-78.txt.gz,1.15,0.12,64.0
SRRW-MARCELO-L=130-N=280112-phi=0.12-alpha=1.15-bmax=20-r=0.49-ru=10/config-780.txt.gz,1.15,0.12,66.0
SRRW-MARCELO-L=130-N=280112-phi=0.12-alpha=1.15-bmax=20-r=0.49-ru=10/config-781.txt.gz,1.15,0.12,79.0
SRRW-MARCELO-L=130-N=280112-phi=0.12-alpha=1.15-bmax=20-r=0.49-ru=10/config-782.txt.gz,1.15,0.12,64.0
SRRW-MARCELO-L=130-N=280112-phi=0.12-alpha=1.15-bmax=20-r=0.49-ru=10/config-783.txt.gz,1.15,0.12,71.0
SRRW-MARCELO-L=130-N=280112-phi=0.12-alpha=1.15-bmax=20-r=0.49-ru=10/config-784.txt.gz,1.15,0.12,70.0
SRRW-MARCELO-L=130-N=280112-phi=0.12-alpha=1.15-bmax=20-r=0.49-ru=10/config-785.txt.gz,1.15,0.12,59.0
SRRW-MARCELO-L=130-N=280112-phi=0.12-alpha=1.15-bmax=20-r=0.49-ru=10/config-786.txt.gz,1.15,0.12,66.0
SRRW-MARCELO-L=130-N=280112-phi=0.12-alpha=1.15-bmax=20-r=0.49-ru=10/config-787.txt.gz,1.15,0.12,80.0
SRRW-MARCELO-L=130-N=280112-phi=0.12-alpha=1.15-bmax=20-r=0.49-ru=10/config-788.txt.gz,1.15,0.12,72.0
SRRW-MARCELO-L=130-N=280112-phi=0.12-alpha=1.15-bmax=20-r=0.49-ru=10/config-789.txt.gz,1.15,0.12,68.0
SRRW-MARCELO-L=130-N=280112-phi=0.12-alpha=1.15-bmax=20-r=0.49-ru=10/config-79.txt.gz,1.15,0.12,66.0
SRRW-MARCELO-L=130-N=280112-phi=0.12-alpha=1.15-bmax=20-r=0.49-ru=10/config-790.txt.gz,1.15,0.12,72.0
SRRW-MARCELO-L=130-N=280112-phi=0.12-alpha=1.15-bmax=20-r=0.49-ru=10/config-791.txt.gz,1.15,0.12,71.0
SRRW-MARCELO-L=130-N=280112-phi=0.12-alpha=1.15-bmax=20-r=0.49-ru=10/config-792.txt.gz,1.15,0.12,66.0
SRRW-MARCELO-L=130-N=280112-phi=0.12-alpha=1.15-bmax=20-r=0.49-ru=10/config-793.txt.gz,1.15,0.12,70.0
SRRW-MARCELO-L=130-N=280112-phi=0.12-alpha=1.15-bmax=20-r=0.49-ru=10/config-794.txt.gz,1.15,0.12,63.0
SRRW-MARCELO-L=130-N=280112-phi=0.12-alpha=1.15-bmax=20-r=0.49-ru=10/config-795.txt.gz,1.15,0.12,63.0
SRRW-MARCELO-L=130-N=280112-phi=0.12-alpha=1.15-bmax=20-r=0.49-ru=10/config-796.txt.gz,1.15,0.12,69.0
SRRW-MARCELO-L=130-N=280112-phi=0.12-alpha=1.15-bmax=20-r=0.49-ru=10/config-797.txt.gz,1.15,0.12,65.0
SRRW-MARCELO-L=130-N=280112-phi=0.12-alpha=1.15-bmax=20-r=0.49-ru=10/config-798.txt.gz,1.15,0.12,79.0
SRRW-MARCELO-L=130-N=280112-phi=0.12-alpha=1.15-bmax=20-r=0.49-ru=10/config-799.txt.gz,1.15,0.12,74.0
SRRW-MARCELO-L=130-N=280112-phi=0.12-alpha=1.15-bmax=20-r=0.49-ru=10/config-8.txt.gz,1.15,0.12,62.0
SRRW-MARCELO-L=130-N=280112-phi=0.12-alpha=1.15-bmax=20-r=0.49-ru=10/config-80.txt.gz,1.15,0.12,78.0
SRRW-MARCELO-L=130-N=280112-phi=0.12-alpha=1.15-bmax=20-r=0.49-ru=10/config-800.txt.gz,1.15,0.12,75.0
SRRW-MARCELO-L=130-N=280112-phi=0.12-alpha=1.15-bmax=20-r=0.49-ru=10/config-801.txt.gz,1.15,0.12,75.0
SRRW-MARCELO-L=130-N=280112-phi=0.12-alpha=1.15-bmax=20-r=0.49-ru=10/config-802.txt.gz,1.15,0.12,78.0
SRRW-MARCELO-L=130-N=280112-phi=0.12-alpha=1.15-bmax=20-r=0.49-ru=10/config-803.txt.gz,1.15,0.12,73.0
SRRW-MARCELO-L=130-N=280112-phi=0.12-alpha=1.15-bmax=20-r=0.49-ru=10/config-804.txt.gz,1.15,0.12,81.0
SRRW-MARCELO-L=130-N=280112-phi=0.12-alpha=1.15-bmax=20-r=0.49-ru=10/config-805.txt.gz,1.15,0.12,68.0
SRRW-MARCELO-L=130-N=280112-phi=0.12-alpha=1.15-bmax=20-r=0.49-ru=10/config-806.txt.gz,1.15,0.12,79.0
SRRW-MARCELO-L=130-N=280112-phi=0.12-alpha=1.15-bmax=20-r=0.49-ru=10/config-807.txt.gz,1.15,0.12,66.0
SRRW-MARCELO-L=130-N=280112-phi=0.12-alpha=1.15-bmax=20-r=0.49-ru=10/config-808.txt.gz,1.15,0.12,77.0
SRRW-MARCELO-L=130-N=280112-phi=0.12-alpha=1.15-bmax=20-r=0.49-ru=10/config-809.txt.gz,1.15,0.12,83.0
SRRW-MARCELO-L=130-N=280112-phi=0.12-alpha=1.15-bmax=20-r=0.49-ru=10/config-81.txt.gz,1.15,0.12,62.0
SRRW-MARCELO-L=130-N=280112-phi=0.12-alpha=1.15-bmax=20-r=0.49-ru=10/config-810.txt.gz,1.15,0.12,87.0
SRRW-MARCELO-L=130-N=280112-phi=0.12-alpha=1.15-bmax=20-r=0.49-ru=10/config-811.txt.gz,1.15,0.12,72.0
SRRW-MARCELO-L=130-N=280112-phi=0.12-alpha=1.15-bmax=20-r=0.49-ru=10/config-812.txt.gz,1.15,0.12,62.0
SRRW-MARCELO-L=130-N=280112-phi=0.12-alpha=1.15-bmax=20-r=0.49-ru=10/config-813.txt.gz,1.15,0.12,71.0
SRRW-MARCELO-L=130-N=280112-phi=0.12-alpha=1.15-bmax=20-r=0.49-ru=10/config-814.txt.gz,1.15,0.12,80.0
SRRW-MARCELO-L=130-N=280112-phi=0.12-alpha=1.15-bmax=20-r=0.49-ru=10/config-815.txt.gz,1.15,0.12,61.0
SRRW-MARCELO-L=130-N=280112-phi=0.12-alpha=1.15-bmax=20-r=0.49-ru=10/config-816.txt.gz,1.15,0.12,78.0
SRRW-MARCELO-L=130-N=280112-phi=0.12-alpha=1.15-bmax=20-r=0.49-ru=10/config-817.txt.gz,1.15,0.12,72.0
SRRW-MARCELO-L=130-N=280112-phi=0.12-alpha=1.15-bmax=20-r=0.49-ru=10/config-818.txt.gz,1.15,0.12,64.0
SRRW-MARCELO-L=130-N=280112-phi=0.12-alpha=1.15-bmax=20-r=0.49-ru=10/config-819.txt.gz,1.15,0.12,70.0
SRRW-MARCELO-L=130-N=280112-phi=0.12-alpha=1.15-bmax=20-r=0.49-ru=10/config-82.txt.gz,1.15,0.12,79.0
SRRW-MARCELO-L=130-N=280112-phi=0.12-alpha=1.15-bmax=20-r=0.49-ru=10/config-820.txt.gz,1.15,0.12,60.0
SRRW-MARCELO-L=130-N=280112-phi=0.12-alpha=1.15-bmax=20-r=0.49-ru=10/config-821.txt.gz,1.15,0.12,71.0
SRRW-MARCELO-L=130-N=280112-phi=0.12-alpha=1.15-bmax=20-r=0.49-ru=10/config-822.txt.gz,1.15,0.12,56.0
SRRW-MARCELO-L=130-N=280112-phi=0.12-alpha=1.15-bmax=20-r=0.49-ru=10/config-823.txt.gz,1.15,0.12,73.0
SRRW-MARCELO-L=130-N=280112-phi=0.12-alpha=1.15-bmax=20-r=0.49-ru=10/config-824.txt.gz,1.15,0.12,64.0
SRRW-MARCELO-L=130-N=280112-phi=0.12-alpha=1.15-bmax=20-r=0.49-ru=10/config-825.txt.gz,1.15,0.12,64.0
SRRW-MARCELO-L=130-N=280112-phi=0.12-alpha=1.15-bmax=20-r=0.49-ru=10/config-826.txt.gz,1.15,0.12,63.0
SRRW-MARCELO-L=130-N=280112-phi=0.12-alpha=1.15-bmax=20-r=0.49-ru=10/config-827.txt.gz,1.15,0.12,63.0
SRRW-MARCELO-L=130-N=280112-phi=0.12-alpha=1.15-bmax=20-r=0.49-ru=10/config-828.txt.gz,1.15,0.12,74.0
SRRW-MARCELO-L=130-N=280112-phi=0.12-alpha=1.15-bmax=20-r=0.49-ru=10/config-829.txt.gz,1.15,0.12,69.0
SRRW-MARCELO-L=130-N=280112-phi=0.12-alpha=1.15-bmax=20-r=0.49-ru=10/config-83.txt.gz,1.15,0.12,84.0
SRRW-MARCELO-L=130-N=280112-phi=0.12-alpha=1.15-bmax=20-r=0.49-ru=10/config-830.txt.gz,1.15,0.12,75.0
SRRW-MARCELO-L=130-N=280112-phi=0.12-alpha=1.15-bmax=20-r=0.49-ru=10/config-831.txt.gz,1.15,0.12,61.0
SRRW-MARCELO-L=130-N=280112-phi=0.12-alpha=1.15-bmax=20-r=0.49-ru=10/config-832.txt.gz,1.15,0.12,76.0
SRRW-MARCELO-L=130-N=280112-phi=0.12-alpha=1.15-bmax=20-r=0.49-ru=10/config-833.txt.gz,1.15,0.12,70.0
SRRW-MARCELO-L=130-N=280112-phi=0.12-alpha=1.15-bmax=20-r=0.49-ru=10/config-834.txt.gz,1.15,0.12,77.0
SRRW-MARCELO-L=130-N=280112-phi=0.12-alpha=1.15-bmax=20-r=0.49-ru=10/config-835.txt.gz,1.15,0.12,63.0
SRRW-MARCELO-L=130-N=280112-phi=0.12-alpha=1.15-bmax=20-r=0.49-ru=10/config-836.txt.gz,1.15,0.12,61.0
SRRW-MARCELO-L=130-N=280112-phi=0.12-alpha=1.15-bmax=20-r=0.49-ru=10/config-837.txt.gz,1.15,0.12,79.0
SRRW-MARCELO-L=130-N=280112-phi=0.12-alpha=1.15-bmax=20-r=0.49-ru=10/config-838.txt.gz,1.15,0.12,71.0
SRRW-MARCELO-L=130-N=280112-phi=0.12-alpha=1.15-bmax=20-r=0.49-ru=10/config-839.txt.gz,1.15,0.12,54.0
SRRW-MARCELO-L=130-N=280112-phi=0.12-alpha=1.15-bmax=20-r=0.49-ru=10/config-84.txt.gz,1.15,0.12,67.0
SRRW-MARCELO-L=130-N=280112-phi=0.12-alpha=1.15-bmax=20-r=0.49-ru=10/config-840.txt.gz,1.15,0.12,66.0
SRRW-MARCELO-L=130-N=280112-phi=0.12-alpha=1.15-bmax=20-r=0.49-ru=10/config-841.txt.gz,1.15,0.12,75.0
SRRW-MARCELO-L=130-N=280112-phi=0.12-alpha=1.15-bmax=20-r=0.49-ru=10/config-842.txt.gz,1.15,0.12,72.0
SRRW-MARCELO-L=130-N=280112-phi=0.12-alpha=1.15-bmax=20-r=0.49-ru=10/config-843.txt.gz,1.15,0.12,69.0
SRRW-MARCELO-L=130-N=280112-phi=0.12-alpha=1.15-bmax=20-r=0.49-ru=10/config-844.txt.gz,1.15,0.12,91.0
SRRW-MARCELO-L=130-N=280112-phi=0.12-alpha=1.15-bmax=20-r=0.49-ru=10/config-845.txt.gz,1.15,0.12,64.0
SRRW-MARCELO-L=130-N=280112-phi=0.12-alpha=1.15-bmax=20-r=0.49-ru=10/config-846.txt.gz,1.15,0.12,74.0
SRRW-MARCELO-L=130-N=280112-phi=0.12-alpha=1.15-bmax=20-r=0.49-ru=10/config-847.txt.gz,1.15,0.12,71.0
SRRW-MARCELO-L=130-N=280112-phi=0.12-alpha=1.15-bmax=20-r=0.49-ru=10/config-848.txt.gz,1.15,0.12,69.0
SRRW-MARCELO-L=130-N=280112-phi=0.12-alpha=1.15-bmax=20-r=0.49-ru=10/config-849.txt.gz,1.15,0.12,71.0
SRRW-MARCELO-L=130-N=280112-phi=0.12-alpha=1.15-bmax=20-r=0.49-ru=10/config-85.txt.gz,1.15,0.12,71.0
SRRW-MARCELO-L=130-N=280112-phi=0.12-alpha=1.15-bmax=20-r=0.49-ru=10/config-850.txt.gz,1.15,0.12,68.0
SRRW-MARCELO-L=130-N=280112-phi=0.12-alpha=1.15-bmax=20-r=0.49-ru=10/config-851.txt.gz,1.15,0.12,72.0
SRRW-MARCELO-L=130-N=280112-phi=0.12-alpha=1.15-bmax=20-r=0.49-ru=10/config-852.txt.gz,1.15,0.12,71.0
SRRW-MARCELO-L=130-N=280112-phi=0.12-alpha=1.15-bmax=20-r=0.49-ru=10/config-853.txt.gz,1.15,0.12,45.0
SRRW-MARCELO-L=130-N=280112-phi=0.12-alpha=1.15-bmax=20-r=0.49-ru=10/config-854.txt.gz,1.15,0.12,59.0
SRRW-MARCELO-L=130-N=280112-phi=0.12-alpha=1.15-bmax=20-r=0.49-ru=10/config-855.txt.gz,1.15,0.12,79.0
SRRW-MARCELO-L=130-N=280112-phi=0.12-alpha=1.15-bmax=20-r=0.49-ru=10/config-856.txt.gz,1.15,0.12,74.0
SRRW-MARCELO-L=130-N=280112-phi=0.12-alpha=1.15-bmax=20-r=0.49-ru=10/config-857.txt.gz,1.15,0.12,78.0
SRRW-MARCELO-L=130-N=280112-phi=0.12-alpha=1.15-bmax=20-r=0.49-ru=10/config-858.txt.gz,1.15,0.12,80.0
SRRW-MARCELO-L=130-N=280112-phi=0.12-alpha=1.15-bmax=20-r=0.49-ru=10/config-859.txt.gz,1.15,0.12,68.0
SRRW-MARCELO-L=130-N=280112-phi=0.12-alpha=1.15-bmax=20-r=0.49-ru=10/config-86.txt.gz,1.15,0.12,71.0
SRRW-MARCELO-L=130-N=280112-phi=0.12-alpha=1.15-bmax=20-r=0.49-ru=10/config-860.txt.gz,1.15,0.12,72.0
SRRW-MARCELO-L=130-N=280112-phi=0.12-alpha=1.15-bmax=20-r=0.49-ru=10/config-861.txt.gz,1.15,0.12,72.0
SRRW-MARCELO-L=130-N=280112-phi=0.12-alpha=1.15-bmax=20-r=0.49-ru=10/config-862.txt.gz,1.15,0.12,68.0
SRRW-MARCELO-L=130-N=280112-phi=0.12-alpha=1.15-bmax=20-r=0.49-ru=10/config-863.txt.gz,1.15,0.12,60.0
SRRW-MARCELO-L=130-N=280112-phi=0.12-alpha=1.15-bmax=20-r=0.49-ru=10/config-864.txt.gz,1.15,0.12,58.0
SRRW-MARCELO-L=130-N=280112-phi=0.12-alpha=1.15-bmax=20-r=0.49-ru=10/config-865.txt.gz,1.15,0.12,61.0
SRRW-MARCELO-L=130-N=280112-phi=0.12-alpha=1.15-bmax=20-r=0.49-ru=10/config-866.txt.gz,1.15,0.12,57.0
SRRW-MARCELO-L=130-N=280112-phi=0.12-alpha=1.15-bmax=20-r=0.49-ru=10/config-867.txt.gz,1.15,0.12,74.0
SRRW-MARCELO-L=130-N=280112-phi=0.12-alpha=1.15-bmax=20-r=0.49-ru=10/config-868.txt.gz,1.15,0.12,74.0
SRRW-MARCELO-L=130-N=280112-phi=0.12-alpha=1.15-bmax=20-r=0.49-ru=10/config-869.txt.gz,1.15,0.12,83.0
SRRW-MARCELO-L=130-N=280112-phi=0.12-alpha=1.15-bmax=20-r=0.49-ru=10/config-87.txt.gz,1.15,0.12,63.0
SRRW-MARCELO-L=130-N=280112-phi=0.12-alpha=1.15-bmax=20-r=0.49-ru=10/config-870.txt.gz,1.15,0.12,67.0
SRRW-MARCELO-L=130-N=280112-phi=0.12-alpha=1.15-bmax=20-r=0.49-ru=10/config-871.txt.gz,1.15,0.12,61.0
SRRW-MARCELO-L=130-N=280112-phi=0.12-alpha=1.15-bmax=20-r=0.49-ru=10/config-872.txt.gz,1.15,0.12,78.0
SRRW-MARCELO-L=130-N=280112-phi=0.12-alpha=1.15-bmax=20-r=0.49-ru=10/config-873.txt.gz,1.15,0.12,75.0
SRRW-MARCELO-L=130-N=280112-phi=0.12-alpha=1.15-bmax=20-r=0.49-ru=10/config-874.txt.gz,1.15,0.12,83.0
SRRW-MARCELO-L=130-N=280112-phi=0.12-alpha=1.15-bmax=20-r=0.49-ru=10/config-875.txt.gz,1.15,0.12,71.0
SRRW-MARCELO-L=130-N=280112-phi=0.12-alpha=1.15-bmax=20-r=0.49-ru=10/config-876.txt.gz,1.15,0.12,51.0
SRRW-MARCELO-L=130-N=280112-phi=0.12-alpha=1.15-bmax=20-r=0.49-ru=10/config-877.txt.gz,1.15,0.12,71.0
SRRW-MARCELO-L=130-N=280112-phi=0.12-alpha=1.15-bmax=20-r=0.49-ru=10/config-878.txt.gz,1.15,0.12,82.0
SRRW-MARCELO-L=130-N=280112-phi=0.12-alpha=1.15-bmax=20-r=0.49-ru=10/config-879.txt.gz,1.15,0.12,77.0
SRRW-MARCELO-L=130-N=280112-phi=0.12-alpha=1.15-bmax=20-r=0.49-ru=10/config-88.txt.gz,1.15,0.12,77.0
SRRW-MARCELO-L=130-N=280112-phi=0.12-alpha=1.15-bmax=20-r=0.49-ru=10/config-880.txt.gz,1.15,0.12,67.0
SRRW-MARCELO-L=130-N=280112-phi=0.12-alpha=1.15-bmax=20-r=0.49-ru=10/config-881.txt.gz,1.15,0.12,65.0
SRRW-MARCELO-L=130-N=280112-phi=0.12-alpha=1.15-bmax=20-r=0.49-ru=10/config-882.txt.gz,1.15,0.12,78.0
SRRW-MARCELO-L=130-N=280112-phi=0.12-alpha=1.15-bmax=20-r=0.49-ru=10/config-883.txt.gz,1.15,0.12,71.0
SRRW-MARCELO-L=130-N=280112-phi=0.12-alpha=1.15-bmax=20-r=0.49-ru=10/config-884.txt.gz,1.15,0.12,86.0
SRRW-MARCELO-L=130-N=280112-phi=0.12-alpha=1.15-bmax=20-r=0.49-ru=10/config-885.txt.gz,1.15,0.12,66.0
SRRW-MARCELO-L=130-N=280112-phi=0.12-alpha=1.15-bmax=20-r=0.49-ru=10/config-886.txt.gz,1.15,0.12,69.0
SRRW-MARCELO-L=130-N=280112-phi=0.12-alpha=1.15-bmax=20-r=0.49-ru=10/config-887.txt.gz,1.15,0.12,83.0
SRRW-MARCELO-L=130-N=280112-phi=0.12-alpha=1.15-bmax=20-r=0.49-ru=10/config-888.txt.gz,1.15,0.12,57.0
SRRW-MARCELO-L=130-N=280112-phi=0.12-alpha=1.15-bmax=20-r=0.49-ru=10/config-889.txt.gz,1.15,0.12,61.0
SRRW-MARCELO-L=130-N=280112-phi=0.12-alpha=1.15-bmax=20-r=0.49-ru=10/config-89.txt.gz,1.15,0.12,57.0
SRRW-MARCELO-L=130-N=280112-phi=0.12-alpha=1.15-bmax=20-r=0.49-ru=10/config-890.txt.gz,1.15,0.12,54.0
SRRW-MARCELO-L=130-N=280112-phi=0.12-alpha=1.15-bmax=20-r=0.49-ru=10/config-891.txt.gz,1.15,0.12,68.0
SRRW-MARCELO-L=130-N=280112-phi=0.12-alpha=1.15-bmax=20-r=0.49-ru=10/config-892.txt.gz,1.15,0.12,67.0
SRRW-MARCELO-L=130-N=280112-phi=0.12-alpha=1.15-bmax=20-r=0.49-ru=10/config-893.txt.gz,1.15,0.12,75.0
SRRW-MARCELO-L=130-N=280112-phi=0.12-alpha=1.15-bmax=20-r=0.49-ru=10/config-894.txt.gz,1.15,0.12,62.0
SRRW-MARCELO-L=130-N=280112-phi=0.12-alpha=1.15-bmax=20-r=0.49-ru=10/config-895.txt.gz,1.15,0.12,84.0
SRRW-MARCELO-L=130-N=280112-phi=0.12-alpha=1.15-bmax=20-r=0.49-ru=10/config-896.txt.gz,1.15,0.12,69.0
SRRW-MARCELO-L=130-N=280112-phi=0.12-alpha=1.15-bmax=20-r=0.49-ru=10/config-897.txt.gz,1.15,0.12,65.0
SRRW-MARCELO-L=130-N=280112-phi=0.12-alpha=1.15-bmax=20-r=0.49-ru=10/config-898.txt.gz,1.15,0.12,75.0
SRRW-MARCELO-L=130-N=280112-phi=0.12-alpha=1.15-bmax=20-r=0.49-ru=10/config-899.txt.gz,1.15,0.12,70.0
SRRW-MARCELO-L=130-N=280112-phi=0.12-alpha=1.15-bmax=20-r=0.49-ru=10/config-9.txt.gz,1.15,0.12,67.0
SRRW-MARCELO-L=130-N=280112-phi=0.12-alpha=1.15-bmax=20-r=0.49-ru=10/config-90.txt.gz,1.15,0.12,69.0
SRRW-MARCELO-L=130-N=280112-phi=0.12-alpha=1.15-bmax=20-r=0.49-ru=10/config-900.txt.gz,1.15,0.12,84.0
SRRW-MARCELO-L=130-N=280112-phi=0.12-alpha=1.15-bmax=20-r=0.49-ru=10/config-901.txt.gz,1.15,0.12,70.0
SRRW-MARCELO-L=130-N=280112-phi=0.12-alpha=1.15-bmax=20-r=0.49-ru=10/config-902.txt.gz,1.15,0.12,82.0
SRRW-MARCELO-L=130-N=280112-phi=0.12-alpha=1.15-bmax=20-r=0.49-ru=10/config-903.txt.gz,1.15,0.12,68.0
SRRW-MARCELO-L=130-N=280112-phi=0.12-alpha=1.15-bmax=20-r=0.49-ru=10/config-904.txt.gz,1.15,0.12,65.0
SRRW-MARCELO-L=130-N=280112-phi=0.12-alpha=1.15-bmax=20-r=0.49-ru=10/config-905.txt.gz,1.15,0.12,78.0
SRRW-MARCELO-L=130-N=280112-phi=0.12-alpha=1.15-bmax=20-r=0.49-ru=10/config-906.txt.gz,1.15,0.12,68.0
SRRW-MARCELO-L=130-N=280112-phi=0.12-alpha=1.15-bmax=20-r=0.49-ru=10/config-907.txt.gz,1.15,0.12,66.0
SRRW-MARCELO-L=130-N=280112-phi=0.12-alpha=1.15-bmax=20-r=0.49-ru=10/config-908.txt.gz,1.15,0.12,49.0
SRRW-MARCELO-L=130-N=280112-phi=0.12-alpha=1.15-bmax=20-r=0.49-ru=10/config-909.txt.gz,1.15,0.12,80.0
SRRW-MARCELO-L=130-N=280112-phi=0.12-alpha=1.15-bmax=20-r=0.49-ru=10/config-91.txt.gz,1.15,0.12,74.0
SRRW-MARCELO-L=130-N=280112-phi=0.12-alpha=1.15-bmax=20-r=0.49-ru=10/config-910.txt.gz,1.15,0.12,72.0
SRRW-MARCELO-L=130-N=280112-phi=0.12-alpha=1.15-bmax=20-r=0.49-ru=10/config-911.txt.gz,1.15,0.12,85.0
SRRW-MARCELO-L=130-N=280112-phi=0.12-alpha=1.15-bmax=20-r=0.49-ru=10/config-912.txt.gz,1.15,0.12,87.0
SRRW-MARCELO-L=130-N=280112-phi=0.12-alpha=1.15-bmax=20-r=0.49-ru=10/config-913.txt.gz,1.15,0.12,65.0
SRRW-MARCELO-L=130-N=280112-phi=0.12-alpha=1.15-bmax=20-r=0.49-ru=10/config-914.txt.gz,1.15,0.12,71.0
SRRW-MARCELO-L=130-N=280112-phi=0.12-alpha=1.15-bmax=20-r=0.49-ru=10/config-915.txt.gz,1.15,0.12,75.0
SRRW-MARCELO-L=130-N=280112-phi=0.12-alpha=1.15-bmax=20-r=0.49-ru=10/config-916.txt.gz,1.15,0.12,62.0
SRRW-MARCELO-L=130-N=280112-phi=0.12-alpha=1.15-bmax=20-r=0.49-ru=10/config-917.txt.gz,1.15,0.12,66.0
SRRW-MARCELO-L=130-N=280112-phi=0.12-alpha=1.15-bmax=20-r=0.49-ru=10/config-918.txt.gz,1.15,0.12,77.0
SRRW-MARCELO-L=130-N=280112-phi=0.12-alpha=1.15-bmax=20-r=0.49-ru=10/config-919.txt.gz,1.15,0.12,75.0
SRRW-MARCELO-L=130-N=280112-phi=0.12-alpha=1.15-bmax=20-r=0.49-ru=10/config-92.txt.gz,1.15,0.12,73.0
SRRW-MARCELO-L=130-N=280112-phi=0.12-alpha=1.15-bmax=20-r=0.49-ru=10/config-920.txt.gz,1.15,0.12,81.0
SRRW-MARCELO-L=130-N=280112-phi=0.12-alpha=1.15-bmax=20-r=0.49-ru=10/config-921.txt.gz,1.15,0.12,78.0
SRRW-MARCELO-L=130-N=280112-phi=0.12-alpha=1.15-bmax=20-r=0.49-ru=10/config-922.txt.gz,1.15,0.12,50.0
SRRW-MARCELO-L=130-N=280112-phi=0.12-alpha=1.15-bmax=20-r=0.49-ru=10/config-923.txt.gz,1.15,0.12,84.0
SRRW-MARCELO-L=130-N=280112-phi=0.12-alpha=1.15-bmax=20-r=0.49-ru=10/config-924.txt.gz,1.15,0.12,63.0
SRRW-MARCELO-L=130-N=280112-phi=0.12-alpha=1.15-bmax=20-r=0.49-ru=10/config-925.txt.gz,1.15,0.12,71.0
SRRW-MARCELO-L=130-N=280112-phi=0.12-alpha=1.15-bmax=20-r=0.49-ru=10/config-926.txt.gz,1.15,0.12,85.0
SRRW-MARCELO-L=130-N=280112-phi=0.12-alpha=1.15-bmax=20-r=0.49-ru=10/config-927.txt.gz,1.15,0.12,78.0
SRRW-MARCELO-L=130-N=280112-phi=0.12-alpha=1.15-bmax=20-r=0.49-ru=10/config-928.txt.gz,1.15,0.12,66.0
SRRW-MARCELO-L=130-N=280112-phi=0.12-alpha=1.15-bmax=20-r=0.49-ru=10/config-929.txt.gz,1.15,0.12,73.0
SRRW-MARCELO-L=130-N=280112-phi=0.12-alpha=1.15-bmax=20-r=0.49-ru=10/config-93.txt.gz,1.15,0.12,72.0
SRRW-MARCELO-L=130-N=280112-phi=0.12-alpha=1.15-bmax=20-r=0.49-ru=10/config-930.txt.gz,1.15,0.12,56.0
SRRW-MARCELO-L=130-N=280112-phi=0.12-alpha=1.15-bmax=20-r=0.49-ru=10/config-931.txt.gz,1.15,0.12,70.0
SRRW-MARCELO-L=130-N=280112-phi=0.12-alpha=1.15-bmax=20-r=0.49-ru=10/config-932.txt.gz,1.15,0.12,73.0
SRRW-MARCELO-L=130-N=280112-phi=0.12-alpha=1.15-bmax=20-r=0.49-ru=10/config-933.txt.gz,1.15,0.12,74.0
SRRW-MARCELO-L=130-N=280112-phi=0.12-alpha=1.15-bmax=20-r=0.49-ru=10/config-934.txt.gz,1.15,0.12,61.0
SRRW-MARCELO-L=130-N=280112-phi=0.12-alpha=1.15-bmax=20-r=0.49-ru=10/config-935.txt.gz,1.15,0.12,60.0
SRRW-MARCELO-L=130-N=280112-phi=0.12-alpha=1.15-bmax=20-r=0.49-ru=10/config-936.txt.gz,1.15,0.12,71.0
SRRW-MARCELO-L=130-N=280112-phi=0.12-alpha=1.15-bmax=20-r=0.49-ru=10/config-937.txt.gz,1.15,0.12,65.0
SRRW-MARCELO-L=130-N=280112-phi=0.12-alpha=1.15-bmax=20-r=0.49-ru=10/config-938.txt.gz,1.15,0.12,74.0
SRRW-MARCELO-L=130-N=280112-phi=0.12-alpha=1.15-bmax=20-r=0.49-ru=10/config-939.txt.gz,1.15,0.12,70.0
SRRW-MARCELO-L=130-N=280112-phi=0.12-alpha=1.15-bmax=20-r=0.49-ru=10/config-94.txt.gz,1.15,0.12,65.0
SRRW-MARCELO-L=130-N=280112-phi=0.12-alpha=1.15-bmax=20-r=0.49-ru=10/config-940.txt.gz,1.15,0.12,80.0
SRRW-MARCELO-L=130-N=280112-phi=0.12-alpha=1.15-bmax=20-r=0.49-ru=10/config-941.txt.gz,1.15,0.12,62.0
SRRW-MARCELO-L=130-N=280112-phi=0.12-alpha=1.15-bmax=20-r=0.49-ru=10/config-942.txt.gz,1.15,0.12,70.0
SRRW-MARCELO-L=130-N=280112-phi=0.12-alpha=1.15-bmax=20-r=0.49-ru=10/config-943.txt.gz,1.15,0.12,71.0
SRRW-MARCELO-L=130-N=280112-phi=0.12-alpha=1.15-bmax=20-r=0.49-ru=10/config-944.txt.gz,1.15,0.12,66.0
SRRW-MARCELO-L=130-N=280112-phi=0.12-alpha=1.15-bmax=20-r=0.49-ru=10/config-945.txt.gz,1.15,0.12,78.0
SRRW-MARCELO-L=130-N=280112-phi=0.12-alpha=1.15-bmax=20-r=0.49-ru=10/config-946.txt.gz,1.15,0.12,70.0
SRRW-MARCELO-L=130-N=280112-phi=0.12-alpha=1.15-bmax=20-r=0.49-ru=10/config-947.txt.gz,1.15,0.12,83.0
SRRW-MARCELO-L=130-N=280112-phi=0.12-alpha=1.15-bmax=20-r=0.49-ru=10/config-948.txt.gz,1.15,0.12,68.0
SRRW-MARCELO-L=130-N=280112-phi=0.12-alpha=1.15-bmax=20-r=0.49-ru=10/config-949.txt.gz,1.15,0.12,71.0
SRRW-MARCELO-L=130-N=280112-phi=0.12-alpha=1.15-bmax=20-r=0.49-ru=10/config-95.txt.gz,1.15,0.12,60.0
SRRW-MARCELO-L=130-N=280112-phi=0.12-alpha=1.15-bmax=20-r=0.49-ru=10/config-950.txt.gz,1.15,0.12,91.0
SRRW-MARCELO-L=130-N=280112-phi=0.12-alpha=1.15-bmax=20-r=0.49-ru=10/config-951.txt.gz,1.15,0.12,69.0
SRRW-MARCELO-L=130-N=280112-phi=0.12-alpha=1.15-bmax=20-r=0.49-ru=10/config-952.txt.gz,1.15,0.12,80.0
SRRW-MARCELO-L=130-N=280112-phi=0.12-alpha=1.15-bmax=20-r=0.49-ru=10/config-953.txt.gz,1.15,0.12,81.0
SRRW-MARCELO-L=130-N=280112-phi=0.12-alpha=1.15-bmax=20-r=0.49-ru=10/config-954.txt.gz,1.15,0.12,73.0
SRRW-MARCELO-L=130-N=280112-phi=0.12-alpha=1.15-bmax=20-r=0.49-ru=10/config-955.txt.gz,1.15,0.12,72.0
SRRW-MARCELO-L=130-N=280112-phi=0.12-alpha=1.15-bmax=20-r=0.49-ru=10/config-956.txt.gz,1.15,0.12,66.0
SRRW-MARCELO-L=130-N=280112-phi=0.12-alpha=1.15-bmax=20-r=0.49-ru=10/config-957.txt.gz,1.15,0.12,83.0
SRRW-MARCELO-L=130-N=280112-phi=0.12-alpha=1.15-bmax=20-r=0.49-ru=10/config-958.txt.gz,1.15,0.12,60.0
SRRW-MARCELO-L=130-N=280112-phi=0.12-alpha=1.15-bmax=20-r=0.49-ru=10/config-959.txt.gz,1.15,0.12,79.0
SRRW-MARCELO-L=130-N=280112-phi=0.12-alpha=1.15-bmax=20-r=0.49-ru=10/config-96.txt.gz,1.15,0.12,63.0
SRRW-MARCELO-L=130-N=280112-phi=0.12-alpha=1.15-bmax=20-r=0.49-ru=10/config-960.txt.gz,1.15,0.12,90.0
SRRW-MARCELO-L=130-N=280112-phi=0.12-alpha=1.15-bmax=20-r=0.49-ru=10/config-961.txt.gz,1.15,0.12,65.0
SRRW-MARCELO-L=130-N=280112-phi=0.12-alpha=1.15-bmax=20-r=0.49-ru=10/config-962.txt.gz,1.15,0.12,68.0
SRRW-MARCELO-L=130-N=280112-phi=0.12-alpha=1.15-bmax=20-r=0.49-ru=10/config-963.txt.gz,1.15,0.12,58.0
SRRW-MARCELO-L=130-N=280112-phi=0.12-alpha=1.15-bmax=20-r=0.49-ru=10/config-964.txt.gz,1.15,0.12,72.0
SRRW-MARCELO-L=130-N=280112-phi=0.12-alpha=1.15-bmax=20-r=0.49-ru=10/config-965.txt.gz,1.15,0.12,58.0
SRRW-MARCELO-L=130-N=280112-phi=0.12-alpha=1.15-bmax=20-r=0.49-ru=10/config-966.txt.gz,1.15,0.12,75.0
SRRW-MARCELO-L=130-N=280112-phi=0.12-alpha=1.15-bmax=20-r=0.49-ru=10/config-967.txt.gz,1.15,0.12,65.0
SRRW-MARCELO-L=130-N=280112-phi=0.12-alpha=1.15-bmax=20-r=0.49-ru=10/config-968.txt.gz,1.15,0.12,72.0
SRRW-MARCELO-L=130-N=280112-phi=0.12-alpha=1.15-bmax=20-r=0.49-ru=10/config-969.txt.gz,1.15,0.12,69.0
SRRW-MARCELO-L=130-N=280112-phi=0.12-alpha=1.15-bmax=20-r=0.49-ru=10/config-97.txt.gz,1.15,0.12,83.0
SRRW-MARCELO-L=130-N=280112-phi=0.12-alpha=1.15-bmax=20-r=0.49-ru=10/config-970.txt.gz,1.15,0.12,70.0
SRRW-MARCELO-L=130-N=280112-phi=0.12-alpha=1.15-bmax=20-r=0.49-ru=10/config-971.txt.gz,1.15,0.12,57.0
SRRW-MARCELO-L=130-N=280112-phi=0.12-alpha=1.15-bmax=20-r=0.49-ru=10/config-972.txt.gz,1.15,0.12,68.0
SRRW-MARCELO-L=130-N=280112-phi=0.12-alpha=1.15-bmax=20-r=0.49-ru=10/config-973.txt.gz,1.15,0.12,62.0
SRRW-MARCELO-L=130-N=280112-phi=0.12-alpha=1.15-bmax=20-r=0.49-ru=10/config-974.txt.gz,1.15,0.12,67.0
SRRW-MARCELO-L=130-N=280112-phi=0.12-alpha=1.15-bmax=20-r=0.49-ru=10/config-975.txt.gz,1.15,0.12,67.0
SRRW-MARCELO-L=130-N=280112-phi=0.12-alpha=1.15-bmax=20-r=0.49-ru=10/config-976.txt.gz,1.15,0.12,71.0
SRRW-MARCELO-L=130-N=280112-phi=0.12-alpha=1.15-bmax=20-r=0.49-ru=10/config-977.txt.gz,1.15,0.12,66.0
SRRW-MARCELO-L=130-N=280112-phi=0.12-alpha=1.15-bmax=20-r=0.49-ru=10/config-978.txt.gz,1.15,0.12,64.0
SRRW-MARCELO-L=130-N=280112-phi=0.12-alpha=1.15-bmax=20-r=0.49-ru=10/config-979.txt.gz,1.15,0.12,63.0
SRRW-MARCELO-L=130-N=280112-phi=0.12-alpha=1.15-bmax=20-r=0.49-ru=10/config-98.txt.gz,1.15,0.12,85.0
SRRW-MARCELO-L=130-N=280112-phi=0.12-alpha=1.15-bmax=20-r=0.49-ru=10/config-980.txt.gz,1.15,0.12,63.0
SRRW-MARCELO-L=130-N=280112-phi=0.12-alpha=1.15-bmax=20-r=0.49-ru=10/config-981.txt.gz,1.15,0.12,73.0
SRRW-MARCELO-L=130-N=280112-phi=0.12-alpha=1.15-bmax=20-r=0.49-ru=10/config-982.txt.gz,1.15,0.12,49.0
SRRW-MARCELO-L=130-N=280112-phi=0.12-alpha=1.15-bmax=20-r=0.49-ru=10/config-983.txt.gz,1.15,0.12,71.0
SRRW-MARCELO-L=130-N=280112-phi=0.12-alpha=1.15-bmax=20-r=0.49-ru=10/config-984.txt.gz,1.15,0.12,73.0
SRRW-MARCELO-L=130-N=280112-phi=0.12-alpha=1.15-bmax=20-r=0.49-ru=10/config-985.txt.gz,1.15,0.12,71.0
SRRW-MARCELO-L=130-N=280112-phi=0.12-alpha=1.15-bmax=20-r=0.49-ru=10/config-986.txt.gz,1.15,0.12,72.0
SRRW-MARCELO-L=130-N=280112-phi=0.12-alpha=1.15-bmax=20-r=0.49-ru=10/config-987.txt.gz,1.15,0.12,67.0
SRRW-MARCELO-L=130-N=280112-phi=0.12-alpha=1.15-bmax=20-r=0.49-ru=10/config-988.txt.gz,1.15,0.12,62.0
SRRW-MARCELO-L=130-N=280112-phi=0.12-alpha=1.15-bmax=20-r=0.49-ru=10/config-989.txt.gz,1.15,0.12,85.0
SRRW-MARCELO-L=130-N=280112-phi=0.12-alpha=1.15-bmax=20-r=0.49-ru=10/config-99.txt.gz,1.15,0.12,89.0
SRRW-MARCELO-L=130-N=280112-phi=0.12-alpha=1.15-bmax=20-r=0.49-ru=10/config-990.txt.gz,1.15,0.12,70.0
SRRW-MARCELO-L=130-N=280112-phi=0.12-alpha=1.15-bmax=20-r=0.49-ru=10/config-991.txt.gz,1.15,0.12,78.0
SRRW-MARCELO-L=130-N=280112-phi=0.12-alpha=1.15-bmax=20-r=0.49-ru=10/config-992.txt.gz,1.15,0.12,73.0
SRRW-MARCELO-L=130-N=280112-phi=0.12-alpha=1.15-bmax=20-r=0.49-ru=10/config-993.txt.gz,1.15,0.12,53.0
SRRW-MARCELO-L=130-N=280112-phi=0.12-alpha=1.15-bmax=20-r=0.49-ru=10/config-994.txt.gz,1.15,0.12,61.0
SRRW-MARCELO-L=130-N=280112-phi=0.12-alpha=1.15-bmax=20-r=0.49-ru=10/config-995.txt.gz,1.15,0.12,75.0
SRRW-MARCELO-L=130-N=280112-phi=0.12-alpha=1.15-bmax=20-r=0.49-ru=10/config-996.txt.gz,1.15,0.12,66.0
SRRW-MARCELO-L=130-N=280112-phi=0.12-alpha=1.15-bmax=20-r=0.49-ru=10/config-997.txt.gz,1.15,0.12,71.0
SRRW-MARCELO-L=130-N=280112-phi=0.12-alpha=1.15-bmax=20-r=0.49-ru=10/config-998.txt.gz,1.15,0.12,75.0
SRRW-MARCELO-L=130-N=280112-phi=0.12-alpha=1.15-bmax=20-r=0.49-ru=10/config-999.txt.gz,1.15,0.12,78.0
SRRW-MARCELO-L=130-N=373483-phi=0.16-alpha=1.1-bmax=20-r=0.49-ru=10/config-189.txt.gz,1.1,0.16,66.0
SRRW-MARCELO-L=130-N=373483-phi=0.16-alpha=1.1-bmax=20-r=0.49-ru=10/config-19.txt.gz,1.1,0.16,66.0
SRRW-MARCELO-L=130-N=373483-phi=0.16-alpha=1.1-bmax=20-r=0.49-ru=10/config-190.txt.gz,1.1,0.16,74.0
SRRW-MARCELO-L=130-N=373483-phi=0.16-alpha=1.1-bmax=20-r=0.49-ru=10/config-191.txt.gz,1.1,0.16,77.0
SRRW-MARCELO-L=130-N=373483-phi=0.16-alpha=1.1-bmax=20-r=0.49-ru=10/config-192.txt.gz,1.1,0.16,61.0
SRRW-MARCELO-L=130-N=373483-phi=0.16-alpha=1.1-bmax=20-r=0.49-ru=10/config-193.txt.gz,1.1,0.16,68.0
SRRW-MARCELO-L=130-N=373483-phi=0.16-alpha=1.1-bmax=20-r=0.49-ru=10/config-194.txt.gz,1.1,0.16,67.0
SRRW-MARCELO-L=130-N=373483-phi=0.16-alpha=1.1-bmax=20-r=0.49-ru=10/config-195.txt.gz,1.1,0.16,75.0
SRRW-MARCELO-L=130-N=373483-phi=0.16-alpha=1.1-bmax=20-r=0.49-ru=10/config-196.txt.gz,1.1,0.16,65.0
SRRW-MARCELO-L=130-N=373483-phi=0.16-alpha=1.1-bmax=20-r=0.49-ru=10/config-197.txt.gz,1.1,0.16,68.0
SRRW-MARCELO-L=130-N=373483-phi=0.16-alpha=1.1-bmax=20-r=0.49-ru=10/config-198.txt.gz,1.1,0.16,82.0
SRRW-MARCELO-L=130-N=373483-phi=0.16-alpha=1.1-bmax=20-r=0.49-ru=10/config-199.txt.gz,1.1,0.16,72.0
SRRW-MARCELO-L=130-N=373483-phi=0.16-alpha=1.1-bmax=20-r=0.49-ru=10/config-2.txt.gz,1.1,0.16,82.0
SRRW-MARCELO-L=130-N=373483-phi=0.16-alpha=1.1-bmax=20-r=0.49-ru=10/config-20.txt.gz,1.1,0.16,72.0
SRRW-MARCELO-L=130-N=373483-phi=0.16-alpha=1.1-bmax=20-r=0.49-ru=10/config-200.txt.gz,1.1,0.16,64.0
SRRW-MARCELO-L=130-N=373483-phi=0.16-alpha=1.1-bmax=20-r=0.49-ru=10/config-201.txt.gz,1.1,0.16,73.0
SRRW-MARCELO-L=130-N=373483-phi=0.16-alpha=1.1-bmax=20-r=0.49-ru=10/config-202.txt.gz,1.1,0.16,89.0
SRRW-MARCELO-L=130-N=373483-phi=0.16-alpha=1.1-bmax=20-r=0.49-ru=10/config-203.txt.gz,1.1,0.16,75.0
SRRW-MARCELO-L=130-N=373483-phi=0.16-alpha=1.1-bmax=20-r=0.49-ru=10/config-204.txt.gz,1.1,0.16,73.0
SRRW-MARCELO-L=130-N=373483-phi=0.16-alpha=1.1-bmax=20-r=0.49-ru=10/config-205.txt.gz,1.1,0.16,83.0
SRRW-MARCELO-L=130-N=373483-phi=0.16-alpha=1.1-bmax=20-r=0.49-ru=10/config-206.txt.gz,1.1,0.16,69.0
SRRW-MARCELO-L=130-N=373483-phi=0.16-alpha=1.1-bmax=20-r=0.49-ru=10/config-207.txt.gz,1.1,0.16,75.0
SRRW-MARCELO-L=130-N=373483-phi=0.16-alpha=1.1-bmax=20-r=0.49-ru=10/config-208.txt.gz,1.1,0.16,73.0
SRRW-MARCELO-L=130-N=373483-phi=0.16-alpha=1.1-bmax=20-r=0.49-ru=10/config-209.txt.gz,1.1,0.16,75.0
SRRW-MARCELO-L=130-N=373483-phi=0.16-alpha=1.1-bmax=20-r=0.49-ru=10/config-21.txt.gz,1.1,0.16,55.0
SRRW-MARCELO-L=130-N=373483-phi=0.16-alpha=1.1-bmax=20-r=0.49-ru=10/config-210.txt.gz,1.1,0.16,71.0
SRRW-MARCELO-L=130-N=373483-phi=0.16-alpha=1.1-bmax=20-r=0.49-ru=10/config-211.txt.gz,1.1,0.16,75.0
SRRW-MARCELO-L=130-N=373483-phi=0.16-alpha=1.1-bmax=20-r=0.49-ru=10/config-212.txt.gz,1.1,0.16,61.0
SRRW-MARCELO-L=130-N=373483-phi=0.16-alpha=1.1-bmax=20-r=0.49-ru=10/config-213.txt.gz,1.1,0.16,79.0
SRRW-MARCELO-L=130-N=373483-phi=0.16-alpha=1.1-bmax=20-r=0.49-ru=10/config-214.txt.gz,1.1,0.16,80.0
SRRW-MARCELO-L=130-N=373483-phi=0.16-alpha=1.1-bmax=20-r=0.49-ru=10/config-215.txt.gz,1.1,0.16,65.0
SRRW-MARCELO-L=130-N=373483-phi=0.16-alpha=1.1-bmax=20-r=0.49-ru=10/config-216.txt.gz,1.1,0.16,66.0
SRRW-MARCELO-L=130-N=373483-phi=0.16-alpha=1.1-bmax=20-r=0.49-ru=10/config-217.txt.gz,1.1,0.16,86.0
SRRW-MARCELO-L=130-N=373483-phi=0.16-alpha=1.1-bmax=20-r=0.49-ru=10/config-218.txt.gz,1.1,0.16,64.0
SRRW-MARCELO-L=130-N=373483-phi=0.16-alpha=1.1-bmax=20-r=0.49-ru=10/config-219.txt.gz,1.1,0.16,87.0
SRRW-MARCELO-L=130-N=373483-phi=0.16-alpha=1.1-bmax=20-r=0.49-ru=10/config-22.txt.gz,1.1,0.16,77.0
SRRW-MARCELO-L=130-N=373483-phi=0.16-alpha=1.1-bmax=20-r=0.49-ru=10/config-220.txt.gz,1.1,0.16,79.0
SRRW-MARCELO-L=130-N=373483-phi=0.16-alpha=1.1-bmax=20-r=0.49-ru=10/config-221.txt.gz,1.1,0.16,65.0
SRRW-MARCELO-L=130-N=373483-phi=0.16-alpha=1.1-bmax=20-r=0.49-ru=10/config-222.txt.gz,1.1,0.16,67.0
SRRW-MARCELO-L=130-N=373483-phi=0.16-alpha=1.1-bmax=20-r=0.49-ru=10/config-223.txt.gz,1.1,0.16,77.0
SRRW-MARCELO-L=130-N=373483-phi=0.16-alpha=1.1-bmax=20-r=0.49-ru=10/config-224.txt.gz,1.1,0.16,78.0
SRRW-MARCELO-L=130-N=373483-phi=0.16-alpha=1.1-bmax=20-r=0.49-ru=10/config-225.txt.gz,1.1,0.16,60.0
SRRW-MARCELO-L=130-N=373483-phi=0.16-alpha=1.1-bmax=20-r=0.49-ru=10/config-226.txt.gz,1.1,0.16,73.0
SRRW-MARCELO-L=130-N=373483-phi=0.16-alpha=1.1-bmax=20-r=0.49-ru=10/config-227.txt.gz,1.1,0.16,80.0
SRRW-MARCELO-L=130-N=373483-phi=0.16-alpha=1.1-bmax=20-r=0.49-ru=10/config-228.txt.gz,1.1,0.16,41.0
SRRW-MARCELO-L=130-N=373483-phi=0.16-alpha=1.1-bmax=20-r=0.49-ru=10/config-229.txt.gz,1.1,0.16,82.0
SRRW-MARCELO-L=130-N=373483-phi=0.16-alpha=1.1-bmax=20-r=0.49-ru=10/config-23.txt.gz,1.1,0.16,65.0
SRRW-MARCELO-L=130-N=373483-phi=0.16-alpha=1.1-bmax=20-r=0.49-ru=10/config-230.txt.gz,1.1,0.16,79.0
SRRW-MARCELO-L=130-N=373483-phi=0.16-alpha=1.1-bmax=20-r=0.49-ru=10/config-231.txt.gz,1.1,0.16,62.0
SRRW-MARCELO-L=130-N=373483-phi=0.16-alpha=1.1-bmax=20-r=0.49-ru=10/config-232.txt.gz,1.1,0.16,82.0
SRRW-MARCELO-L=130-N=373483-phi=0.16-alpha=1.1-bmax=20-r=0.49-ru=10/config-233.txt.gz,1.1,0.16,64.0
SRRW-MARCELO-L=130-N=373483-phi=0.16-alpha=1.1-bmax=20-r=0.49-ru=10/config-234.txt.gz,1.1,0.16,64.0
SRRW-MARCELO-L=130-N=373483-phi=0.16-alpha=1.1-bmax=20-r=0.49-ru=10/config-235.txt.gz,1.1,0.16,71.0
SRRW-MARCELO-L=130-N=373483-phi=0.16-alpha=1.1-bmax=20-r=0.49-ru=10/config-236.txt.gz,1.1,0.16,58.0
SRRW-MARCELO-L=130-N=373483-phi=0.16-alpha=1.1-bmax=20-r=0.49-ru=10/config-237.txt.gz,1.1,0.16,66.0
SRRW-MARCELO-L=130-N=373483-phi=0.16-alpha=1.1-bmax=20-r=0.49-ru=10/config-238.txt.gz,1.1,0.16,65.0
SRRW-MARCELO-L=130-N=373483-phi=0.16-alpha=1.1-bmax=20-r=0.49-ru=10/config-239.txt.gz,1.1,0.16,75.0
SRRW-MARCELO-L=130-N=373483-phi=0.16-alpha=1.1-bmax=20-r=0.49-ru=10/config-24.txt.gz,1.1,0.16,85.0
SRRW-MARCELO-L=130-N=373483-phi=0.16-alpha=1.1-bmax=20-r=0.49-ru=10/config-240.txt.gz,1.1,0.16,75.0
SRRW-MARCELO-L=130-N=373483-phi=0.16-alpha=1.1-bmax=20-r=0.49-ru=10/config-241.txt.gz,1.1,0.16,78.0
SRRW-MARCELO-L=130-N=373483-phi=0.16-alpha=1.1-bmax=20-r=0.49-ru=10/config-242.txt.gz,1.1,0.16,68.0
SRRW-MARCELO-L=130-N=373483-phi=0.16-alpha=1.1-bmax=20-r=0.49-ru=10/config-243.txt.gz,1.1,0.16,59.0
SRRW-MARCELO-L=130-N=373483-phi=0.16-alpha=1.1-bmax=20-r=0.49-ru=10/config-244.txt.gz,1.1,0.16,54.0
SRRW-MARCELO-L=130-N=373483-phi=0.16-alpha=1.1-bmax=20-r=0.49-ru=10/config-245.txt.gz,1.1,0.16,75.0
SRRW-MARCELO-L=130-N=373483-phi=0.16-alpha=1.1-bmax=20-r=0.49-ru=10/config-246.txt.gz,1.1,0.16,68.0
SRRW-MARCELO-L=130-N=373483-phi=0.16-alpha=1.1-bmax=20-r=0.49-ru=10/config-247.txt.gz,1.1,0.16,67.0
SRRW-MARCELO-L=130-N=373483-phi=0.16-alpha=1.1-bmax=20-r=0.49-ru=10/config-248.txt.gz,1.1,0.16,64.0
SRRW-MARCELO-L=130-N=373483-phi=0.16-alpha=1.1-bmax=20-r=0.49-ru=10/config-249.txt.gz,1.1,0.16,67.0
SRRW-MARCELO-L=130-N=373483-phi=0.16-alpha=1.1-bmax=20-r=0.49-ru=10/config-25.txt.gz,1.1,0.16,56.0
SRRW-MARCELO-L=130-N=373483-phi=0.16-alpha=1.1-bmax=20-r=0.49-ru=10/config-250.txt.gz,1.1,0.16,70.0
SRRW-MARCELO-L=130-N=373483-phi=0.16-alpha=1.1-bmax=20-r=0.49-ru=10/config-251.txt.gz,1.1,0.16,55.0
SRRW-MARCELO-L=130-N=373483-phi=0.16-alpha=1.1-bmax=20-r=0.49-ru=10/config-252.txt.gz,1.1,0.16,77.0
SRRW-MARCELO-L=130-N=373483-phi=0.16-alpha=1.1-bmax=20-r=0.49-ru=10/config-253.txt.gz,1.1,0.16,49.0
SRRW-MARCELO-L=130-N=373483-phi=0.16-alpha=1.1-bmax=20-r=0.49-ru=10/config-254.txt.gz,1.1,0.16,73.0
SRRW-MARCELO-L=130-N=373483-phi=0.16-alpha=1.1-bmax=20-r=0.49-ru=10/config-255.txt.gz,1.1,0.16,77.0
SRRW-MARCELO-L=130-N=373483-phi=0.16-alpha=1.1-bmax=20-r=0.49-ru=10/config-256.txt.gz,1.1,0.16,47.0
SRRW-MARCELO-L=130-N=373483-phi=0.16-alpha=1.1-bmax=20-r=0.49-ru=10/config-257.txt.gz,1.1,0.16,77.0
SRRW-MARCELO-L=130-N=373483-phi=0.16-alpha=1.1-bmax=20-r=0.49-ru=10/config-258.txt.gz,1.1,0.16,59.0
SRRW-MARCELO-L=130-N=373483-phi=0.16-alpha=1.1-bmax=20-r=0.49-ru=10/config-259.txt.gz,1.1,0.16,75.0
SRRW-MARCELO-L=130-N=373483-phi=0.16-alpha=1.1-bmax=20-r=0.49-ru=10/config-26.txt.gz,1.1,0.16,70.0
SRRW-MARCELO-L=130-N=373483-phi=0.16-alpha=1.1-bmax=20-r=0.49-ru=10/config-260.txt.gz,1.1,0.16,63.0
SRRW-MARCELO-L=130-N=373483-phi=0.16-alpha=1.1-bmax=20-r=0.49-ru=10/config-261.txt.gz,1.1,0.16,49.0
SRRW-MARCELO-L=130-N=373483-phi=0.16-alpha=1.1-bmax=20-r=0.49-ru=10/config-262.txt.gz,1.1,0.16,72.0
SRRW-MARCELO-L=130-N=373483-phi=0.16-alpha=1.1-bmax=20-r=0.49-ru=10/config-263.txt.gz,1.1,0.16,66.0
SRRW-MARCELO-L=130-N=373483-phi=0.16-alpha=1.1-bmax=20-r=0.49-ru=10/config-264.txt.gz,1.1,0.16,71.0
SRRW-MARCELO-L=130-N=373483-phi=0.16-alpha=1.1-bmax=20-r=0.49-ru=10/config-265.txt.gz,1.1,0.16,59.0
SRRW-MARCELO-L=130-N=373483-phi=0.16-alpha=1.1-bmax=20-r=0.49-ru=10/config-266.txt.gz,1.1,0.16,74.0
SRRW-MARCELO-L=130-N=373483-phi=0.16-alpha=1.1-bmax=20-r=0.49-ru=10/config-267.txt.gz,1.1,0.16,75.0
SRRW-MARCELO-L=130-N=373483-phi=0.16-alpha=1.1-bmax=20-r=0.49-ru=10/config-268.txt.gz,1.1,0.16,69.0
SRRW-MARCELO-L=130-N=373483-phi=0.16-alpha=1.1-bmax=20-r=0.49-ru=10/config-269.txt.gz,1.1,0.16,76.0
SRRW-MARCELO-L=130-N=373483-phi=0.16-alpha=1.1-bmax=20-r=0.49-ru=10/config-27.txt.gz,1.1,0.16,73.0
SRRW-MARCELO-L=130-N=373483-phi=0.16-alpha=1.1-bmax=20-r=0.49-ru=10/config-270.txt.gz,1.1,0.16,67.0
SRRW-MARCELO-L=130-N=373483-phi=0.16-alpha=1.1-bmax=20-r=0.49-ru=10/config-271.txt.gz,1.1,0.16,70.0
SRRW-MARCELO-L=130-N=373483-phi=0.16-alpha=1.1-bmax=20-r=0.49-ru=10/config-272.txt.gz,1.1,0.16,73.0
SRRW-MARCELO-L=130-N=373483-phi=0.16-alpha=1.1-bmax=20-r=0.49-ru=10/config-273.txt.gz,1.1,0.16,65.0
SRRW-MARCELO-L=130-N=373483-phi=0.16-alpha=1.1-bmax=20-r=0.49-ru=10/config-274.txt.gz,1.1,0.16,84.0
SRRW-MARCELO-L=130-N=373483-phi=0.16-alpha=1.1-bmax=20-r=0.49-ru=10/config-275.txt.gz,1.1,0.16,76.0
SRRW-MARCELO-L=130-N=373483-phi=0.16-alpha=1.1-bmax=20-r=0.49-ru=10/config-276.txt.gz,1.1,0.16,74.0
SRRW-MARCELO-L=130-N=373483-phi=0.16-alpha=1.1-bmax=20-r=0.49-ru=10/config-277.txt.gz,1.1,0.16,54.0
SRRW-MARCELO-L=130-N=373483-phi=0.16-alpha=1.1-bmax=20-r=0.49-ru=10/config-278.txt.gz,1.1,0.16,70.0
SRRW-MARCELO-L=130-N=373483-phi=0.16-alpha=1.1-bmax=20-r=0.49-ru=10/config-279.txt.gz,1.1,0.16,62.0
SRRW-MARCELO-L=130-N=373483-phi=0.16-alpha=1.1-bmax=20-r=0.49-ru=10/config-28.txt.gz,1.1,0.16,73.0
SRRW-MARCELO-L=130-N=373483-phi=0.16-alpha=1.1-bmax=20-r=0.49-ru=10/config-280.txt.gz,1.1,0.16,61.0
SRRW-MARCELO-L=130-N=373483-phi=0.16-alpha=1.1-bmax=20-r=0.49-ru=10/config-281.txt.gz,1.1,0.16,63.0
SRRW-MARCELO-L=130-N=373483-phi=0.16-alpha=1.1-bmax=20-r=0.49-ru=10/config-282.txt.gz,1.1,0.16,78.0
SRRW-MARCELO-L=130-N=373483-phi=0.16-alpha=1.1-bmax=20-r=0.49-ru=10/config-283.txt.gz,1.1,0.16,70.0
SRRW-MARCELO-L=130-N=373483-phi=0.16-alpha=1.1-bmax=20-r=0.49-ru=10/config-284.txt.gz,1.1,0.16,62.0
SRRW-MARCELO-L=130-N=373483-phi=0.16-alpha=1.1-bmax=20-r=0.49-ru=10/config-285.txt.gz,1.1,0.16,82.0
SRRW-MARCELO-L=130-N=373483-phi=0.16-alpha=1.1-bmax=20-r=0.49-ru=10/config-286.txt.gz,1.1,0.16,56.0
SRRW-MARCELO-L=130-N=373483-phi=0.16-alpha=1.1-bmax=20-r=0.49-ru=10/config-287.txt.gz,1.1,0.16,81.0
SRRW-MARCELO-L=130-N=373483-phi=0.16-alpha=1.1-bmax=20-r=0.49-ru=10/config-288.txt.gz,1.1,0.16,85.0
SRRW-MARCELO-L=130-N=373483-phi=0.16-alpha=1.1-bmax=20-r=0.49-ru=10/config-289.txt.gz,1.1,0.16,63.0
SRRW-MARCELO-L=130-N=373483-phi=0.16-alpha=1.1-bmax=20-r=0.49-ru=10/config-29.txt.gz,1.1,0.16,75.0
SRRW-MARCELO-L=130-N=373483-phi=0.16-alpha=1.1-bmax=20-r=0.49-ru=10/config-290.txt.gz,1.1,0.16,73.0
SRRW-MARCELO-L=130-N=373483-phi=0.16-alpha=1.1-bmax=20-r=0.49-ru=10/config-291.txt.gz,1.1,0.16,72.0
SRRW-MARCELO-L=130-N=373483-phi=0.16-alpha=1.1-bmax=20-r=0.49-ru=10/config-292.txt.gz,1.1,0.16,60.0
SRRW-MARCELO-L=130-N=373483-phi=0.16-alpha=1.1-bmax=20-r=0.49-ru=10/config-293.txt.gz,1.1,0.16,62.0
SRRW-MARCELO-L=130-N=373483-phi=0.16-alpha=1.1-bmax=20-r=0.49-ru=10/config-294.txt.gz,1.1,0.16,69.0
SRRW-MARCELO-L=130-N=373483-phi=0.16-alpha=1.1-bmax=20-r=0.49-ru=10/config-295.txt.gz,1.1,0.16,69.0
SRRW-MARCELO-L=130-N=373483-phi=0.16-alpha=1.1-bmax=20-r=0.49-ru=10/config-296.txt.gz,1.1,0.16,70.0
SRRW-MARCELO-L=130-N=373483-phi=0.16-alpha=1.1-bmax=20-r=0.49-ru=10/config-297.txt.gz,1.1,0.16,72.0
SRRW-MARCELO-L=130-N=373483-phi=0.16-alpha=1.1-bmax=20-r=0.49-ru=10/config-298.txt.gz,1.1,0.16,69.0
SRRW-MARCELO-L=130-N=373483-phi=0.16-alpha=1.1-bmax=20-r=0.49-ru=10/config-299.txt.gz,1.1,0.16,69.0
SRRW-MARCELO-L=130-N=373483-phi=0.16-alpha=1.1-bmax=20-r=0.49-ru=10/config-3.txt.gz,1.1,0.16,81.0
SRRW-MARCELO-L=130-N=373483-phi=0.16-alpha=1.1-bmax=20-r=0.49-ru=10/config-30.txt.gz,1.1,0.16,81.0
SRRW-MARCELO-L=130-N=373483-phi=0.16-alpha=1.1-bmax=20-r=0.49-ru=10/config-300.txt.gz,1.1,0.16,62.0
SRRW-MARCELO-L=130-N=373483-phi=0.16-alpha=1.1-bmax=20-r=0.49-ru=10/config-301.txt.gz,1.1,0.16,73.0
SRRW-MARCELO-L=130-N=373483-phi=0.16-alpha=1.1-bmax=20-r=0.49-ru=10/config-302.txt.gz,1.1,0.16,68.0
SRRW-MARCELO-L=130-N=373483-phi=0.16-alpha=1.1-bmax=20-r=0.49-ru=10/config-303.txt.gz,1.1,0.16,54.0
SRRW-MARCELO-L=130-N=373483-phi=0.16-alpha=1.1-bmax=20-r=0.49-ru=10/config-304.txt.gz,1.1,0.16,78.0
SRRW-MARCELO-L=130-N=373483-phi=0.16-alpha=1.1-bmax=20-r=0.49-ru=10/config-305.txt.gz,1.1,0.16,68.0
SRRW-MARCELO-L=130-N=373483-phi=0.16-alpha=1.1-bmax=20-r=0.49-ru=10/config-306.txt.gz,1.1,0.16,81.0
SRRW-MARCELO-L=130-N=373483-phi=0.16-alpha=1.1-bmax=20-r=0.49-ru=10/config-307.txt.gz,1.1,0.16,60.0
SRRW-MARCELO-L=130-N=373483-phi=0.16-alpha=1.1-bmax=20-r=0.49-ru=10/config-308.txt.gz,1.1,0.16,73.0
SRRW-MARCELO-L=130-N=373483-phi=0.16-alpha=1.1-bmax=20-r=0.49-ru=10/config-309.txt.gz,1.1,0.16,75.0
SRRW-MARCELO-L=130-N=373483-phi=0.16-alpha=1.1-bmax=20-r=0.49-ru=10/config-31.txt.gz,1.1,0.16,74.0
SRRW-MARCELO-L=130-N=373483-phi=0.16-alpha=1.1-bmax=20-r=0.49-ru=10/config-310.txt.gz,1.1,0.16,75.0
SRRW-MARCELO-L=130-N=373483-phi=0.16-alpha=1.1-bmax=20-r=0.49-ru=10/config-311.txt.gz,1.1,0.16,86.0
SRRW-MARCELO-L=130-N=373483-phi=0.16-alpha=1.1-bmax=20-r=0.49-ru=10/config-312.txt.gz,1.1,0.16,67.0
SRRW-MARCELO-L=130-N=373483-phi=0.16-alpha=1.1-bmax=20-r=0.49-ru=10/config-313.txt.gz,1.1,0.16,74.0
SRRW-MARCELO-L=130-N=373483-phi=0.16-alpha=1.1-bmax=20-r=0.49-ru=10/config-314.txt.gz,1.1,0.16,71.0
SRRW-MARCELO-L=130-N=373483-phi=0.16-alpha=1.1-bmax=20-r=0.49-ru=10/config-315.txt.gz,1.1,0.16,65.0
SRRW-MARCELO-L=130-N=373483-phi=0.16-alpha=1.1-bmax=20-r=0.49-ru=10/config-316.txt.gz,1.1,0.16,69.0
SRRW-MARCELO-L=130-N=373483-phi=0.16-alpha=1.1-bmax=20-r=0.49-ru=10/config-317.txt.gz,1.1,0.16,61.0
SRRW-MARCELO-L=130-N=373483-phi=0.16-alpha=1.1-bmax=20-r=0.49-ru=10/config-318.txt.gz,1.1,0.16,61.0
SRRW-MARCELO-L=130-N=373483-phi=0.16-alpha=1.1-bmax=20-r=0.49-ru=10/config-319.txt.gz,1.1,0.16,70.0
SRRW-MARCELO-L=130-N=373483-phi=0.16-alpha=1.1-bmax=20-r=0.49-ru=10/config-32.txt.gz,1.1,0.16,73.0
SRRW-MARCELO-L=130-N=373483-phi=0.16-alpha=1.1-bmax=20-r=0.49-ru=10/config-320.txt.gz,1.1,0.16,86.0
SRRW-MARCELO-L=130-N=373483-phi=0.16-alpha=1.1-bmax=20-r=0.49-ru=10/config-321.txt.gz,1.1,0.16,62.0
SRRW-MARCELO-L=130-N=373483-phi=0.16-alpha=1.1-bmax=20-r=0.49-ru=10/config-322.txt.gz,1.1,0.16,80.0
SRRW-MARCELO-L=130-N=373483-phi=0.16-alpha=1.1-bmax=20-r=0.49-ru=10/config-323.txt.gz,1.1,0.16,91.0
SRRW-MARCELO-L=130-N=373483-phi=0.16-alpha=1.1-bmax=20-r=0.49-ru=10/config-324.txt.gz,1.1,0.16,63.0
SRRW-MARCELO-L=130-N=373483-phi=0.16-alpha=1.1-bmax=20-r=0.49-ru=10/config-325.txt.gz,1.1,0.16,85.0
SRRW-MARCELO-L=130-N=373483-phi=0.16-alpha=1.1-bmax=20-r=0.49-ru=10/config-326.txt.gz,1.1,0.16,73.0
SRRW-MARCELO-L=130-N=373483-phi=0.16-alpha=1.1-bmax=20-r=0.49-ru=10/config-327.txt.gz,1.1,0.16,65.0
SRRW-MARCELO-L=130-N=373483-phi=0.16-alpha=1.1-bmax=20-r=0.49-ru=10/config-328.txt.gz,1.1,0.16,78.0
SRRW-MARCELO-L=130-N=373483-phi=0.16-alpha=1.1-bmax=20-r=0.49-ru=10/config-329.txt.gz,1.1,0.16,60.0
SRRW-MARCELO-L=130-N=373483-phi=0.16-alpha=1.1-bmax=20-r=0.49-ru=10/config-33.txt.gz,1.1,0.16,69.0
SRRW-MARCELO-L=130-N=373483-phi=0.16-alpha=1.1-bmax=20-r=0.49-ru=10/config-330.txt.gz,1.1,0.16,71.0
SRRW-MARCELO-L=130-N=373483-phi=0.16-alpha=1.1-bmax=20-r=0.49-ru=10/config-331.txt.gz,1.1,0.16,62.0
SRRW-MARCELO-L=130-N=373483-phi=0.16-alpha=1.1-bmax=20-r=0.49-ru=10/config-332.txt.gz,1.1,0.16,80.0
SRRW-MARCELO-L=130-N=373483-phi=0.16-alpha=1.1-bmax=20-r=0.49-ru=10/config-333.txt.gz,1.1,0.16,79.0
SRRW-MARCELO-L=130-N=373483-phi=0.16-alpha=1.1-bmax=20-r=0.49-ru=10/config-334.txt.gz,1.1,0.16,66.0
SRRW-MARCELO-L=130-N=373483-phi=0.16-alpha=1.1-bmax=20-r=0.49-ru=10/config-335.txt.gz,1.1,0.16,79.0
SRRW-MARCELO-L=130-N=373483-phi=0.16-alpha=1.1-bmax=20-r=0.49-ru=10/config-336.txt.gz,1.1,0.16,81.0
SRRW-MARCELO-L=130-N=373483-phi=0.16-alpha=1.1-bmax=20-r=0.49-ru=10/config-337.txt.gz,1.1,0.16,69.0
SRRW-MARCELO-L=130-N=373483-phi=0.16-alpha=1.1-bmax=20-r=0.49-ru=10/config-338.txt.gz,1.1,0.16,86.0
SRRW-MARCELO-L=130-N=373483-phi=0.16-alpha=1.1-bmax=20-r=0.49-ru=10/config-339.txt.gz,1.1,0.16,76.0
SRRW-MARCELO-L=130-N=373483-phi=0.16-alpha=1.1-bmax=20-r=0.49-ru=10/config-34.txt.gz,1.1,0.16,78.0
SRRW-MARCELO-L=130-N=373483-phi=0.16-alpha=1.1-bmax=20-r=0.49-ru=10/config-340.txt.gz,1.1,0.16,77.0
SRRW-MARCELO-L=130-N=373483-phi=0.16-alpha=1.1-bmax=20-r=0.49-ru=10/config-341.txt.gz,1.1,0.16,67.0
SRRW-MARCELO-L=130-N=373483-phi=0.16-alpha=1.1-bmax=20-r=0.49-ru=10/config-342.txt.gz,1.1,0.16,71.0
SRRW-MARCELO-L=130-N=373483-phi=0.16-alpha=1.1-bmax=20-r=0.49-ru=10/config-343.txt.gz,1.1,0.16,64.0
SRRW-MARCELO-L=130-N=373483-phi=0.16-alpha=1.1-bmax=20-r=0.49-ru=10/config-344.txt.gz,1.1,0.16,74.0
SRRW-MARCELO-L=130-N=373483-phi=0.16-alpha=1.1-bmax=20-r=0.49-ru=10/config-345.txt.gz,1.1,0.16,73.0
SRRW-MARCELO-L=130-N=373483-phi=0.16-alpha=1.1-bmax=20-r=0.49-ru=10/config-346.txt.gz,1.1,0.16,67.0
SRRW-MARCELO-L=130-N=373483-phi=0.16-alpha=1.1-bmax=20-r=0.49-ru=10/config-347.txt.gz,1.1,0.16,61.0
SRRW-MARCELO-L=130-N=373483-phi=0.16-alpha=1.1-bmax=20-r=0.49-ru=10/config-348.txt.gz,1.1,0.16,71.0
SRRW-MARCELO-L=130-N=373483-phi=0.16-alpha=1.1-bmax=20-r=0.49-ru=10/config-349.txt.gz,1.1,0.16,74.0
SRRW-MARCELO-L=130-N=373483-phi=0.16-alpha=1.1-bmax=20-r=0.49-ru=10/config-35.txt.gz,1.1,0.16,75.0
SRRW-MARCELO-L=130-N=373483-phi=0.16-alpha=1.1-bmax=20-r=0.49-ru=10/config-350.txt.gz,1.1,0.16,57.0
SRRW-MARCELO-L=130-N=373483-phi=0.16-alpha=1.1-bmax=20-r=0.49-ru=10/config-351.txt.gz,1.1,0.16,54.0
SRRW-MARCELO-L=130-N=373483-phi=0.16-alpha=1.1-bmax=20-r=0.49-ru=10/config-352.txt.gz,1.1,0.16,88.0
SRRW-MARCELO-L=130-N=373483-phi=0.16-alpha=1.1-bmax=20-r=0.49-ru=10/config-353.txt.gz,1.1,0.16,70.0
SRRW-MARCELO-L=130-N=373483-phi=0.16-alpha=1.1-bmax=20-r=0.49-ru=10/config-354.txt.gz,1.1,0.16,80.0
SRRW-MARCELO-L=130-N=373483-phi=0.16-alpha=1.1-bmax=20-r=0.49-ru=10/config-355.txt.gz,1.1,0.16,55.0
SRRW-MARCELO-L=130-N=373483-phi=0.16-alpha=1.1-bmax=20-r=0.49-ru=10/config-356.txt.gz,1.1,0.16,70.0
SRRW-MARCELO-L=130-N=373483-phi=0.16-alpha=1.1-bmax=20-r=0.49-ru=10/config-357.txt.gz,1.1,0.16,62.0
SRRW-MARCELO-L=130-N=373483-phi=0.16-alpha=1.1-bmax=20-r=0.49-ru=10/config-358.txt.gz,1.1,0.16,69.0
SRRW-MARCELO-L=130-N=373483-phi=0.16-alpha=1.1-bmax=20-r=0.49-ru=10/config-359.txt.gz,1.1,0.16,66.0
SRRW-MARCELO-L=130-N=373483-phi=0.16-alpha=1.1-bmax=20-r=0.49-ru=10/config-36.txt.gz,1.1,0.16,60.0
SRRW-MARCELO-L=130-N=373483-phi=0.16-alpha=1.1-bmax=20-r=0.49-ru=10/config-360.txt.gz,1.1,0.16,68.0
SRRW-MARCELO-L=130-N=373483-phi=0.16-alpha=1.1-bmax=20-r=0.49-ru=10/config-361.txt.gz,1.1,0.16,92.0
SRRW-MARCELO-L=130-N=373483-phi=0.16-alpha=1.1-bmax=20-r=0.49-ru=10/config-362.txt.gz,1.1,0.16,73.0
SRRW-MARCELO-L=130-N=373483-phi=0.16-alpha=1.1-bmax=20-r=0.49-ru=10/config-363.txt.gz,1.1,0.16,62.0
SRRW-MARCELO-L=130-N=373483-phi=0.16-alpha=1.1-bmax=20-r=0.49-ru=10/config-364.txt.gz,1.1,0.16,82.0
SRRW-MARCELO-L=130-N=373483-phi=0.16-alpha=1.1-bmax=20-r=0.49-ru=10/config-365.txt.gz,1.1,0.16,84.0
SRRW-MARCELO-L=130-N=373483-phi=0.16-alpha=1.1-bmax=20-r=0.49-ru=10/config-366.txt.gz,1.1,0.16,68.0
SRRW-MARCELO-L=130-N=373483-phi=0.16-alpha=1.1-bmax=20-r=0.49-ru=10/config-367.txt.gz,1.1,0.16,72.0
SRRW-MARCELO-L=130-N=373483-phi=0.16-alpha=1.1-bmax=20-r=0.49-ru=10/config-368.txt.gz,1.1,0.16,49.0
SRRW-MARCELO-L=130-N=373483-phi=0.16-alpha=1.1-bmax=20-r=0.49-ru=10/config-369.txt.gz,1.1,0.16,60.0
SRRW-MARCELO-L=130-N=373483-phi=0.16-alpha=1.1-bmax=20-r=0.49-ru=10/config-37.txt.gz,1.1,0.16,82.0
SRRW-MARCELO-L=130-N=373483-phi=0.16-alpha=1.1-bmax=20-r=0.49-ru=10/config-370.txt.gz,1.1,0.16,71.0
SRRW-MARCELO-L=130-N=373483-phi=0.16-alpha=1.1-bmax=20-r=0.49-ru=10/config-371.txt.gz,1.1,0.16,56.0
SRRW-MARCELO-L=130-N=373483-phi=0.16-alpha=1.1-bmax=20-r=0.49-ru=10/config-372.txt.gz,1.1,0.16,79.0
SRRW-MARCELO-L=130-N=373483-phi=0.16-alpha=1.1-bmax=20-r=0.49-ru=10/config-373.txt.gz,1.1,0.16,73.0
SRRW-MARCELO-L=130-N=373483-phi=0.16-alpha=1.1-bmax=20-r=0.49-ru=10/config-374.txt.gz,1.1,0.16,68.0
SRRW-MARCELO-L=130-N=373483-phi=0.16-alpha=1.1-bmax=20-r=0.49-ru=10/config-375.txt.gz,1.1,0.16,84.0
SRRW-MARCELO-L=130-N=373483-phi=0.16-alpha=1.1-bmax=20-r=0.49-ru=10/config-376.txt.gz,1.1,0.16,72.0
SRRW-MARCELO-L=130-N=373483-phi=0.16-alpha=1.1-bmax=20-r=0.49-ru=10/config-377.txt.gz,1.1,0.16,78.0
SRRW-MARCELO-L=130-N=373483-phi=0.16-alpha=1.1-bmax=20-r=0.49-ru=10/config-378.txt.gz,1.1,0.16,75.0
SRRW-MARCELO-L=130-N=373483-phi=0.16-alpha=1.1-bmax=20-r=0.49-ru=10/config-379.txt.gz,1.1,0.16,78.0
SRRW-MARCELO-L=130-N=373483-phi=0.16-alpha=1.1-bmax=20-r=0.49-ru=10/config-38.txt.gz,1.1,0.16,64.0
SRRW-MARCELO-L=130-N=373483-phi=0.16-alpha=1.1-bmax=20-r=0.49-ru=10/config-380.txt.gz,1.1,0.16,65.0
SRRW-MARCELO-L=130-N=373483-phi=0.16-alpha=1.1-bmax=20-r=0.49-ru=10/config-381.txt.gz,1.1,0.16,82.0
SRRW-MARCELO-L=130-N=373483-phi=0.16-alpha=1.1-bmax=20-r=0.49-ru=10/config-382.txt.gz,1.1,0.16,68.0
SRRW-MARCELO-L=130-N=373483-phi=0.16-alpha=1.1-bmax=20-r=0.49-ru=10/config-383.txt.gz,1.1,0.16,54.0
SRRW-MARCELO-L=130-N=373483-phi=0.16-alpha=1.1-bmax=20-r=0.49-ru=10/config-384.txt.gz,1.1,0.16,47.0
SRRW-MARCELO-L=130-N=373483-phi=0.16-alpha=1.1-bmax=20-r=0.49-ru=10/config-385.txt.gz,1.1,0.16,91.0
SRRW-MARCELO-L=130-N=373483-phi=0.16-alpha=1.1-bmax=20-r=0.49-ru=10/config-386.txt.gz,1.1,0.16,76.0
SRRW-MARCELO-L=130-N=373483-phi=0.16-alpha=1.1-bmax=20-r=0.49-ru=10/config-387.txt.gz,1.1,0.16,70.0
SRRW-MARCELO-L=130-N=373483-phi=0.16-alpha=1.1-bmax=20-r=0.49-ru=10/config-388.txt.gz,1.1,0.16,76.0
SRRW-MARCELO-L=130-N=373483-phi=0.16-alpha=1.1-bmax=20-r=0.49-ru=10/config-389.txt.gz,1.1,0.16,76.0
SRRW-MARCELO-L=130-N=373483-phi=0.16-alpha=1.1-bmax=20-r=0.49-ru=10/config-39.txt.gz,1.1,0.16,78.0
SRRW-MARCELO-L=130-N=373483-phi=0.16-alpha=1.1-bmax=20-r=0.49-ru=10/config-390.txt.gz,1.1,0.16,71.0
SRRW-MARCELO-L=130-N=373483-phi=0.16-alpha=1.1-bmax=20-r=0.49-ru=10/config-391.txt.gz,1.1,0.16,66.0
SRRW-MARCELO-L=130-N=373483-phi=0.16-alpha=1.1-bmax=20-r=0.49-ru=10/config-392.txt.gz,1.1,0.16,75.0
SRRW-MARCELO-L=130-N=373483-phi=0.16-alpha=1.1-bmax=20-r=0.49-ru=10/config-393.txt.gz,1.1,0.16,70.0
SRRW-MARCELO-L=130-N=373483-phi=0.16-alpha=1.1-bmax=20-r=0.49-ru=10/config-394.txt.gz,1.1,0.16,59.0
SRRW-MARCELO-L=130-N=373483-phi=0.16-alpha=1.1-bmax=20-r=0.49-ru=10/config-395.txt.gz,1.1,0.16,66.0
SRRW-MARCELO-L=130-N=373483-phi=0.16-alpha=1.1-bmax=20-r=0.49-ru=10/config-396.txt.gz,1.1,0.16,61.0
SRRW-MARCELO-L=130-N=373483-phi=0.16-alpha=1.1-bmax=20-r=0.49-ru=10/config-397.txt.gz,1.1,0.16,75.0
SRRW-MARCELO-L=130-N=373483-phi=0.16-alpha=1.1-bmax=20-r=0.49-ru=10/config-398.txt.gz,1.1,0.16,69.0
SRRW-MARCELO-L=130-N=373483-phi=0.16-alpha=1.1-bmax=20-r=0.49-ru=10/config-399.txt.gz,1.1,0.16,69.0
SRRW-MARCELO-L=130-N=373483-phi=0.16-alpha=1.1-bmax=20-r=0.49-ru=10/config-4.txt.gz,1.1,0.16,84.0
SRRW-MARCELO-L=130-N=373483-phi=0.16-alpha=1.1-bmax=20-r=0.49-ru=10/config-40.txt.gz,1.1,0.16,70.0
SRRW-MARCELO-L=130-N=373483-phi=0.16-alpha=1.1-bmax=20-r=0.49-ru=10/config-400.txt.gz,1.1,0.16,83.0
SRRW-MARCELO-L=130-N=373483-phi=0.16-alpha=1.1-bmax=20-r=0.49-ru=10/config-401.txt.gz,1.1,0.16,72.0
SRRW-MARCELO-L=130-N=373483-phi=0.16-alpha=1.1-bmax=20-r=0.49-ru=10/config-402.txt.gz,1.1,0.16,92.0
SRRW-MARCELO-L=130-N=373483-phi=0.16-alpha=1.1-bmax=20-r=0.49-ru=10/config-403.txt.gz,1.1,0.16,62.0
SRRW-MARCELO-L=130-N=373483-phi=0.16-alpha=1.1-bmax=20-r=0.49-ru=10/config-404.txt.gz,1.1,0.16,55.0
SRRW-MARCELO-L=130-N=373483-phi=0.16-alpha=1.1-bmax=20-r=0.49-ru=10/config-405.txt.gz,1.1,0.16,64.0
SRRW-MARCELO-L=130-N=373483-phi=0.16-alpha=1.1-bmax=20-r=0.49-ru=10/config-406.txt.gz,1.1,0.16,65.0
SRRW-MARCELO-L=130-N=373483-phi=0.16-alpha=1.1-bmax=20-r=0.49-ru=10/config-407.txt.gz,1.1,0.16,79.0
SRRW-MARCELO-L=130-N=373483-phi=0.16-alpha=1.1-bmax=20-r=0.49-ru=10/config-408.txt.gz,1.1,0.16,75.0
SRRW-MARCELO-L=130-N=373483-phi=0.16-alpha=1.1-bmax=20-r=0.49-ru=10/config-409.txt.gz,1.1,0.16,77.0
SRRW-MARCELO-L=130-N=373483-phi=0.16-alpha=1.1-bmax=20-r=0.49-ru=10/config-41.txt.gz,1.1,0.16,67.0
SRRW-MARCELO-L=130-N=373483-phi=0.16-alpha=1.1-bmax=20-r=0.49-ru=10/config-410.txt.gz,1.1,0.16,77.0
SRRW-MARCELO-L=130-N=373483-phi=0.16-alpha=1.1-bmax=20-r=0.49-ru=10/config-411.txt.gz,1.1,0.16,74.0
SRRW-MARCELO-L=130-N=373483-phi=0.16-alpha=1.1-bmax=20-r=0.49-ru=10/config-412.txt.gz,1.1,0.16,75.0
SRRW-MARCELO-L=130-N=373483-phi=0.16-alpha=1.1-bmax=20-r=0.49-ru=10/config-413.txt.gz,1.1,0.16,69.0
SRRW-MARCELO-L=130-N=373483-phi=0.16-alpha=1.1-bmax=20-r=0.49-ru=10/config-414.txt.gz,1.1,0.16,60.0
SRRW-MARCELO-L=130-N=373483-phi=0.16-alpha=1.1-bmax=20-r=0.49-ru=10/config-415.txt.gz,1.1,0.16,62.0
SRRW-MARCELO-L=130-N=373483-phi=0.16-alpha=1.1-bmax=20-r=0.49-ru=10/config-416.txt.gz,1.1,0.16,61.0
SRRW-MARCELO-L=130-N=373483-phi=0.16-alpha=1.1-bmax=20-r=0.49-ru=10/config-417.txt.gz,1.1,0.16,73.0
SRRW-MARCELO-L=130-N=373483-phi=0.16-alpha=1.1-bmax=20-r=0.49-ru=10/config-418.txt.gz,1.1,0.16,73.0
SRRW-MARCELO-L=130-N=373483-phi=0.16-alpha=1.1-bmax=20-r=0.49-ru=10/config-419.txt.gz,1.1,0.16,65.0
SRRW-MARCELO-L=130-N=373483-phi=0.16-alpha=1.1-bmax=20-r=0.49-ru=10/config-42.txt.gz,1.1,0.16,54.0
SRRW-MARCELO-L=130-N=373483-phi=0.16-alpha=1.1-bmax=20-r=0.49-ru=10/config-420.txt.gz,1.1,0.16,75.0
SRRW-MARCELO-L=130-N=373483-phi=0.16-alpha=1.1-bmax=20-r=0.49-ru=10/config-421.txt.gz,1.1,0.16,85.0
SRRW-MARCELO-L=130-N=373483-phi=0.16-alpha=1.1-bmax=20-r=0.49-ru=10/config-422.txt.gz,1.1,0.16,55.0
SRRW-MARCELO-L=130-N=373483-phi=0.16-alpha=1.1-bmax=20-r=0.49-ru=10/config-423.txt.gz,1.1,0.16,65.0
SRRW-MARCELO-L=130-N=373483-phi=0.16-alpha=1.1-bmax=20-r=0.49-ru=10/config-424.txt.gz,1.1,0.16,61.0
SRRW-MARCELO-L=130-N=373483-phi=0.16-alpha=1.1-bmax=20-r=0.49-ru=10/config-425.txt.gz,1.1,0.16,59.0
SRRW-MARCELO-L=130-N=373483-phi=0.16-alpha=1.1-bmax=20-r=0.49-ru=10/config-426.txt.gz,1.1,0.16,77.0
SRRW-MARCELO-L=130-N=373483-phi=0.16-alpha=1.1-bmax=20-r=0.49-ru=10/config-427.txt.gz,1.1,0.16,82.0
SRRW-MARCELO-L=130-N=373483-phi=0.16-alpha=1.1-bmax=20-r=0.49-ru=10/config-428.txt.gz,1.1,0.16,64.0
SRRW-MARCELO-L=130-N=373483-phi=0.16-alpha=1.1-bmax=20-r=0.49-ru=10/config-429.txt.gz,1.1,0.16,72.0
SRRW-MARCELO-L=130-N=373483-phi=0.16-alpha=1.1-bmax=20-r=0.49-ru=10/config-43.txt.gz,1.1,0.16,84.0
SRRW-MARCELO-L=130-N=373483-phi=0.16-alpha=1.1-bmax=20-r=0.49-ru=10/config-430.txt.gz,1.1,0.16,65.0
SRRW-MARCELO-L=130-N=373483-phi=0.16-alpha=1.1-bmax=20-r=0.49-ru=10/config-431.txt.gz,1.1,0.16,76.0
SRRW-MARCELO-L=130-N=373483-phi=0.16-alpha=1.1-bmax=20-r=0.49-ru=10/config-432.txt.gz,1.1,0.16,79.0
SRRW-MARCELO-L=130-N=373483-phi=0.16-alpha=1.1-bmax=20-r=0.49-ru=10/config-433.txt.gz,1.1,0.16,66.0
SRRW-MARCELO-L=130-N=373483-phi=0.16-alpha=1.1-bmax=20-r=0.49-ru=10/config-434.txt.gz,1.1,0.16,75.0
SRRW-MARCELO-L=130-N=373483-phi=0.16-alpha=1.1-bmax=20-r=0.49-ru=10/config-435.txt.gz,1.1,0.16,76.0
SRRW-MARCELO-L=130-N=373483-phi=0.16-alpha=1.1-bmax=20-r=0.49-ru=10/config-436.txt.gz,1.1,0.16,85.0
SRRW-MARCELO-L=130-N=373483-phi=0.16-alpha=1.1-bmax=20-r=0.49-ru=10/config-437.txt.gz,1.1,0.16,66.0
SRRW-MARCELO-L=130-N=373483-phi=0.16-alpha=1.1-bmax=20-r=0.49-ru=10/config-438.txt.gz,1.1,0.16,75.0
SRRW-MARCELO-L=130-N=373483-phi=0.16-alpha=1.1-bmax=20-r=0.49-ru=10/config-439.txt.gz,1.1,0.16,53.0
SRRW-MARCELO-L=130-N=373483-phi=0.16-alpha=1.1-bmax=20-r=0.49-ru=10/config-44.txt.gz,1.1,0.16,51.0
SRRW-MARCELO-L=130-N=373483-phi=0.16-alpha=1.1-bmax=20-r=0.49-ru=10/config-440.txt.gz,1.1,0.16,76.0
SRRW-MARCELO-L=130-N=373483-phi=0.16-alpha=1.1-bmax=20-r=0.49-ru=10/config-441.txt.gz,1.1,0.16,74.0
SRRW-MARCELO-L=130-N=373483-phi=0.16-alpha=1.1-bmax=20-r=0.49-ru=10/config-442.txt.gz,1.1,0.16,67.0
SRRW-MARCELO-L=130-N=373483-phi=0.16-alpha=1.1-bmax=20-r=0.49-ru=10/config-443.txt.gz,1.1,0.16,69.0
SRRW-MARCELO-L=130-N=373483-phi=0.16-alpha=1.1-bmax=20-r=0.49-ru=10/config-444.txt.gz,1.1,0.16,79.0
SRRW-MARCELO-L=130-N=373483-phi=0.16-alpha=1.1-bmax=20-r=0.49-ru=10/config-445.txt.gz,1.1,0.16,60.0
SRRW-MARCELO-L=130-N=373483-phi=0.16-alpha=1.1-bmax=20-r=0.49-ru=10/config-446.txt.gz,1.1,0.16,65.0
SRRW-MARCELO-L=130-N=373483-phi=0.16-alpha=1.1-bmax=20-r=0.49-ru=10/config-447.txt.gz,1.1,0.16,79.0
SRRW-MARCELO-L=130-N=373483-phi=0.16-alpha=1.1-bmax=20-r=0.49-ru=10/config-448.txt.gz,1.1,0.16,69.0
SRRW-MARCELO-L=130-N=373483-phi=0.16-alpha=1.1-bmax=20-r=0.49-ru=10/config-449.txt.gz,1.1,0.16,76.0
SRRW-MARCELO-L=130-N=373483-phi=0.16-alpha=1.1-bmax=20-r=0.49-ru=10/config-45.txt.gz,1.1,0.16,71.0
SRRW-MARCELO-L=130-N=373483-phi=0.16-alpha=1.1-bmax=20-r=0.49-ru=10/config-450.txt.gz,1.1,0.16,72.0
SRRW-MARCELO-L=130-N=373483-phi=0.16-alpha=1.1-bmax=20-r=0.49-ru=10/config-451.txt.gz,1.1,0.16,70.0
SRRW-MARCELO-L=130-N=373483-phi=0.16-alpha=1.1-bmax=20-r=0.49-ru=10/config-452.txt.gz,1.1,0.16,86.0
SRRW-MARCELO-L=130-N=373483-phi=0.16-alpha=1.1-bmax=20-r=0.49-ru=10/config-453.txt.gz,1.1,0.16,75.0
SRRW-MARCELO-L=130-N=373483-phi=0.16-alpha=1.1-bmax=20-r=0.49-ru=10/config-454.txt.gz,1.1,0.16,78.0
SRRW-MARCELO-L=130-N=373483-phi=0.16-alpha=1.1-bmax=20-r=0.49-ru=10/config-455.txt.gz,1.1,0.16,83.0
SRRW-MARCELO-L=130-N=373483-phi=0.16-alpha=1.1-bmax=20-r=0.49-ru=10/config-456.txt.gz,1.1,0.16,69.0
SRRW-MARCELO-L=130-N=373483-phi=0.16-alpha=1.1-bmax=20-r=0.49-ru=10/config-457.txt.gz,1.1,0.16,66.0
SRRW-MARCELO-L=130-N=373483-phi=0.16-alpha=1.1-bmax=20-r=0.49-ru=10/config-458.txt.gz,1.1,0.16,83.0
SRRW-MARCELO-L=130-N=373483-phi=0.16-alpha=1.1-bmax=20-r=0.49-ru=10/config-459.txt.gz,1.1,0.16,91.0
SRRW-MARCELO-L=130-N=373483-phi=0.16-alpha=1.1-bmax=20-r=0.49-ru=10/config-46.txt.gz,1.1,0.16,74.0
SRRW-MARCELO-L=130-N=373483-phi=0.16-alpha=1.1-bmax=20-r=0.49-ru=10/config-460.txt.gz,1.1,0.16,55.0
SRRW-MARCELO-L=130-N=373483-phi=0.16-alpha=1.1-bmax=20-r=0.49-ru=10/config-461.txt.gz,1.1,0.16,60.0
SRRW-MARCELO-L=130-N=373483-phi=0.16-alpha=1.1-bmax=20-r=0.49-ru=10/config-462.txt.gz,1.1,0.16,59.0
SRRW-MARCELO-L=130-N=373483-phi=0.16-alpha=1.1-bmax=20-r=0.49-ru=10/config-463.txt.gz,1.1,0.16,84.0
SRRW-MARCELO-L=130-N=373483-phi=0.16-alpha=1.1-bmax=20-r=0.49-ru=10/config-464.txt.gz,1.1,0.16,70.0
SRRW-MARCELO-L=130-N=373483-phi=0.16-alpha=1.1-bmax=20-r=0.49-ru=10/config-465.txt.gz,1.1,0.16,79.0
SRRW-MARCELO-L=130-N=373483-phi=0.16-alpha=1.1-bmax=20-r=0.49-ru=10/config-466.txt.gz,1.1,0.16,66.0
SRRW-MARCELO-L=130-N=373483-phi=0.16-alpha=1.1-bmax=20-r=0.49-ru=10/config-467.txt.gz,1.1,0.16,68.0
SRRW-MARCELO-L=130-N=373483-phi=0.16-alpha=1.1-bmax=20-r=0.49-ru=10/config-468.txt.gz,1.1,0.16,71.0
SRRW-MARCELO-L=130-N=373483-phi=0.16-alpha=1.1-bmax=20-r=0.49-ru=10/config-469.txt.gz,1.1,0.16,78.0
SRRW-MARCELO-L=130-N=373483-phi=0.16-alpha=1.1-bmax=20-r=0.49-ru=10/config-47.txt.gz,1.1,0.16,67.0
SRRW-MARCELO-L=130-N=373483-phi=0.16-alpha=1.1-bmax=20-r=0.49-ru=10/config-470.txt.gz,1.1,0.16,79.0
SRRW-MARCELO-L=130-N=373483-phi=0.16-alpha=1.1-bmax=20-r=0.49-ru=10/config-471.txt.gz,1.1,0.16,70.0
SRRW-MARCELO-L=130-N=373483-phi=0.16-alpha=1.1-bmax=20-r=0.49-ru=10/config-472.txt.gz,1.1,0.16,77.0
SRRW-MARCELO-L=130-N=373483-phi=0.16-alpha=1.1-bmax=20-r=0.49-ru=10/config-473.txt.gz,1.1,0.16,79.0
SRRW-MARCELO-L=130-N=373483-phi=0.16-alpha=1.1-bmax=20-r=0.49-ru=10/config-474.txt.gz,1.1,0.16,76.0
SRRW-MARCELO-L=130-N=373483-phi=0.16-alpha=1.1-bmax=20-r=0.49-ru=10/config-475.txt.gz,1.1,0.16,68.0
SRRW-MARCELO-L=130-N=373483-phi=0.16-alpha=1.1-bmax=20-r=0.49-ru=10/config-476.txt.gz,1.1,0.16,85.0
SRRW-MARCELO-L=130-N=373483-phi=0.16-alpha=1.1-bmax=20-r=0.49-ru=10/config-477.txt.gz,1.1,0.16,79.0
SRRW-MARCELO-L=130-N=373483-phi=0.16-alpha=1.1-bmax=20-r=0.49-ru=10/config-478.txt.gz,1.1,0.16,59.0
SRRW-MARCELO-L=130-N=373483-phi=0.16-alpha=1.1-bmax=20-r=0.49-ru=10/config-479.txt.gz,1.1,0.16,77.0
SRRW-MARCELO-L=130-N=373483-phi=0.16-alpha=1.1-bmax=20-r=0.49-ru=10/config-48.txt.gz,1.1,0.16,69.0
SRRW-MARCELO-L=130-N=373483-phi=0.16-alpha=1.1-bmax=20-r=0.49-ru=10/config-480.txt.gz,1.1,0.16,69.0
SRRW-MARCELO-L=130-N=373483-phi=0.16-alpha=1.1-bmax=20-r=0.49-ru=10/config-481.txt.gz,1.1,0.16,70.0
SRRW-MARCELO-L=130-N=373483-phi=0.16-alpha=1.1-bmax=20-r=0.49-ru=10/config-482.txt.gz,1.1,0.16,72.0
SRRW-MARCELO-L=130-N=373483-phi=0.16-alpha=1.1-bmax=20-r=0.49-ru=10/config-483.txt.gz,1.1,0.16,67.0
SRRW-MARCELO-L=130-N=373483-phi=0.16-alpha=1.1-bmax=20-r=0.49-ru=10/config-484.txt.gz,1.1,0.16,62.0
SRRW-MARCELO-L=130-N=373483-phi=0.16-alpha=1.1-bmax=20-r=0.49-ru=10/config-485.txt.gz,1.1,0.16,74.0
SRRW-MARCELO-L=130-N=373483-phi=0.16-alpha=1.1-bmax=20-r=0.49-ru=10/config-486.txt.gz,1.1,0.16,74.0
SRRW-MARCELO-L=130-N=373483-phi=0.16-alpha=1.1-bmax=20-r=0.49-ru=10/config-487.txt.gz,1.1,0.16,59.0
SRRW-MARCELO-L=130-N=373483-phi=0.16-alpha=1.1-bmax=20-r=0.49-ru=10/config-488.txt.gz,1.1,0.16,82.0
SRRW-MARCELO-L=130-N=373483-phi=0.16-alpha=1.1-bmax=20-r=0.49-ru=10/config-489.txt.gz,1.1,0.16,87.0
SRRW-MARCELO-L=130-N=373483-phi=0.16-alpha=1.1-bmax=20-r=0.49-ru=10/config-49.txt.gz,1.1,0.16,75.0
SRRW-MARCELO-L=130-N=373483-phi=0.16-alpha=1.1-bmax=20-r=0.49-ru=10/config-490.txt.gz,1.1,0.16,66.0
SRRW-MARCELO-L=130-N=373483-phi=0.16-alpha=1.1-bmax=20-r=0.49-ru=10/config-491.txt.gz,1.1,0.16,84.0
SRRW-MARCELO-L=130-N=373483-phi=0.16-alpha=1.1-bmax=20-r=0.49-ru=10/config-492.txt.gz,1.1,0.16,72.0
SRRW-MARCELO-L=130-N=373483-phi=0.16-alpha=1.1-bmax=20-r=0.49-ru=10/config-493.txt.gz,1.1,0.16,63.0
SRRW-MARCELO-L=130-N=373483-phi=0.16-alpha=1.1-bmax=20-r=0.49-ru=10/config-494.txt.gz,1.1,0.16,74.0
SRRW-MARCELO-L=130-N=373483-phi=0.16-alpha=1.1-bmax=20-r=0.49-ru=10/config-495.txt.gz,1.1,0.16,79.0
SRRW-MARCELO-L=130-N=373483-phi=0.16-alpha=1.1-bmax=20-r=0.49-ru=10/config-496.txt.gz,1.1,0.16,65.0
SRRW-MARCELO-L=130-N=373483-phi=0.16-alpha=1.1-bmax=20-r=0.49-ru=10/config-497.txt.gz,1.1,0.16,84.0
SRRW-MARCELO-L=130-N=373483-phi=0.16-alpha=1.1-bmax=20-r=0.49-ru=10/config-498.txt.gz,1.1,0.16,84.0
SRRW-MARCELO-L=130-N=373483-phi=0.16-alpha=1.1-bmax=20-r=0.49-ru=10/config-499.txt.gz,1.1,0.16,66.0
SRRW-MARCELO-L=130-N=373483-phi=0.16-alpha=1.1-bmax=20-r=0.49-ru=10/config-5.txt.gz,1.1,0.16,66.0
SRRW-MARCELO-L=130-N=373483-phi=0.16-alpha=1.1-bmax=20-r=0.49-ru=10/config-50.txt.gz,1.1,0.16,70.0
SRRW-MARCELO-L=130-N=373483-phi=0.16-alpha=1.1-bmax=20-r=0.49-ru=10/config-500.txt.gz,1.1,0.16,77.0
SRRW-MARCELO-L=130-N=373483-phi=0.16-alpha=1.1-bmax=20-r=0.49-ru=10/config-501.txt.gz,1.1,0.16,61.0
SRRW-MARCELO-L=130-N=373483-phi=0.16-alpha=1.1-bmax=20-r=0.49-ru=10/config-502.txt.gz,1.1,0.16,80.0
SRRW-MARCELO-L=130-N=373483-phi=0.16-alpha=1.1-bmax=20-r=0.49-ru=10/config-503.txt.gz,1.1,0.16,79.0
SRRW-MARCELO-L=130-N=373483-phi=0.16-alpha=1.1-bmax=20-r=0.49-ru=10/config-504.txt.gz,1.1,0.16,62.0
SRRW-MARCELO-L=130-N=373483-phi=0.16-alpha=1.1-bmax=20-r=0.49-ru=10/config-505.txt.gz,1.1,0.16,81.0
SRRW-MARCELO-L=130-N=373483-phi=0.16-alpha=1.1-bmax=20-r=0.49-ru=10/config-506.txt.gz,1.1,0.16,49.0
SRRW-MARCELO-L=130-N=373483-phi=0.16-alpha=1.1-bmax=20-r=0.49-ru=10/config-507.txt.gz,1.1,0.16,69.0
SRRW-MARCELO-L=130-N=373483-phi=0.16-alpha=1.1-bmax=20-r=0.49-ru=10/config-508.txt.gz,1.1,0.16,69.0
SRRW-MARCELO-L=130-N=373483-phi=0.16-alpha=1.1-bmax=20-r=0.49-ru=10/config-509.txt.gz,1.1,0.16,78.0
SRRW-MARCELO-L=130-N=373483-phi=0.16-alpha=1.1-bmax=20-r=0.49-ru=10/config-51.txt.gz,1.1,0.16,84.0
SRRW-MARCELO-L=130-N=373483-phi=0.16-alpha=1.1-bmax=20-r=0.49-ru=10/config-510.txt.gz,1.1,0.16,70.0
SRRW-MARCELO-L=130-N=373483-phi=0.16-alpha=1.1-bmax=20-r=0.49-ru=10/config-511.txt.gz,1.1,0.16,72.0
SRRW-MARCELO-L=130-N=373483-phi=0.16-alpha=1.1-bmax=20-r=0.49-ru=10/config-512.txt.gz,1.1,0.16,65.0
SRRW-MARCELO-L=130-N=373483-phi=0.16-alpha=1.1-bmax=20-r=0.49-ru=10/config-513.txt.gz,1.1,0.16,73.0
SRRW-MARCELO-L=130-N=373483-phi=0.16-alpha=1.1-bmax=20-r=0.49-ru=10/config-514.txt.gz,1.1,0.16,76.0
SRRW-MARCELO-L=130-N=373483-phi=0.16-alpha=1.1-bmax=20-r=0.49-ru=10/config-515.txt.gz,1.1,0.16,73.0
SRRW-MARCELO-L=130-N=373483-phi=0.16-alpha=1.1-bmax=20-r=0.49-ru=10/config-516.txt.gz,1.1,0.16,74.0
SRRW-MARCELO-L=130-N=373483-phi=0.16-alpha=1.1-bmax=20-r=0.49-ru=10/config-517.txt.gz,1.1,0.16,71.0
SRRW-MARCELO-L=130-N=373483-phi=0.16-alpha=1.1-bmax=20-r=0.49-ru=10/config-518.txt.gz,1.1,0.16,78.0
SRRW-MARCELO-L=130-N=373483-phi=0.16-alpha=1.1-bmax=20-r=0.49-ru=10/config-519.txt.gz,1.1,0.16,63.0
SRRW-MARCELO-L=130-N=373483-phi=0.16-alpha=1.1-bmax=20-r=0.49-ru=10/config-52.txt.gz,1.1,0.16,66.0
SRRW-MARCELO-L=130-N=373483-phi=0.16-alpha=1.1-bmax=20-r=0.49-ru=10/config-520.txt.gz,1.1,0.16,53.0
SRRW-MARCELO-L=130-N=373483-phi=0.16-alpha=1.1-bmax=20-r=0.49-ru=10/config-521.txt.gz,1.1,0.16,58.0
SRRW-MARCELO-L=130-N=373483-phi=0.16-alpha=1.1-bmax=20-r=0.49-ru=10/config-522.txt.gz,1.1,0.16,77.0
SRRW-MARCELO-L=130-N=373483-phi=0.16-alpha=1.1-bmax=20-r=0.49-ru=10/config-523.txt.gz,1.1,0.16,70.0
SRRW-MARCELO-L=130-N=373483-phi=0.16-alpha=1.1-bmax=20-r=0.49-ru=10/config-524.txt.gz,1.1,0.16,72.0
SRRW-MARCELO-L=130-N=373483-phi=0.16-alpha=1.1-bmax=20-r=0.49-ru=10/config-525.txt.gz,1.1,0.16,75.0
SRRW-MARCELO-L=130-N=373483-phi=0.16-alpha=1.1-bmax=20-r=0.49-ru=10/config-526.txt.gz,1.1,0.16,66.0
SRRW-MARCELO-L=130-N=373483-phi=0.16-alpha=1.1-bmax=20-r=0.49-ru=10/config-527.txt.gz,1.1,0.16,79.0
SRRW-MARCELO-L=130-N=373483-phi=0.16-alpha=1.1-bmax=20-r=0.49-ru=10/config-528.txt.gz,1.1,0.16,75.0
SRRW-MARCELO-L=130-N=373483-phi=0.16-alpha=1.1-bmax=20-r=0.49-ru=10/config-529.txt.gz,1.1,0.16,73.0
SRRW-MARCELO-L=130-N=373483-phi=0.16-alpha=1.1-bmax=20-r=0.49-ru=10/config-53.txt.gz,1.1,0.16,73.0
SRRW-MARCELO-L=130-N=373483-phi=0.16-alpha=1.1-bmax=20-r=0.49-ru=10/config-530.txt.gz,1.1,0.16,70.0
SRRW-MARCELO-L=130-N=373483-phi=0.16-alpha=1.1-bmax=20-r=0.49-ru=10/config-531.txt.gz,1.1,0.16,69.0
SRRW-MARCELO-L=130-N=373483-phi=0.16-alpha=1.1-bmax=20-r=0.49-ru=10/config-532.txt.gz,1.1,0.16,71.0
SRRW-MARCELO-L=130-N=373483-phi=0.16-alpha=1.1-bmax=20-r=0.49-ru=10/config-533.txt.gz,1.1,0.16,85.0
SRRW-MARCELO-L=130-N=373483-phi=0.16-alpha=1.1-bmax=20-r=0.49-ru=10/config-534.txt.gz,1.1,0.16,59.0
SRRW-MARCELO-L=130-N=373483-phi=0.16-alpha=1.1-bmax=20-r=0.49-ru=10/config-535.txt.gz,1.1,0.16,68.0
SRRW-MARCELO-L=130-N=373483-phi=0.16-alpha=1.1-bmax=20-r=0.49-ru=10/config-536.txt.gz,1.1,0.16,45.0
SRRW-MARCELO-L=130-N=373483-phi=0.16-alpha=1.1-bmax=20-r=0.49-ru=10/config-537.txt.gz,1.1,0.16,62.0
SRRW-MARCELO-L=130-N=373483-phi=0.16-alpha=1.1-bmax=20-r=0.49-ru=10/config-538.txt.gz,1.1,0.16,53.0
SRRW-MARCELO-L=130-N=373483-phi=0.16-alpha=1.1-bmax=20-r=0.49-ru=10/config-539.txt.gz,1.1,0.16,66.0
SRRW-MARCELO-L=130-N=373483-phi=0.16-alpha=1.1-bmax=20-r=0.49-ru=10/config-54.txt.gz,1.1,0.16,75.0
SRRW-MARCELO-L=130-N=373483-phi=0.16-alpha=1.1-bmax=20-r=0.49-ru=10/config-540.txt.gz,1.1,0.16,58.0
SRRW-MARCELO-L=130-N=373483-phi=0.16-alpha=1.1-bmax=20-r=0.49-ru=10/config-541.txt.gz,1.1,0.16,78.0
SRRW-MARCELO-L=130-N=373483-phi=0.16-alpha=1.1-bmax=20-r=0.49-ru=10/config-542.txt.gz,1.1,0.16,69.0
SRRW-MARCELO-L=130-N=373483-phi=0.16-alpha=1.1-bmax=20-r=0.49-ru=10/config-543.txt.gz,1.1,0.16,72.0
SRRW-MARCELO-L=130-N=373483-phi=0.16-alpha=1.1-bmax=20-r=0.49-ru=10/config-544.txt.gz,1.1,0.16,66.0
SRRW-MARCELO-L=130-N=373483-phi=0.16-alpha=1.1-bmax=20-r=0.49-ru=10/config-545.txt.gz,1.1,0.16,72.0
SRRW-MARCELO-L=130-N=373483-phi=0.16-alpha=1.1-bmax=20-r=0.49-ru=10/config-546.txt.gz,1.1,0.16,73.0
SRRW-MARCELO-L=130-N=373483-phi=0.16-alpha=1.1-bmax=20-r=0.49-ru=10/config-547.txt.gz,1.1,0.16,73.0
SRRW-MARCELO-L=130-N=373483-phi=0.16-alpha=1.1-bmax=20-r=0.49-ru=10/config-548.txt.gz,1.1,0.16,73.0
SRRW-MARCELO-L=130-N=373483-phi=0.16-alpha=1.1-bmax=20-r=0.49-ru=10/config-549.txt.gz,1.1,0.16,66.0
SRRW-MARCELO-L=130-N=373483-phi=0.16-alpha=1.1-bmax=20-r=0.49-ru=10/config-55.txt.gz,1.1,0.16,63.0
SRRW-MARCELO-L=130-N=373483-phi=0.16-alpha=1.1-bmax=20-r=0.49-ru=10/config-550.txt.gz,1.1,0.16,52.0
SRRW-MARCELO-L=130-N=373483-phi=0.16-alpha=1.1-bmax=20-r=0.49-ru=10/config-551.txt.gz,1.1,0.16,72.0
SRRW-MARCELO-L=130-N=373483-phi=0.16-alpha=1.1-bmax=20-r=0.49-ru=10/config-552.txt.gz,1.1,0.16,82.0
SRRW-MARCELO-L=130-N=373483-phi=0.16-alpha=1.1-bmax=20-r=0.49-ru=10/config-553.txt.gz,1.1,0.16,63.0
SRRW-MARCELO-L=130-N=373483-phi=0.16-alpha=1.1-bmax=20-r=0.49-ru=10/config-554.txt.gz,1.1,0.16,66.0
SRRW-MARCELO-L=130-N=373483-phi=0.16-alpha=1.1-bmax=20-r=0.49-ru=10/config-555.txt.gz,1.1,0.16,73.0
SRRW-MARCELO-L=130-N=373483-phi=0.16-alpha=1.1-bmax=20-r=0.49-ru=10/config-556.txt.gz,1.1,0.16,80.0
SRRW-MARCELO-L=130-N=373483-phi=0.16-alpha=1.1-bmax=20-r=0.49-ru=10/config-557.txt.gz,1.1,0.16,82.0
SRRW-MARCELO-L=130-N=373483-phi=0.16-alpha=1.1-bmax=20-r=0.49-ru=10/config-558.txt.gz,1.1,0.16,64.0
SRRW-MARCELO-L=130-N=373483-phi=0.16-alpha=1.1-bmax=20-r=0.49-ru=10/config-559.txt.gz,1.1,0.16,62.0
SRRW-MARCELO-L=130-N=373483-phi=0.16-alpha=1.1-bmax=20-r=0.49-ru=10/config-56.txt.gz,1.1,0.16,66.0
SRRW-MARCELO-L=130-N=373483-phi=0.16-alpha=1.1-bmax=20-r=0.49-ru=10/config-560.txt.gz,1.1,0.16,65.0
SRRW-MARCELO-L=130-N=373483-phi=0.16-alpha=1.1-bmax=20-r=0.49-ru=10/config-561.txt.gz,1.1,0.16,60.0
SRRW-MARCELO-L=130-N=373483-phi=0.16-alpha=1.1-bmax=20-r=0.49-ru=10/config-562.txt.gz,1.1,0.16,65.0
SRRW-MARCELO-L=130-N=373483-phi=0.16-alpha=1.1-bmax=20-r=0.49-ru=10/config-563.txt.gz,1.1,0.16,65.0
SRRW-MARCELO-L=130-N=373483-phi=0.16-alpha=1.1-bmax=20-r=0.49-ru=10/config-564.txt.gz,1.1,0.16,73.0
SRRW-MARCELO-L=130-N=373483-phi=0.16-alpha=1.1-bmax=20-r=0.49-ru=10/config-565.txt.gz,1.1,0.16,64.0
SRRW-MARCELO-L=130-N=373483-phi=0.16-alpha=1.1-bmax=20-r=0.49-ru=10/config-566.txt.gz,1.1,0.16,78.0
SRRW-MARCELO-L=130-N=373483-phi=0.16-alpha=1.1-bmax=20-r=0.49-ru=10/config-567.txt.gz,1.1,0.16,71.0
SRRW-MARCELO-L=130-N=373483-phi=0.16-alpha=1.1-bmax=20-r=0.49-ru=10/config-568.txt.gz,1.1,0.16,62.0
SRRW-MARCELO-L=130-N=373483-phi=0.16-alpha=1.1-bmax=20-r=0.49-ru=10/config-569.txt.gz,1.1,0.16,62.0
SRRW-MARCELO-L=130-N=373483-phi=0.16-alpha=1.1-bmax=20-r=0.49-ru=10/config-57.txt.gz,1.1,0.16,64.0
SRRW-MARCELO-L=130-N=373483-phi=0.16-alpha=1.1-bmax=20-r=0.49-ru=10/config-570.txt.gz,1.1,0.16,70.0
SRRW-MARCELO-L=130-N=373483-phi=0.16-alpha=1.1-bmax=20-r=0.49-ru=10/config-571.txt.gz,1.1,0.16,77.0
SRRW-MARCELO-L=130-N=373483-phi=0.16-alpha=1.1-bmax=20-r=0.49-ru=10/config-572.txt.gz,1.1,0.16,63.0
SRRW-MARCELO-L=130-N=373483-phi=0.16-alpha=1.1-bmax=20-r=0.49-ru=10/config-573.txt.gz,1.1,0.16,82.0
SRRW-MARCELO-L=130-N=373483-phi=0.16-alpha=1.1-bmax=20-r=0.49-ru=10/config-574.txt.gz,1.1,0.16,89.0
SRRW-MARCELO-L=130-N=373483-phi=0.16-alpha=1.1-bmax=20-r=0.49-ru=10/config-575.txt.gz,1.1,0.16,66.0
SRRW-MARCELO-L=130-N=373483-phi=0.16-alpha=1.1-bmax=20-r=0.49-ru=10/config-576.txt.gz,1.1,0.16,66.0
SRRW-MARCELO-L=130-N=373483-phi=0.16-alpha=1.1-bmax=20-r=0.49-ru=10/config-577.txt.gz,1.1,0.16,78.0
SRRW-MARCELO-L=130-N=373483-phi=0.16-alpha=1.1-bmax=20-r=0.49-ru=10/config-578.txt.gz,1.1,0.16,70.0
SRRW-MARCELO-L=130-N=373483-phi=0.16-alpha=1.1-bmax=20-r=0.49-ru=10/config-579.txt.gz,1.1,0.16,74.0
SRRW-MARCELO-L=130-N=373483-phi=0.16-alpha=1.1-bmax=20-r=0.49-ru=10/config-58.txt.gz,1.1,0.16,75.0
SRRW-MARCELO-L=130-N=373483-phi=0.16-alpha=1.1-bmax=20-r=0.49-ru=10/config-580.txt.gz,1.1,0.16,61.0
SRRW-MARCELO-L=130-N=373483-phi=0.16-alpha=1.1-bmax=20-r=0.49-ru=10/config-581.txt.gz,1.1,0.16,68.0
SRRW-MARCELO-L=130-N=373483-phi=0.16-alpha=1.1-bmax=20-r=0.49-ru=10/config-582.txt.gz,1.1,0.16,69.0
SRRW-MARCELO-L=130-N=373483-phi=0.16-alpha=1.1-bmax=20-r=0.49-ru=10/config-583.txt.gz,1.1,0.16,67.0
SRRW-MARCELO-L=130-N=373483-phi=0.16-alpha=1.1-bmax=20-r=0.49-ru=10/config-584.txt.gz,1.1,0.16,80.0
SRRW-MARCELO-L=130-N=373483-phi=0.16-alpha=1.1-bmax=20-r=0.49-ru=10/config-585.txt.gz,1.1,0.16,83.0
SRRW-MARCELO-L=130-N=373483-phi=0.16-alpha=1.1-bmax=20-r=0.49-ru=10/config-586.txt.gz,1.1,0.16,77.0
SRRW-MARCELO-L=130-N=373483-phi=0.16-alpha=1.1-bmax=20-r=0.49-ru=10/config-587.txt.gz,1.1,0.16,67.0
SRRW-MARCELO-L=130-N=373483-phi=0.16-alpha=1.1-bmax=20-r=0.49-ru=10/config-588.txt.gz,1.1,0.16,72.0
SRRW-MARCELO-L=130-N=373483-phi=0.16-alpha=1.1-bmax=20-r=0.49-ru=10/config-589.txt.gz,1.1,0.16,84.0
SRRW-MARCELO-L=130-N=373483-phi=0.16-alpha=1.1-bmax=20-r=0.49-ru=10/config-59.txt.gz,1.1,0.16,60.0
SRRW-MARCELO-L=130-N=373483-phi=0.16-alpha=1.1-bmax=20-r=0.49-ru=10/config-590.txt.gz,1.1,0.16,55.0
SRRW-MARCELO-L=130-N=373483-phi=0.16-alpha=1.1-bmax=20-r=0.49-ru=10/config-591.txt.gz,1.1,0.16,74.0
SRRW-MARCELO-L=130-N=373483-phi=0.16-alpha=1.1-bmax=20-r=0.49-ru=10/config-592.txt.gz,1.1,0.16,75.0
SRRW-MARCELO-L=130-N=373483-phi=0.16-alpha=1.1-bmax=20-r=0.49-ru=10/config-593.txt.gz,1.1,0.16,67.0
SRRW-MARCELO-L=130-N=373483-phi=0.16-alpha=1.1-bmax=20-r=0.49-ru=10/config-594.txt.gz,1.1,0.16,59.0
SRRW-MARCELO-L=130-N=373483-phi=0.16-alpha=1.1-bmax=20-r=0.49-ru=10/config-595.txt.gz,1.1,0.16,83.0
SRRW-MARCELO-L=130-N=373483-phi=0.16-alpha=1.1-bmax=20-r=0.49-ru=10/config-596.txt.gz,1.1,0.16,83.0
SRRW-MARCELO-L=130-N=373483-phi=0.16-alpha=1.1-bmax=20-r=0.49-ru=10/config-597.txt.gz,1.1,0.16,91.0
SRRW-MARCELO-L=130-N=373483-phi=0.16-alpha=1.1-bmax=20-r=0.49-ru=10/config-598.txt.gz,1.1,0.16,69.0
SRRW-MARCELO-L=130-N=373483-phi=0.16-alpha=1.1-bmax=20-r=0.49-ru=10/config-599.txt.gz,1.1,0.16,77.0
SRRW-MARCELO-L=130-N=373483-phi=0.16-alpha=1.1-bmax=20-r=0.49-ru=10/config-6.txt.gz,1.1,0.16,70.0
SRRW-MARCELO-L=130-N=373483-phi=0.16-alpha=1.1-bmax=20-r=0.49-ru=10/config-60.txt.gz,1.1,0.16,82.0
SRRW-MARCELO-L=130-N=373483-phi=0.16-alpha=1.1-bmax=20-r=0.49-ru=10/config-600.txt.gz,1.1,0.16,67.0
SRRW-MARCELO-L=130-N=373483-phi=0.16-alpha=1.1-bmax=20-r=0.49-ru=10/config-601.txt.gz,1.1,0.16,64.0
SRRW-MARCELO-L=130-N=373483-phi=0.16-alpha=1.1-bmax=20-r=0.49-ru=10/config-602.txt.gz,1.1,0.16,62.0
SRRW-MARCELO-L=130-N=373483-phi=0.16-alpha=1.1-bmax=20-r=0.49-ru=10/config-603.txt.gz,1.1,0.16,80.0
SRRW-MARCELO-L=130-N=373483-phi=0.16-alpha=1.1-bmax=20-r=0.49-ru=10/config-604.txt.gz,1.1,0.16,52.0
SRRW-MARCELO-L=130-N=373483-phi=0.16-alpha=1.1-bmax=20-r=0.49-ru=10/config-605.txt.gz,1.1,0.16,65.0
SRRW-MARCELO-L=130-N=373483-phi=0.16-alpha=1.1-bmax=20-r=0.49-ru=10/config-606.txt.gz,1.1,0.16,62.0
SRRW-MARCELO-L=130-N=373483-phi=0.16-alpha=1.1-bmax=20-r=0.49-ru=10/config-607.txt.gz,1.1,0.16,74.0
SRRW-MARCELO-L=130-N=373483-phi=0.16-alpha=1.1-bmax=20-r=0.49-ru=10/config-608.txt.gz,1.1,0.16,58.0
SRRW-MARCELO-L=130-N=373483-phi=0.16-alpha=1.1-bmax=20-r=0.49-ru=10/config-609.txt.gz,1.1,0.16,67.0
SRRW-MARCELO-L=130-N=373483-phi=0.16-alpha=1.1-bmax=20-r=0.49-ru=10/config-61.txt.gz,1.1,0.16,78.0
SRRW-MARCELO-L=130-N=373483-phi=0.16-alpha=1.1-bmax=20-r=0.49-ru=10/config-610.txt.gz,1.1,0.16,66.0
SRRW-MARCELO-L=130-N=373483-phi=0.16-alpha=1.1-bmax=20-r=0.49-ru=10/config-611.txt.gz,1.1,0.16,54.0
SRRW-MARCELO-L=130-N=373483-phi=0.16-alpha=1.1-bmax=20-r=0.49-ru=10/config-612.txt.gz,1.1,0.16,62.0
SRRW-MARCELO-L=130-N=373483-phi=0.16-alpha=1.1-bmax=20-r=0.49-ru=10/config-613.txt.gz,1.1,0.16,56.0
SRRW-MARCELO-L=130-N=373483-phi=0.16-alpha=1.1-bmax=20-r=0.49-ru=10/config-614.txt.gz,1.1,0.16,72.0
SRRW-MARCELO-L=130-N=373483-phi=0.16-alpha=1.1-bmax=20-r=0.49-ru=10/config-615.txt.gz,1.1,0.16,75.0
SRRW-MARCELO-L=130-N=373483-phi=0.16-alpha=1.1-bmax=20-r=0.49-ru=10/config-616.txt.gz,1.1,0.16,64.0
SRRW-MARCELO-L=130-N=373483-phi=0.16-alpha=1.1-bmax=20-r=0.49-ru=10/config-617.txt.gz,1.1,0.16,94.0
SRRW-MARCELO-L=130-N=373483-phi=0.16-alpha=1.1-bmax=20-r=0.49-ru=10/config-618.txt.gz,1.1,0.16,69.0
SRRW-MARCELO-L=130-N=373483-phi=0.16-alpha=1.1-bmax=20-r=0.49-ru=10/config-619.txt.gz,1.1,0.16,74.0
SRRW-MARCELO-L=130-N=373483-phi=0.16-alpha=1.1-bmax=20-r=0.49-ru=10/config-62.txt.gz,1.1,0.16,70.0
SRRW-MARCELO-L=130-N=373483-phi=0.16-alpha=1.1-bmax=20-r=0.49-ru=10/config-620.txt.gz,1.1,0.16,75.0
SRRW-MARCELO-L=130-N=373483-phi=0.16-alpha=1.1-bmax=20-r=0.49-ru=10/config-621.txt.gz,1.1,0.16,69.0
SRRW-MARCELO-L=130-N=373483-phi=0.16-alpha=1.1-bmax=20-r=0.49-ru=10/config-622.txt.gz,1.1,0.16,48.0
SRRW-MARCELO-L=130-N=373483-phi=0.16-alpha=1.1-bmax=20-r=0.49-ru=10/config-623.txt.gz,1.1,0.16,55.0
SRRW-MARCELO-L=130-N=373483-phi=0.16-alpha=1.1-bmax=20-r=0.49-ru=10/config-624.txt.gz,1.1,0.16,82.0
SRRW-MARCELO-L=130-N=373483-phi=0.16-alpha=1.1-bmax=20-r=0.49-ru=10/config-625.txt.gz,1.1,0.16,60.0
SRRW-MARCELO-L=130-N=373483-phi=0.16-alpha=1.1-bmax=20-r=0.49-ru=10/config-626.txt.gz,1.1,0.16,64.0
SRRW-MARCELO-L=130-N=373483-phi=0.16-alpha=1.1-bmax=20-r=0.49-ru=10/config-627.txt.gz,1.1,0.16,53.0
SRRW-MARCELO-L=130-N=373483-phi=0.16-alpha=1.1-bmax=20-r=0.49-ru=10/config-628.txt.gz,1.1,0.16,85.0
SRRW-MARCELO-L=130-N=373483-phi=0.16-alpha=1.1-bmax=20-r=0.49-ru=10/config-629.txt.gz,1.1,0.16,68.0
SRRW-MARCELO-L=130-N=373483-phi=0.16-alpha=1.1-bmax=20-r=0.49-ru=10/config-63.txt.gz,1.1,0.16,74.0
SRRW-MARCELO-L=130-N=373483-phi=0.16-alpha=1.1-bmax=20-r=0.49-ru=10/config-630.txt.gz,1.1,0.16,73.0
SRRW-MARCELO-L=130-N=373483-phi=0.16-alpha=1.1-bmax=20-r=0.49-ru=10/config-631.txt.gz,1.1,0.16,70.0
SRRW-MARCELO-L=130-N=373483-phi=0.16-alpha=1.1-bmax=20-r=0.49-ru=10/config-632.txt.gz,1.1,0.16,73.0
SRRW-MARCELO-L=130-N=373483-phi=0.16-alpha=1.1-bmax=20-r=0.49-ru=10/config-633.txt.gz,1.1,0.16,54.0
SRRW-MARCELO-L=130-N=373483-phi=0.16-alpha=1.1-bmax=20-r=0.49-ru=10/config-634.txt.gz,1.1,0.16,55.0
SRRW-MARCELO-L=130-N=373483-phi=0.16-alpha=1.1-bmax=20-r=0.49-ru=10/config-635.txt.gz,1.1,0.16,76.0
SRRW-MARCELO-L=130-N=373483-phi=0.16-alpha=1.1-bmax=20-r=0.49-ru=10/config-636.txt.gz,1.1,0.16,70.0
SRRW-MARCELO-L=130-N=373483-phi=0.16-alpha=1.1-bmax=20-r=0.49-ru=10/config-637.txt.gz,1.1,0.16,66.0
SRRW-MARCELO-L=130-N=373483-phi=0.16-alpha=1.1-bmax=20-r=0.49-ru=10/config-638.txt.gz,1.1,0.16,68.0
SRRW-MARCELO-L=130-N=373483-phi=0.16-alpha=1.1-bmax=20-r=0.49-ru=10/config-639.txt.gz,1.1,0.16,62.0
SRRW-MARCELO-L=130-N=373483-phi=0.16-alpha=1.1-bmax=20-r=0.49-ru=10/config-64.txt.gz,1.1,0.16,79.0
SRRW-MARCELO-L=130-N=373483-phi=0.16-alpha=1.1-bmax=20-r=0.49-ru=10/config-640.txt.gz,1.1,0.16,79.0
SRRW-MARCELO-L=130-N=373483-phi=0.16-alpha=1.1-bmax=20-r=0.49-ru=10/config-641.txt.gz,1.1,0.16,81.0
SRRW-MARCELO-L=130-N=373483-phi=0.16-alpha=1.1-bmax=20-r=0.49-ru=10/config-642.txt.gz,1.1,0.16,78.0
SRRW-MARCELO-L=130-N=373483-phi=0.16-alpha=1.1-bmax=20-r=0.49-ru=10/config-643.txt.gz,1.1,0.16,66.0
SRRW-MARCELO-L=130-N=373483-phi=0.16-alpha=1.1-bmax=20-r=0.49-ru=10/config-644.txt.gz,1.1,0.16,67.0
SRRW-MARCELO-L=130-N=373483-phi=0.16-alpha=1.1-bmax=20-r=0.49-ru=10/config-645.txt.gz,1.1,0.16,79.0
SRRW-MARCELO-L=130-N=373483-phi=0.16-alpha=1.1-bmax=20-r=0.49-ru=10/config-646.txt.gz,1.1,0.16,64.0
SRRW-MARCELO-L=130-N=373483-phi=0.16-alpha=1.1-bmax=20-r=0.49-ru=10/config-647.txt.gz,1.1,0.16,80.0
SRRW-MARCELO-L=130-N=373483-phi=0.16-alpha=1.1-bmax=20-r=0.49-ru=10/config-648.txt.gz,1.1,0.16,69.0
SRRW-MARCELO-L=130-N=373483-phi=0.16-alpha=1.1-bmax=20-r=0.49-ru=10/config-649.txt.gz,1.1,0.16,64.0
SRRW-MARCELO-L=130-N=373483-phi=0.16-alpha=1.1-bmax=20-r=0.49-ru=10/config-65.txt.gz,1.1,0.16,80.0
SRRW-MARCELO-L=130-N=373483-phi=0.16-alpha=1.1-bmax=20-r=0.49-ru=10/config-650.txt.gz,1.1,0.16,84.0
SRRW-MARCELO-L=130-N=373483-phi=0.16-alpha=1.1-bmax=20-r=0.49-ru=10/config-651.txt.gz,1.1,0.16,71.0
SRRW-MARCELO-L=130-N=373483-phi=0.16-alpha=1.1-bmax=20-r=0.49-ru=10/config-652.txt.gz,1.1,0.16,62.0
SRRW-MARCELO-L=130-N=373483-phi=0.16-alpha=1.1-bmax=20-r=0.49-ru=10/config-653.txt.gz,1.1,0.16,71.0
SRRW-MARCELO-L=130-N=373483-phi=0.16-alpha=1.1-bmax=20-r=0.49-ru=10/config-654.txt.gz,1.1,0.16,60.0
SRRW-MARCELO-L=130-N=373483-phi=0.16-alpha=1.1-bmax=20-r=0.49-ru=10/config-655.txt.gz,1.1,0.16,62.0
SRRW-MARCELO-L=130-N=373483-phi=0.16-alpha=1.1-bmax=20-r=0.49-ru=10/config-656.txt.gz,1.1,0.16,79.0
SRRW-MARCELO-L=130-N=373483-phi=0.16-alpha=1.1-bmax=20-r=0.49-ru=10/config-657.txt.gz,1.1,0.16,64.0
SRRW-MARCELO-L=130-N=373483-phi=0.16-alpha=1.1-bmax=20-r=0.49-ru=10/config-658.txt.gz,1.1,0.16,68.0
SRRW-MARCELO-L=130-N=373483-phi=0.16-alpha=1.1-bmax=20-r=0.49-ru=10/config-659.txt.gz,1.1,0.16,78.0
SRRW-MARCELO-L=130-N=373483-phi=0.16-alpha=1.1-bmax=20-r=0.49-ru=10/config-66.txt.gz,1.1,0.16,76.0
SRRW-MARCELO-L=130-N=373483-phi=0.16-alpha=1.1-bmax=20-r=0.49-ru=10/config-660.txt.gz,1.1,0.16,69.0
SRRW-MARCELO-L=130-N=373483-phi=0.16-alpha=1.1-bmax=20-r=0.49-ru=10/config-661.txt.gz,1.1,0.16,72.0
SRRW-MARCELO-L=130-N=373483-phi=0.16-alpha=1.1-bmax=20-r=0.49-ru=10/config-662.txt.gz,1.1,0.16,61.0
SRRW-MARCELO-L=130-N=373483-phi=0.16-alpha=1.1-bmax=20-r=0.49-ru=10/config-663.txt.gz,1.1,0.16,81.0
SRRW-MARCELO-L=130-N=373483-phi=0.16-alpha=1.1-bmax=20-r=0.49-ru=10/config-664.txt.gz,1.1,0.16,68.0
SRRW-MARCELO-L=130-N=373483-phi=0.16-alpha=1.1-bmax=20-r=0.49-ru=10/config-665.txt.gz,1.1,0.16,75.0
SRRW-MARCELO-L=130-N=373483-phi=0.16-alpha=1.1-bmax=20-r=0.49-ru=10/config-666.txt.gz,1.1,0.16,70.0
SRRW-MARCELO-L=130-N=373483-phi=0.16-alpha=1.1-bmax=20-r=0.49-ru=10/config-667.txt.gz,1.1,0.16,81.0
SRRW-MARCELO-L=130-N=373483-phi=0.16-alpha=1.1-bmax=20-r=0.49-ru=10/config-668.txt.gz,1.1,0.16,75.0
SRRW-MARCELO-L=130-N=373483-phi=0.16-alpha=1.1-bmax=20-r=0.49-ru=10/config-669.txt.gz,1.1,0.16,57.0
SRRW-MARCELO-L=130-N=373483-phi=0.16-alpha=1.1-bmax=20-r=0.49-ru=10/config-67.txt.gz,1.1,0.16,66.0
SRRW-MARCELO-L=130-N=373483-phi=0.16-alpha=1.1-bmax=20-r=0.49-ru=10/config-670.txt.gz,1.1,0.16,55.0
SRRW-MARCELO-L=130-N=373483-phi=0.16-alpha=1.1-bmax=20-r=0.49-ru=10/config-671.txt.gz,1.1,0.16,69.0
SRRW-MARCELO-L=130-N=373483-phi=0.16-alpha=1.1-bmax=20-r=0.49-ru=10/config-672.txt.gz,1.1,0.16,62.0
SRRW-MARCELO-L=130-N=373483-phi=0.16-alpha=1.1-bmax=20-r=0.49-ru=10/config-673.txt.gz,1.1,0.16,82.0
SRRW-MARCELO-L=130-N=373483-phi=0.16-alpha=1.1-bmax=20-r=0.49-ru=10/config-674.txt.gz,1.1,0.16,68.0
SRRW-MARCELO-L=130-N=373483-phi=0.16-alpha=1.1-bmax=20-r=0.49-ru=10/config-675.txt.gz,1.1,0.16,74.0
SRRW-MARCELO-L=130-N=373483-phi=0.16-alpha=1.1-bmax=20-r=0.49-ru=10/config-676.txt.gz,1.1,0.16,62.0
SRRW-MARCELO-L=130-N=373483-phi=0.16-alpha=1.1-bmax=20-r=0.49-ru=10/config-677.txt.gz,1.1,0.16,57.0
SRRW-MARCELO-L=130-N=373483-phi=0.16-alpha=1.1-bmax=20-r=0.49-ru=10/config-678.txt.gz,1.1,0.16,59.0
SRRW-MARCELO-L=130-N=373483-phi=0.16-alpha=1.1-bmax=20-r=0.49-ru=10/config-679.txt.gz,1.1,0.16,68.0
SRRW-MARCELO-L=130-N=373483-phi=0.16-alpha=1.1-bmax=20-r=0.49-ru=10/config-68.txt.gz,1.1,0.16,69.0
SRRW-MARCELO-L=130-N=373483-phi=0.16-alpha=1.1-bmax=20-r=0.49-ru=10/config-680.txt.gz,1.1,0.16,72.0
SRRW-MARCELO-L=130-N=373483-phi=0.16-alpha=1.1-bmax=20-r=0.49-ru=10/config-681.txt.gz,1.1,0.16,70.0
SRRW-MARCELO-L=130-N=373483-phi=0.16-alpha=1.1-bmax=20-r=0.49-ru=10/config-682.txt.gz,1.1,0.16,61.0
SRRW-MARCELO-L=130-N=373483-phi=0.16-alpha=1.1-bmax=20-r=0.49-ru=10/config-683.txt.gz,1.1,0.16,79.0
SRRW-MARCELO-L=130-N=373483-phi=0.16-alpha=1.1-bmax=20-r=0.49-ru=10/config-684.txt.gz,1.1,0.16,52.0
SRRW-MARCELO-L=130-N=373483-phi=0.16-alpha=1.1-bmax=20-r=0.49-ru=10/config-685.txt.gz,1.1,0.16,75.0
SRRW-MARCELO-L=130-N=373483-phi=0.16-alpha=1.1-bmax=20-r=0.49-ru=10/config-686.txt.gz,1.1,0.16,78.0
SRRW-MARCELO-L=130-N=373483-phi=0.16-alpha=1.1-bmax=20-r=0.49-ru=10/config-687.txt.gz,1.1,0.16,76.0
SRRW-MARCELO-L=130-N=373483-phi=0.16-alpha=1.1-bmax=20-r=0.49-ru=10/config-688.txt.gz,1.1,0.16,74.0
SRRW-MARCELO-L=130-N=373483-phi=0.16-alpha=1.1-bmax=20-r=0.49-ru=10/config-689.txt.gz,1.1,0.16,64.0
SRRW-MARCELO-L=130-N=373483-phi=0.16-alpha=1.1-bmax=20-r=0.49-ru=10/config-69.txt.gz,1.1,0.16,70.0
SRRW-MARCELO-L=130-N=373483-phi=0.16-alpha=1.1-bmax=20-r=0.49-ru=10/config-690.txt.gz,1.1,0.16,66.0
SRRW-MARCELO-L=130-N=373483-phi=0.16-alpha=1.1-bmax=20-r=0.49-ru=10/config-691.txt.gz,1.1,0.16,70.0
SRRW-MARCELO-L=130-N=373483-phi=0.16-alpha=1.1-bmax=20-r=0.49-ru=10/config-692.txt.gz,1.1,0.16,82.0
SRRW-MARCELO-L=130-N=373483-phi=0.16-alpha=1.1-bmax=20-r=0.49-ru=10/config-693.txt.gz,1.1,0.16,61.0
SRRW-MARCELO-L=130-N=373483-phi=0.16-alpha=1.1-bmax=20-r=0.49-ru=10/config-694.txt.gz,1.1,0.16,80.0
SRRW-MARCELO-L=130-N=373483-phi=0.16-alpha=1.1-bmax=20-r=0.49-ru=10/config-695.txt.gz,1.1,0.16,72.0
SRRW-MARCELO-L=130-N=373483-phi=0.16-alpha=1.1-bmax=20-r=0.49-ru=10/config-696.txt.gz,1.1,0.16,61.0
SRRW-MARCELO-L=130-N=373483-phi=0.16-alpha=1.1-bmax=20-r=0.49-ru=10/config-697.txt.gz,1.1,0.16,76.0
SRRW-MARCELO-L=130-N=373483-phi=0.16-alpha=1.1-bmax=20-r=0.49-ru=10/config-698.txt.gz,1.1,0.16,72.0
SRRW-MARCELO-L=130-N=373483-phi=0.16-alpha=1.1-bmax=20-r=0.49-ru=10/config-699.txt.gz,1.1,0.16,88.0
SRRW-MARCELO-L=130-N=373483-phi=0.16-alpha=1.1-bmax=20-r=0.49-ru=10/config-7.txt.gz,1.1,0.16,70.0
SRRW-MARCELO-L=130-N=373483-phi=0.16-alpha=1.1-bmax=20-r=0.49-ru=10/config-70.txt.gz,1.1,0.16,67.0
SRRW-MARCELO-L=130-N=373483-phi=0.16-alpha=1.1-bmax=20-r=0.49-ru=10/config-700.txt.gz,1.1,0.16,72.0
SRRW-MARCELO-L=130-N=373483-phi=0.16-alpha=1.1-bmax=20-r=0.49-ru=10/config-701.txt.gz,1.1,0.16,60.0
SRRW-MARCELO-L=130-N=373483-phi=0.16-alpha=1.1-bmax=20-r=0.49-ru=10/config-702.txt.gz,1.1,0.16,74.0
SRRW-MARCELO-L=130-N=373483-phi=0.16-alpha=1.1-bmax=20-r=0.49-ru=10/config-703.txt.gz,1.1,0.16,75.0
SRRW-MARCELO-L=130-N=373483-phi=0.16-alpha=1.1-bmax=20-r=0.49-ru=10/config-704.txt.gz,1.1,0.16,76.0
SRRW-MARCELO-L=130-N=373483-phi=0.16-alpha=1.1-bmax=20-r=0.49-ru=10/config-705.txt.gz,1.1,0.16,88.0
SRRW-MARCELO-L=130-N=373483-phi=0.16-alpha=1.1-bmax=20-r=0.49-ru=10/config-706.txt.gz,1.1,0.16,78.0
SRRW-MARCELO-L=130-N=373483-phi=0.16-alpha=1.1-bmax=20-r=0.49-ru=10/config-707.txt.gz,1.1,0.16,59.0
SRRW-MARCELO-L=130-N=373483-phi=0.16-alpha=1.1-bmax=20-r=0.49-ru=10/config-708.txt.gz,1.1,0.16,66.0
SRRW-MARCELO-L=130-N=373483-phi=0.16-alpha=1.1-bmax=20-r=0.49-ru=10/config-709.txt.gz,1.1,0.16,76.0
SRRW-MARCELO-L=130-N=373483-phi=0.16-alpha=1.1-bmax=20-r=0.49-ru=10/config-71.txt.gz,1.1,0.16,53.0
SRRW-MARCELO-L=130-N=373483-phi=0.16-alpha=1.1-bmax=20-r=0.49-ru=10/config-710.txt.gz,1.1,0.16,68.0
SRRW-MARCELO-L=130-N=373483-phi=0.16-alpha=1.1-bmax=20-r=0.49-ru=10/config-711.txt.gz,1.1,0.16,73.0
SRRW-MARCELO-L=130-N=373483-phi=0.16-alpha=1.1-bmax=20-r=0.49-ru=10/config-712.txt.gz,1.1,0.16,79.0
SRRW-MARCELO-L=130-N=373483-phi=0.16-alpha=1.1-bmax=20-r=0.49-ru=10/config-713.txt.gz,1.1,0.16,78.0
SRRW-MARCELO-L=130-N=373483-phi=0.16-alpha=1.1-bmax=20-r=0.49-ru=10/config-714.txt.gz,1.1,0.16,72.0
SRRW-MARCELO-L=130-N=373483-phi=0.16-alpha=1.1-bmax=20-r=0.49-ru=10/config-715.txt.gz,1.1,0.16,70.0
SRRW-MARCELO-L=130-N=373483-phi=0.16-alpha=1.1-bmax=20-r=0.49-ru=10/config-716.txt.gz,1.1,0.16,68.0
SRRW-MARCELO-L=130-N=373483-phi=0.16-alpha=1.1-bmax=20-r=0.49-ru=10/config-717.txt.gz,1.1,0.16,74.0
SRRW-MARCELO-L=130-N=373483-phi=0.16-alpha=1.1-bmax=20-r=0.49-ru=10/config-718.txt.gz,1.1,0.16,85.0
SRRW-MARCELO-L=130-N=373483-phi=0.16-alpha=1.1-bmax=20-r=0.49-ru=10/config-719.txt.gz,1.1,0.16,64.0
SRRW-MARCELO-L=130-N=373483-phi=0.16-alpha=1.1-bmax=20-r=0.49-ru=10/config-72.txt.gz,1.1,0.16,90.0
SRRW-MARCELO-L=130-N=373483-phi=0.16-alpha=1.1-bmax=20-r=0.49-ru=10/config-720.txt.gz,1.1,0.16,70.0
SRRW-MARCELO-L=130-N=373483-phi=0.16-alpha=1.1-bmax=20-r=0.49-ru=10/config-721.txt.gz,1.1,0.16,84.0
SRRW-MARCELO-L=130-N=373483-phi=0.16-alpha=1.1-bmax=20-r=0.49-ru=10/config-722.txt.gz,1.1,0.16,70.0
SRRW-MARCELO-L=130-N=373483-phi=0.16-alpha=1.1-bmax=20-r=0.49-ru=10/config-723.txt.gz,1.1,0.16,66.0
SRRW-MARCELO-L=130-N=373483-phi=0.16-alpha=1.1-bmax=20-r=0.49-ru=10/config-724.txt.gz,1.1,0.16,64.0
SRRW-MARCELO-L=130-N=373483-phi=0.16-alpha=1.1-bmax=20-r=0.49-ru=10/config-725.txt.gz,1.1,0.16,81.0
SRRW-MARCELO-L=130-N=373483-phi=0.16-alpha=1.1-bmax=20-r=0.49-ru=10/config-726.txt.gz,1.1,0.16,62.0
SRRW-MARCELO-L=130-N=373483-phi=0.16-alpha=1.1-bmax=20-r=0.49-ru=10/config-727.txt.gz,1.1,0.16,52.0
SRRW-MARCELO-L=130-N=373483-phi=0.16-alpha=1.1-bmax=20-r=0.49-ru=10/config-728.txt.gz,1.1,0.16,88.0
SRRW-MARCELO-L=130-N=373483-phi=0.16-alpha=1.1-bmax=20-r=0.49-ru=10/config-729.txt.gz,1.1,0.16,72.0
SRRW-MARCELO-L=130-N=373483-phi=0.16-alpha=1.1-bmax=20-r=0.49-ru=10/config-73.txt.gz,1.1,0.16,77.0
SRRW-MARCELO-L=130-N=373483-phi=0.16-alpha=1.1-bmax=20-r=0.49-ru=10/config-730.txt.gz,1.1,0.16,60.0
SRRW-MARCELO-L=130-N=373483-phi=0.16-alpha=1.1-bmax=20-r=0.49-ru=10/config-731.txt.gz,1.1,0.16,67.0
SRRW-MARCELO-L=130-N=373483-phi=0.16-alpha=1.1-bmax=20-r=0.49-ru=10/config-732.txt.gz,1.1,0.16,75.0
SRRW-MARCELO-L=130-N=373483-phi=0.16-alpha=1.1-bmax=20-r=0.49-ru=10/config-733.txt.gz,1.1,0.16,75.0
SRRW-MARCELO-L=130-N=373483-phi=0.16-alpha=1.1-bmax=20-r=0.49-ru=10/config-734.txt.gz,1.1,0.16,58.0
SRRW-MARCELO-L=130-N=373483-phi=0.16-alpha=1.1-bmax=20-r=0.49-ru=10/config-735.txt.gz,1.1,0.16,62.0
SRRW-MARCELO-L=130-N=373483-phi=0.16-alpha=1.1-bmax=20-r=0.49-ru=10/config-736.txt.gz,1.1,0.16,66.0
SRRW-MARCELO-L=130-N=373483-phi=0.16-alpha=1.1-bmax=20-r=0.49-ru=10/config-737.txt.gz,1.1,0.16,79.0
SRRW-MARCELO-L=130-N=373483-phi=0.16-alpha=1.1-bmax=20-r=0.49-ru=10/config-738.txt.gz,1.1,0.16,60.0
SRRW-MARCELO-L=130-N=373483-phi=0.16-alpha=1.1-bmax=20-r=0.49-ru=10/config-739.txt.gz,1.1,0.16,75.0
SRRW-MARCELO-L=130-N=373483-phi=0.16-alpha=1.1-bmax=20-r=0.49-ru=10/config-74.txt.gz,1.1,0.16,73.0
SRRW-MARCELO-L=130-N=373483-phi=0.16-alpha=1.1-bmax=20-r=0.49-ru=10/config-740.txt.gz,1.1,0.16,55.0
SRRW-MARCELO-L=130-N=373483-phi=0.16-alpha=1.1-bmax=20-r=0.49-ru=10/config-741.txt.gz,1.1,0.16,66.0
SRRW-MARCELO-L=130-N=373483-phi=0.16-alpha=1.1-bmax=20-r=0.49-ru=10/config-742.txt.gz,1.1,0.16,74.0
SRRW-MARCELO-L=130-N=373483-phi=0.16-alpha=1.1-bmax=20-r=0.49-ru=10/config-743.txt.gz,1.1,0.16,79.0
SRRW-MARCELO-L=130-N=373483-phi=0.16-alpha=1.1-bmax=20-r=0.49-ru=10/config-744.txt.gz,1.1,0.16,79.0
SRRW-MARCELO-L=130-N=373483-phi=0.16-alpha=1.1-bmax=20-r=0.49-ru=10/config-745.txt.gz,1.1,0.16,69.0
SRRW-MARCELO-L=130-N=373483-phi=0.16-alpha=1.1-bmax=20-r=0.49-ru=10/config-746.txt.gz,1.1,0.16,69.0
SRRW-MARCELO-L=130-N=373483-phi=0.16-alpha=1.1-bmax=20-r=0.49-ru=10/config-747.txt.gz,1.1,0.16,67.0
SRRW-MARCELO-L=130-N=373483-phi=0.16-alpha=1.1-bmax=20-r=0.49-ru=10/config-748.txt.gz,1.1,0.16,70.0
SRRW-MARCELO-L=130-N=373483-phi=0.16-alpha=1.1-bmax=20-r=0.49-ru=10/config-749.txt.gz,1.1,0.16,83.0
SRRW-MARCELO-L=130-N=373483-phi=0.16-alpha=1.1-bmax=20-r=0.49-ru=10/config-75.txt.gz,1.1,0.16,66.0
SRRW-MARCELO-L=130-N=373483-phi=0.16-alpha=1.1-bmax=20-r=0.49-ru=10/config-750.txt.gz,1.1,0.16,56.0
SRRW-MARCELO-L=130-N=373483-phi=0.16-alpha=1.1-bmax=20-r=0.49-ru=10/config-751.txt.gz,1.1,0.16,75.0
SRRW-MARCELO-L=130-N=373483-phi=0.16-alpha=1.1-bmax=20-r=0.49-ru=10/config-752.txt.gz,1.1,0.16,69.0
SRRW-MARCELO-L=130-N=373483-phi=0.16-alpha=1.1-bmax=20-r=0.49-ru=10/config-753.txt.gz,1.1,0.16,74.0
SRRW-MARCELO-L=130-N=373483-phi=0.16-alpha=1.1-bmax=20-r=0.49-ru=10/config-754.txt.gz,1.1,0.16,75.0
SRRW-MARCELO-L=130-N=373483-phi=0.16-alpha=1.1-bmax=20-r=0.49-ru=10/config-755.txt.gz,1.1,0.16,81.0
SRRW-MARCELO-L=130-N=373483-phi=0.16-alpha=1.1-bmax=20-r=0.49-ru=10/config-756.txt.gz,1.1,0.16,80.0
SRRW-MARCELO-L=130-N=373483-phi=0.16-alpha=1.1-bmax=20-r=0.49-ru=10/config-757.txt.gz,1.1,0.16,85.0
SRRW-MARCELO-L=130-N=373483-phi=0.16-alpha=1.1-bmax=20-r=0.49-ru=10/config-758.txt.gz,1.1,0.16,80.0
SRRW-MARCELO-L=130-N=373483-phi=0.16-alpha=1.1-bmax=20-r=0.49-ru=10/config-759.txt.gz,1.1,0.16,87.0
SRRW-MARCELO-L=130-N=373483-phi=0.16-alpha=1.1-bmax=20-r=0.49-ru=10/config-76.txt.gz,1.1,0.16,70.0
SRRW-MARCELO-L=130-N=373483-phi=0.16-alpha=1.1-bmax=20-r=0.49-ru=10/config-760.txt.gz,1.1,0.16,67.0
SRRW-MARCELO-L=130-N=373483-phi=0.16-alpha=1.1-bmax=20-r=0.49-ru=10/config-761.txt.gz,1.1,0.16,65.0
SRRW-MARCELO-L=130-N=373483-phi=0.16-alpha=1.1-bmax=20-r=0.49-ru=10/config-762.txt.gz,1.1,0.16,67.0
SRRW-MARCELO-L=130-N=373483-phi=0.16-alpha=1.1-bmax=20-r=0.49-ru=10/config-763.txt.gz,1.1,0.16,59.0
SRRW-MARCELO-L=130-N=373483-phi=0.16-alpha=1.1-bmax=20-r=0.49-ru=10/config-764.txt.gz,1.1,0.16,65.0
SRRW-MARCELO-L=130-N=373483-phi=0.16-alpha=1.1-bmax=20-r=0.49-ru=10/config-765.txt.gz,1.1,0.16,64.0
SRRW-MARCELO-L=130-N=373483-phi=0.16-alpha=1.1-bmax=20-r=0.49-ru=10/config-766.txt.gz,1.1,0.16,64.0
SRRW-MARCELO-L=130-N=373483-phi=0.16-alpha=1.1-bmax=20-r=0.49-ru=10/config-767.txt.gz,1.1,0.16,63.0
SRRW-MARCELO-L=130-N=373483-phi=0.16-alpha=1.1-bmax=20-r=0.49-ru=10/config-768.txt.gz,1.1,0.16,85.0
SRRW-MARCELO-L=130-N=373483-phi=0.16-alpha=1.1-bmax=20-r=0.49-ru=10/config-769.txt.gz,1.1,0.16,72.0
SRRW-MARCELO-L=130-N=373483-phi=0.16-alpha=1.1-bmax=20-r=0.49-ru=10/config-77.txt.gz,1.1,0.16,49.0
SRRW-MARCELO-L=130-N=373483-phi=0.16-alpha=1.1-bmax=20-r=0.49-ru=10/config-770.txt.gz,1.1,0.16,70.0
SRRW-MARCELO-L=130-N=373483-phi=0.16-alpha=1.1-bmax=20-r=0.49-ru=10/config-771.txt.gz,1.1,0.16,65.0
SRRW-MARCELO-L=130-N=373483-phi=0.16-alpha=1.1-bmax=20-r=0.49-ru=10/config-772.txt.gz,1.1,0.16,59.0
SRRW-MARCELO-L=130-N=373483-phi=0.16-alpha=1.1-bmax=20-r=0.49-ru=10/config-773.txt.gz,1.1,0.16,66.0
SRRW-MARCELO-L=130-N=373483-phi=0.16-alpha=1.1-bmax=20-r=0.49-ru=10/config-774.txt.gz,1.1,0.16,97.0
SRRW-MARCELO-L=130-N=373483-phi=0.16-alpha=1.1-bmax=20-r=0.49-ru=10/config-775.txt.gz,1.1,0.16,85.0
SRRW-MARCELO-L=130-N=373483-phi=0.16-alpha=1.1-bmax=20-r=0.49-ru=10/config-776.txt.gz,1.1,0.16,65.0
SRRW-MARCELO-L=130-N=373483-phi=0.16-alpha=1.1-bmax=20-r=0.49-ru=10/config-777.txt.gz,1.1,0.16,60.0
SRRW-MARCELO-L=130-N=373483-phi=0.16-alpha=1.1-bmax=20-r=0.49-ru=10/config-778.txt.gz,1.1,0.16,73.0
SRRW-MARCELO-L=130-N=373483-phi=0.16-alpha=1.1-bmax=20-r=0.49-ru=10/config-779.txt.gz,1.1,0.16,70.0
SRRW-MARCELO-L=130-N=373483-phi=0.16-alpha=1.1-bmax=20-r=0.49-ru=10/config-78.txt.gz,1.1,0.16,55.0
SRRW-MARCELO-L=130-N=373483-phi=0.16-alpha=1.1-bmax=20-r=0.49-ru=10/config-780.txt.gz,1.1,0.16,78.0
SRRW-MARCELO-L=130-N=373483-phi=0.16-alpha=1.1-bmax=20-r=0.49-ru=10/config-781.txt.gz,1.1,0.16,76.0
SRRW-MARCELO-L=130-N=373483-phi=0.16-alpha=1.1-bmax=20-r=0.49-ru=10/config-782.txt.gz,1.1,0.16,76.0
SRRW-MARCELO-L=130-N=373483-phi=0.16-alpha=1.1-bmax=20-r=0.49-ru=10/config-783.txt.gz,1.1,0.16,76.0
SRRW-MARCELO-L=130-N=373483-phi=0.16-alpha=1.1-bmax=20-r=0.49-ru=10/config-784.txt.gz,1.1,0.16,67.0
SRRW-MARCELO-L=130-N=373483-phi=0.16-alpha=1.1-bmax=20-r=0.49-ru=10/config-785.txt.gz,1.1,0.16,65.0
SRRW-MARCELO-L=130-N=373483-phi=0.16-alpha=1.1-bmax=20-r=0.49-ru=10/config-786.txt.gz,1.1,0.16,70.0
SRRW-MARCELO-L=130-N=373483-phi=0.16-alpha=1.1-bmax=20-r=0.49-ru=10/config-787.txt.gz,1.1,0.16,66.0
SRRW-MARCELO-L=130-N=373483-phi=0.16-alpha=1.1-bmax=20-r=0.49-ru=10/config-788.txt.gz,1.1,0.16,68.0
SRRW-MARCELO-L=130-N=373483-phi=0.16-alpha=1.1-bmax=20-r=0.49-ru=10/config-789.txt.gz,1.1,0.16,70.0
SRRW-MARCELO-L=130-N=373483-phi=0.16-alpha=1.1-bmax=20-r=0.49-ru=10/config-79.txt.gz,1.1,0.16,83.0
SRRW-MARCELO-L=130-N=373483-phi=0.16-alpha=1.1-bmax=20-r=0.49-ru=10/config-790.txt.gz,1.1,0.16,55.0
SRRW-MARCELO-L=130-N=373483-phi=0.16-alpha=1.1-bmax=20-r=0.49-ru=10/config-791.txt.gz,1.1,0.16,76.0
SRRW-MARCELO-L=130-N=373483-phi=0.16-alpha=1.1-bmax=20-r=0.49-ru=10/config-792.txt.gz,1.1,0.16,85.0
SRRW-MARCELO-L=130-N=373483-phi=0.16-alpha=1.1-bmax=20-r=0.49-ru=10/config-793.txt.gz,1.1,0.16,65.0
SRRW-MARCELO-L=130-N=373483-phi=0.16-alpha=1.1-bmax=20-r=0.49-ru=10/config-794.txt.gz,1.1,0.16,70.0
SRRW-MARCELO-L=130-N=373483-phi=0.16-alpha=1.1-bmax=20-r=0.49-ru=10/config-795.txt.gz,1.1,0.16,80.0
SRRW-MARCELO-L=130-N=373483-phi=0.16-alpha=1.1-bmax=20-r=0.49-ru=10/config-796.txt.gz,1.1,0.16,87.0
SRRW-MARCELO-L=130-N=373483-phi=0.16-alpha=1.1-bmax=20-r=0.49-ru=10/config-797.txt.gz,1.1,0.16,68.0
SRRW-MARCELO-L=130-N=373483-phi=0.16-alpha=1.1-bmax=20-r=0.49-ru=10/config-798.txt.gz,1.1,0.16,78.0
SRRW-MARCELO-L=130-N=373483-phi=0.16-alpha=1.1-bmax=20-r=0.49-ru=10/config-799.txt.gz,1.1,0.16,68.0
SRRW-MARCELO-L=130-N=373483-phi=0.16-alpha=1.1-bmax=20-r=0.49-ru=10/config-8.txt.gz,1.1,0.16,68.0
SRRW-MARCELO-L=130-N=373483-phi=0.16-alpha=1.1-bmax=20-r=0.49-ru=10/config-80.txt.gz,1.1,0.16,79.0
SRRW-MARCELO-L=130-N=373483-phi=0.16-alpha=1.1-bmax=20-r=0.49-ru=10/config-800.txt.gz,1.1,0.16,66.0
SRRW-MARCELO-L=130-N=373483-phi=0.16-alpha=1.1-bmax=20-r=0.49-ru=10/config-801.txt.gz,1.1,0.16,84.0
SRRW-MARCELO-L=130-N=373483-phi=0.16-alpha=1.1-bmax=20-r=0.49-ru=10/config-802.txt.gz,1.1,0.16,76.0
SRRW-MARCELO-L=130-N=373483-phi=0.16-alpha=1.1-bmax=20-r=0.49-ru=10/config-803.txt.gz,1.1,0.16,87.0
SRRW-MARCELO-L=130-N=373483-phi=0.16-alpha=1.1-bmax=20-r=0.49-ru=10/config-804.txt.gz,1.1,0.16,64.0
SRRW-MARCELO-L=130-N=373483-phi=0.16-alpha=1.1-bmax=20-r=0.49-ru=10/config-805.txt.gz,1.1,0.16,68.0
SRRW-MARCELO-L=130-N=373483-phi=0.16-alpha=1.1-bmax=20-r=0.49-ru=10/config-806.txt.gz,1.1,0.16,58.0
SRRW-MARCELO-L=130-N=373483-phi=0.16-alpha=1.1-bmax=20-r=0.49-ru=10/config-807.txt.gz,1.1,0.16,78.0
SRRW-MARCELO-L=130-N=373483-phi=0.16-alpha=1.1-bmax=20-r=0.49-ru=10/config-808.txt.gz,1.1,0.16,66.0
SRRW-MARCELO-L=130-N=373483-phi=0.16-alpha=1.1-bmax=20-r=0.49-ru=10/config-809.txt.gz,1.1,0.16,70.0
SRRW-MARCELO-L=130-N=373483-phi=0.16-alpha=1.1-bmax=20-r=0.49-ru=10/config-81.txt.gz,1.1,0.16,81.0
SRRW-MARCELO-L=130-N=373483-phi=0.16-alpha=1.1-bmax=20-r=0.49-ru=10/config-810.txt.gz,1.1,0.16,76.0
SRRW-MARCELO-L=130-N=373483-phi=0.16-alpha=1.1-bmax=20-r=0.49-ru=10/config-811.txt.gz,1.1,0.16,81.0
SRRW-MARCELO-L=130-N=373483-phi=0.16-alpha=1.1-bmax=20-r=0.49-ru=10/config-812.txt.gz,1.1,0.16,88.0
SRRW-MARCELO-L=130-N=373483-phi=0.16-alpha=1.1-bmax=20-r=0.49-ru=10/config-813.txt.gz,1.1,0.16,84.0
SRRW-MARCELO-L=130-N=373483-phi=0.16-alpha=1.1-bmax=20-r=0.49-ru=10/config-814.txt.gz,1.1,0.16,63.0
SRRW-MARCELO-L=130-N=373483-phi=0.16-alpha=1.1-bmax=20-r=0.49-ru=10/config-815.txt.gz,1.1,0.16,75.0
SRRW-MARCELO-L=130-N=373483-phi=0.16-alpha=1.1-bmax=20-r=0.49-ru=10/config-816.txt.gz,1.1,0.16,64.0
SRRW-MARCELO-L=130-N=373483-phi=0.16-alpha=1.1-bmax=20-r=0.49-ru=10/config-817.txt.gz,1.1,0.16,67.0
SRRW-MARCELO-L=130-N=373483-phi=0.16-alpha=1.1-bmax=20-r=0.49-ru=10/config-818.txt.gz,1.1,0.16,77.0
SRRW-MARCELO-L=130-N=373483-phi=0.16-alpha=1.1-bmax=20-r=0.49-ru=10/config-819.txt.gz,1.1,0.16,83.0
SRRW-MARCELO-L=130-N=373483-phi=0.16-alpha=1.1-bmax=20-r=0.49-ru=10/config-82.txt.gz,1.1,0.16,71.0
SRRW-MARCELO-L=130-N=373483-phi=0.16-alpha=1.1-bmax=20-r=0.49-ru=10/config-820.txt.gz,1.1,0.16,69.0
SRRW-MARCELO-L=130-N=373483-phi=0.16-alpha=1.1-bmax=20-r=0.49-ru=10/config-821.txt.gz,1.1,0.16,76.0
SRRW-MARCELO-L=130-N=373483-phi=0.16-alpha=1.1-bmax=20-r=0.49-ru=10/config-822.txt.gz,1.1,0.16,79.0
SRRW-MARCELO-L=130-N=373483-phi=0.16-alpha=1.1-bmax=20-r=0.49-ru=10/config-823.txt.gz,1.1,0.16,50.0
SRRW-MARCELO-L=130-N=373483-phi=0.16-alpha=1.1-bmax=20-r=0.49-ru=10/config-824.txt.gz,1.1,0.16,66.0
SRRW-MARCELO-L=130-N=373483-phi=0.16-alpha=1.1-bmax=20-r=0.49-ru=10/config-825.txt.gz,1.1,0.16,63.0
SRRW-MARCELO-L=130-N=373483-phi=0.16-alpha=1.1-bmax=20-r=0.49-ru=10/config-826.txt.gz,1.1,0.16,73.0
SRRW-MARCELO-L=130-N=373483-phi=0.16-alpha=1.1-bmax=20-r=0.49-ru=10/config-827.txt.gz,1.1,0.16,62.0
SRRW-MARCELO-L=130-N=373483-phi=0.16-alpha=1.1-bmax=20-r=0.49-ru=10/config-828.txt.gz,1.1,0.16,72.0
SRRW-MARCELO-L=130-N=373483-phi=0.16-alpha=1.1-bmax=20-r=0.49-ru=10/config-829.txt.gz,1.1,0.16,70.0
SRRW-MARCELO-L=130-N=373483-phi=0.16-alpha=1.1-bmax=20-r=0.49-ru=10/config-83.txt.gz,1.1,0.16,84.0
SRRW-MARCELO-L=130-N=373483-phi=0.16-alpha=1.1-bmax=20-r=0.49-ru=10/config-830.txt.gz,1.1,0.16,63.0
SRRW-MARCELO-L=130-N=373483-phi=0.16-alpha=1.1-bmax=20-r=0.49-ru=10/config-831.txt.gz,1.1,0.16,69.0
SRRW-MARCELO-L=130-N=373483-phi=0.16-alpha=1.1-bmax=20-r=0.49-ru=10/config-832.txt.gz,1.1,0.16,81.0
SRRW-MARCELO-L=130-N=373483-phi=0.16-alpha=1.1-bmax=20-r=0.49-ru=10/config-833.txt.gz,1.1,0.16,65.0
SRRW-MARCELO-L=130-N=373483-phi=0.16-alpha=1.1-bmax=20-r=0.49-ru=10/config-834.txt.gz,1.1,0.16,61.0
SRRW-MARCELO-L=130-N=373483-phi=0.16-alpha=1.1-bmax=20-r=0.49-ru=10/config-835.txt.gz,1.1,0.16,70.0
SRRW-MARCELO-L=130-N=373483-phi=0.16-alpha=1.1-bmax=20-r=0.49-ru=10/config-836.txt.gz,1.1,0.16,68.0
SRRW-MARCELO-L=130-N=373483-phi=0.16-alpha=1.1-bmax=20-r=0.49-ru=10/config-837.txt.gz,1.1,0.16,67.0
SRRW-MARCELO-L=130-N=373483-phi=0.16-alpha=1.1-bmax=20-r=0.49-ru=10/config-838.txt.gz,1.1,0.16,78.0
SRRW-MARCELO-L=130-N=373483-phi=0.16-alpha=1.1-bmax=20-r=0.49-ru=10/config-839.txt.gz,1.1,0.16,75.0
SRRW-MARCELO-L=130-N=373483-phi=0.16-alpha=1.1-bmax=20-r=0.49-ru=10/config-84.txt.gz,1.1,0.16,69.0
SRRW-MARCELO-L=130-N=373483-phi=0.16-alpha=1.1-bmax=20-r=0.49-ru=10/config-840.txt.gz,1.1,0.16,50.0
SRRW-MARCELO-L=130-N=373483-phi=0.16-alpha=1.1-bmax=20-r=0.49-ru=10/config-841.txt.gz,1.1,0.16,80.0
SRRW-MARCELO-L=130-N=373483-phi=0.16-alpha=1.1-bmax=20-r=0.49-ru=10/config-842.txt.gz,1.1,0.16,73.0
SRRW-MARCELO-L=130-N=373483-phi=0.16-alpha=1.1-bmax=20-r=0.49-ru=10/config-843.txt.gz,1.1,0.16,81.0
SRRW-MARCELO-L=130-N=373483-phi=0.16-alpha=1.1-bmax=20-r=0.49-ru=10/config-844.txt.gz,1.1,0.16,74.0
SRRW-MARCELO-L=130-N=373483-phi=0.16-alpha=1.1-bmax=20-r=0.49-ru=10/config-845.txt.gz,1.1,0.16,58.0
SRRW-MARCELO-L=130-N=373483-phi=0.16-alpha=1.1-bmax=20-r=0.49-ru=10/config-846.txt.gz,1.1,0.16,78.0
SRRW-MARCELO-L=130-N=373483-phi=0.16-alpha=1.1-bmax=20-r=0.49-ru=10/config-847.txt.gz,1.1,0.16,75.0
SRRW-MARCELO-L=130-N=373483-phi=0.16-alpha=1.1-bmax=20-r=0.49-ru=10/config-848.txt.gz,1.1,0.16,63.0
SRRW-MARCELO-L=130-N=373483-phi=0.16-alpha=1.1-bmax=20-r=0.49-ru=10/config-849.txt.gz,1.1,0.16,78.0
SRRW-MARCELO-L=130-N=373483-phi=0.16-alpha=1.1-bmax=20-r=0.49-ru=10/config-85.txt.gz,1.1,0.16,73.0
SRRW-MARCELO-L=130-N=373483-phi=0.16-alpha=1.1-bmax=20-r=0.49-ru=10/config-850.txt.gz,1.1,0.16,67.0
SRRW-MARCELO-L=130-N=373483-phi=0.16-alpha=1.1-bmax=20-r=0.49-ru=10/config-851.txt.gz,1.1,0.16,83.0
SRRW-MARCELO-L=130-N=373483-phi=0.16-alpha=1.1-bmax=20-r=0.49-ru=10/config-852.txt.gz,1.1,0.16,78.0
SRRW-MARCELO-L=130-N=373483-phi=0.16-alpha=1.1-bmax=20-r=0.49-ru=10/config-853.txt.gz,1.1,0.16,81.0
SRRW-MARCELO-L=130-N=373483-phi=0.16-alpha=1.1-bmax=20-r=0.49-ru=10/config-854.txt.gz,1.1,0.16,87.0
SRRW-MARCELO-L=130-N=373483-phi=0.16-alpha=1.1-bmax=20-r=0.49-ru=10/config-855.txt.gz,1.1,0.16,63.0
SRRW-MARCELO-L=130-N=373483-phi=0.16-alpha=1.1-bmax=20-r=0.49-ru=10/config-856.txt.gz,1.1,0.16,72.0
SRRW-MARCELO-L=130-N=373483-phi=0.16-alpha=1.1-bmax=20-r=0.49-ru=10/config-857.txt.gz,1.1,0.16,65.0
SRRW-MARCELO-L=130-N=373483-phi=0.16-alpha=1.1-bmax=20-r=0.49-ru=10/config-858.txt.gz,1.1,0.16,81.0
SRRW-MARCELO-L=130-N=373483-phi=0.16-alpha=1.1-bmax=20-r=0.49-ru=10/config-859.txt.gz,1.1,0.16,65.0
SRRW-MARCELO-L=130-N=373483-phi=0.16-alpha=1.1-bmax=20-r=0.49-ru=10/config-86.txt.gz,1.1,0.16,75.0
SRRW-MARCELO-L=130-N=373483-phi=0.16-alpha=1.1-bmax=20-r=0.49-ru=10/config-860.txt.gz,1.1,0.16,68.0
SRRW-MARCELO-L=130-N=373483-phi=0.16-alpha=1.1-bmax=20-r=0.49-ru=10/config-861.txt.gz,1.1,0.16,80.0
SRRW-MARCELO-L=130-N=373483-phi=0.16-alpha=1.1-bmax=20-r=0.49-ru=10/config-862.txt.gz,1.1,0.16,68.0
SRRW-MARCELO-L=130-N=373483-phi=0.16-alpha=1.1-bmax=20-r=0.49-ru=10/config-863.txt.gz,1.1,0.16,58.0
SRRW-MARCELO-L=130-N=373483-phi=0.16-alpha=1.1-bmax=20-r=0.49-ru=10/config-864.txt.gz,1.1,0.16,62.0
SRRW-MARCELO-L=130-N=373483-phi=0.16-alpha=1.1-bmax=20-r=0.49-ru=10/config-865.txt.gz,1.1,0.16,71.0
SRRW-MARCELO-L=130-N=373483-phi=0.16-alpha=1.1-bmax=20-r=0.49-ru=10/config-866.txt.gz,1.1,0.16,58.0
SRRW-MARCELO-L=130-N=373483-phi=0.16-alpha=1.1-bmax=20-r=0.49-ru=10/config-867.txt.gz,1.1,0.16,78.0
SRRW-MARCELO-L=130-N=373483-phi=0.16-alpha=1.1-bmax=20-r=0.49-ru=10/config-868.txt.gz,1.1,0.16,78.0
SRRW-MARCELO-L=130-N=373483-phi=0.16-alpha=1.1-bmax=20-r=0.49-ru=10/config-869.txt.gz,1.1,0.16,77.0
SRRW-MARCELO-L=130-N=373483-phi=0.16-alpha=1.1-bmax=20-r=0.49-ru=10/config-87.txt.gz,1.1,0.16,55.0
SRRW-MARCELO-L=130-N=373483-phi=0.16-alpha=1.1-bmax=20-r=0.49-ru=10/config-870.txt.gz,1.1,0.16,66.0
SRRW-MARCELO-L=130-N=373483-phi=0.16-alpha=1.1-bmax=20-r=0.49-ru=10/config-871.txt.gz,1.1,0.16,71.0
SRRW-MARCELO-L=130-N=373483-phi=0.16-alpha=1.1-bmax=20-r=0.49-ru=10/config-872.txt.gz,1.1,0.16,72.0
SRRW-MARCELO-L=130-N=373483-phi=0.16-alpha=1.1-bmax=20-r=0.49-ru=10/config-873.txt.gz,1.1,0.16,70.0
SRRW-MARCELO-L=130-N=373483-phi=0.16-alpha=1.1-bmax=20-r=0.49-ru=10/config-874.txt.gz,1.1,0.16,57.0
SRRW-MARCELO-L=130-N=373483-phi=0.16-alpha=1.1-bmax=20-r=0.49-ru=10/config-875.txt.gz,1.1,0.16,82.0
SRRW-MARCELO-L=130-N=373483-phi=0.16-alpha=1.1-bmax=20-r=0.49-ru=10/config-876.txt.gz,1.1,0.16,72.0
SRRW-MARCELO-L=130-N=373483-phi=0.16-alpha=1.1-bmax=20-r=0.49-ru=10/config-877.txt.gz,1.1,0.16,69.0
SRRW-MARCELO-L=130-N=373483-phi=0.16-alpha=1.1-bmax=20-r=0.49-ru=10/config-878.txt.gz,1.1,0.16,76.0
SRRW-MARCELO-L=130-N=373483-phi=0.16-alpha=1.1-bmax=20-r=0.49-ru=10/config-879.txt.gz,1.1,0.16,67.0
SRRW-MARCELO-L=130-N=373483-phi=0.16-alpha=1.1-bmax=20-r=0.49-ru=10/config-88.txt.gz,1.1,0.16,77.0
SRRW-MARCELO-L=130-N=373483-phi=0.16-alpha=1.1-bmax=20-r=0.49-ru=10/config-880.txt.gz,1.1,0.16,77.0
SRRW-MARCELO-L=130-N=373483-phi=0.16-alpha=1.1-bmax=20-r=0.49-ru=10/config-881.txt.gz,1.1,0.16,64.0
SRRW-MARCELO-L=130-N=373483-phi=0.16-alpha=1.1-bmax=20-r=0.49-ru=10/config-882.txt.gz,1.1,0.16,63.0
SRRW-MARCELO-L=130-N=373483-phi=0.16-alpha=1.1-bmax=20-r=0.49-ru=10/config-883.txt.gz,1.1,0.16,62.0
SRRW-MARCELO-L=130-N=373483-phi=0.16-alpha=1.1-bmax=20-r=0.49-ru=10/config-884.txt.gz,1.1,0.16,61.0
SRRW-MARCELO-L=130-N=373483-phi=0.16-alpha=1.1-bmax=20-r=0.49-ru=10/config-885.txt.gz,1.1,0.16,65.0
SRRW-MARCELO-L=130-N=373483-phi=0.16-alpha=1.1-bmax=20-r=0.49-ru=10/config-886.txt.gz,1.1,0.16,67.0
SRRW-MARCELO-L=130-N=373483-phi=0.16-alpha=1.1-bmax=20-r=0.49-ru=10/config-887.txt.gz,1.1,0.16,66.0
SRRW-MARCELO-L=130-N=373483-phi=0.16-alpha=1.1-bmax=20-r=0.49-ru=10/config-888.txt.gz,1.1,0.16,55.0
SRRW-MARCELO-L=130-N=373483-phi=0.16-alpha=1.1-bmax=20-r=0.49-ru=10/config-889.txt.gz,1.1,0.16,74.0
SRRW-MARCELO-L=130-N=373483-phi=0.16-alpha=1.1-bmax=20-r=0.49-ru=10/config-89.txt.gz,1.1,0.16,68.0
SRRW-MARCELO-L=130-N=373483-phi=0.16-alpha=1.1-bmax=20-r=0.49-ru=10/config-890.txt.gz,1.1,0.16,71.0
SRRW-MARCELO-L=130-N=373483-phi=0.16-alpha=1.1-bmax=20-r=0.49-ru=10/config-891.txt.gz,1.1,0.16,78.0
SRRW-MARCELO-L=130-N=373483-phi=0.16-alpha=1.1-bmax=20-r=0.49-ru=10/config-892.txt.gz,1.1,0.16,79.0
SRRW-MARCELO-L=130-N=373483-phi=0.16-alpha=1.1-bmax=20-r=0.49-ru=10/config-893.txt.gz,1.1,0.16,71.0
SRRW-MARCELO-L=130-N=373483-phi=0.16-alpha=1.1-bmax=20-r=0.49-ru=10/config-894.txt.gz,1.1,0.16,47.0
SRRW-MARCELO-L=130-N=373483-phi=0.16-alpha=1.1-bmax=20-r=0.49-ru=10/config-895.txt.gz,1.1,0.16,75.0
SRRW-MARCELO-L=130-N=373483-phi=0.16-alpha=1.1-bmax=20-r=0.49-ru=10/config-896.txt.gz,1.1,0.16,71.0
SRRW-MARCELO-L=130-N=373483-phi=0.16-alpha=1.1-bmax=20-r=0.49-ru=10/config-897.txt.gz,1.1,0.16,84.0
SRRW-MARCELO-L=130-N=373483-phi=0.16-alpha=1.1-bmax=20-r=0.49-ru=10/config-898.txt.gz,1.1,0.16,78.0
SRRW-MARCELO-L=130-N=373483-phi=0.16-alpha=1.1-bmax=20-r=0.49-ru=10/config-899.txt.gz,1.1,0.16,78.0
SRRW-MARCELO-L=130-N=373483-phi=0.16-alpha=1.1-bmax=20-r=0.49-ru=10/config-9.txt.gz,1.1,0.16,86.0
SRRW-MARCELO-L=130-N=373483-phi=0.16-alpha=1.1-bmax=20-r=0.49-ru=10/config-90.txt.gz,1.1,0.16,76.0
SRRW-MARCELO-L=130-N=373483-phi=0.16-alpha=1.1-bmax=20-r=0.49-ru=10/config-900.txt.gz,1.1,0.16,72.0
SRRW-MARCELO-L=130-N=373483-phi=0.16-alpha=1.1-bmax=20-r=0.49-ru=10/config-901.txt.gz,1.1,0.16,75.0
SRRW-MARCELO-L=130-N=373483-phi=0.16-alpha=1.1-bmax=20-r=0.49-ru=10/config-902.txt.gz,1.1,0.16,73.0
SRRW-MARCELO-L=130-N=373483-phi=0.16-alpha=1.1-bmax=20-r=0.49-ru=10/config-903.txt.gz,1.1,0.16,81.0
SRRW-MARCELO-L=130-N=373483-phi=0.16-alpha=1.1-bmax=20-r=0.49-ru=10/config-904.txt.gz,1.1,0.16,70.0
SRRW-MARCELO-L=130-N=373483-phi=0.16-alpha=1.1-bmax=20-r=0.49-ru=10/config-905.txt.gz,1.1,0.16,64.0
SRRW-MARCELO-L=130-N=373483-phi=0.16-alpha=1.1-bmax=20-r=0.49-ru=10/config-906.txt.gz,1.1,0.16,59.0
SRRW-MARCELO-L=130-N=373483-phi=0.16-alpha=1.1-bmax=20-r=0.49-ru=10/config-907.txt.gz,1.1,0.16,62.0
SRRW-MARCELO-L=130-N=373483-phi=0.16-alpha=1.1-bmax=20-r=0.49-ru=10/config-908.txt.gz,1.1,0.16,73.0
SRRW-MARCELO-L=130-N=373483-phi=0.16-alpha=1.1-bmax=20-r=0.49-ru=10/config-909.txt.gz,1.1,0.16,70.0
SRRW-MARCELO-L=130-N=373483-phi=0.16-alpha=1.1-bmax=20-r=0.49-ru=10/config-91.txt.gz,1.1,0.16,57.0
SRRW-MARCELO-L=130-N=373483-phi=0.16-alpha=1.1-bmax=20-r=0.49-ru=10/config-910.txt.gz,1.1,0.16,79.0
SRRW-MARCELO-L=130-N=373483-phi=0.16-alpha=1.1-bmax=20-r=0.49-ru=10/config-911.txt.gz,1.1,0.16,75.0
SRRW-MARCELO-L=130-N=373483-phi=0.16-alpha=1.1-bmax=20-r=0.49-ru=10/config-912.txt.gz,1.1,0.16,67.0
SRRW-MARCELO-L=130-N=373483-phi=0.16-alpha=1.1-bmax=20-r=0.49-ru=10/config-913.txt.gz,1.1,0.16,67.0
SRRW-MARCELO-L=130-N=373483-phi=0.16-alpha=1.1-bmax=20-r=0.49-ru=10/config-914.txt.gz,1.1,0.16,51.0
SRRW-MARCELO-L=130-N=373483-phi=0.16-alpha=1.1-bmax=20-r=0.49-ru=10/config-915.txt.gz,1.1,0.16,77.0
SRRW-MARCELO-L=130-N=373483-phi=0.16-alpha=1.1-bmax=20-r=0.49-ru=10/config-916.txt.gz,1.1,0.16,61.0
SRRW-MARCELO-L=130-N=373483-phi=0.16-alpha=1.1-bmax=20-r=0.49-ru=10/config-917.txt.gz,1.1,0.16,65.0
SRRW-MARCELO-L=130-N=373483-phi=0.16-alpha=1.1-bmax=20-r=0.49-ru=10/config-918.txt.gz,1.1,0.16,75.0
SRRW-MARCELO-L=130-N=373483-phi=0.16-alpha=1.1-bmax=20-r=0.49-ru=10/config-919.txt.gz,1.1,0.16,55.0
SRRW-MARCELO-L=130-N=373483-phi=0.16-alpha=1.1-bmax=20-r=0.49-ru=10/config-92.txt.gz,1.1,0.16,79.0
SRRW-MARCELO-L=130-N=373483-phi=0.16-alpha=1.1-bmax=20-r=0.49-ru=10/config-920.txt.gz,1.1,0.16,74.0
SRRW-MARCELO-L=130-N=373483-phi=0.16-alpha=1.1-bmax=20-r=0.49-ru=10/config-921.txt.gz,1.1,0.16,64.0
SRRW-MARCELO-L=130-N=373483-phi=0.16-alpha=1.1-bmax=20-r=0.49-ru=10/config-922.txt.gz,1.1,0.16,69.0
SRRW-MARCELO-L=130-N=373483-phi=0.16-alpha=1.1-bmax=20-r=0.49-ru=10/config-923.txt.gz,1.1,0.16,81.0
SRRW-MARCELO-L=130-N=373483-phi=0.16-alpha=1.1-bmax=20-r=0.49-ru=10/config-924.txt.gz,1.1,0.16,69.0
SRRW-MARCELO-L=130-N=373483-phi=0.16-alpha=1.1-bmax=20-r=0.49-ru=10/config-925.txt.gz,1.1,0.16,67.0
SRRW-MARCELO-L=130-N=373483-phi=0.16-alpha=1.1-bmax=20-r=0.49-ru=10/config-926.txt.gz,1.1,0.16,61.0
SRRW-MARCELO-L=130-N=373483-phi=0.16-alpha=1.1-bmax=20-r=0.49-ru=10/config-927.txt.gz,1.1,0.16,84.0
SRRW-MARCELO-L=130-N=373483-phi=0.16-alpha=1.1-bmax=20-r=0.49-ru=10/config-928.txt.gz,1.1,0.16,86.0
SRRW-MARCELO-L=130-N=373483-phi=0.16-alpha=1.1-bmax=20-r=0.49-ru=10/config-929.txt.gz,1.1,0.16,72.0
SRRW-MARCELO-L=130-N=373483-phi=0.16-alpha=1.1-bmax=20-r=0.49-ru=10/config-93.txt.gz,1.1,0.16,77.0
SRRW-MARCELO-L=130-N=373483-phi=0.16-alpha=1.1-bmax=20-r=0.49-ru=10/config-930.txt.gz,1.1,0.16,80.0
SRRW-MARCELO-L=130-N=373483-phi=0.16-alpha=1.1-bmax=20-r=0.49-ru=10/config-931.txt.gz,1.1,0.16,60.0
SRRW-MARCELO-L=130-N=373483-phi=0.16-alpha=1.1-bmax=20-r=0.49-ru=10/config-932.txt.gz,1.1,0.16,58.0
SRRW-MARCELO-L=130-N=373483-phi=0.16-alpha=1.1-bmax=20-r=0.49-ru=10/config-933.txt.gz,1.1,0.16,61.0
SRRW-MARCELO-L=130-N=373483-phi=0.16-alpha=1.1-bmax=20-r=0.49-ru=10/config-934.txt.gz,1.1,0.16,74.0
SRRW-MARCELO-L=130-N=373483-phi=0.16-alpha=1.1-bmax=20-r=0.49-ru=10/config-935.txt.gz,1.1,0.16,63.0
SRRW-MARCELO-L=130-N=373483-phi=0.16-alpha=1.1-bmax=20-r=0.49-ru=10/config-936.txt.gz,1.1,0.16,82.0
SRRW-MARCELO-L=130-N=373483-phi=0.16-alpha=1.1-bmax=20-r=0.49-ru=10/config-937.txt.gz,1.1,0.16,78.0
SRRW-MARCELO-L=130-N=373483-phi=0.16-alpha=1.1-bmax=20-r=0.49-ru=10/config-938.txt.gz,1.1,0.16,71.0
SRRW-MARCELO-L=130-N=373483-phi=0.16-alpha=1.1-bmax=20-r=0.49-ru=10/config-939.txt.gz,1.1,0.16,81.0
SRRW-MARCELO-L=130-N=373483-phi=0.16-alpha=1.1-bmax=20-r=0.49-ru=10/config-94.txt.gz,1.1,0.16,72.0
SRRW-MARCELO-L=130-N=373483-phi=0.16-alpha=1.1-bmax=20-r=0.49-ru=10/config-940.txt.gz,1.1,0.16,63.0
SRRW-MARCELO-L=130-N=373483-phi=0.16-alpha=1.1-bmax=20-r=0.49-ru=10/config-941.txt.gz,1.1,0.16,71.0
SRRW-MARCELO-L=130-N=373483-phi=0.16-alpha=1.1-bmax=20-r=0.49-ru=10/config-942.txt.gz,1.1,0.16,56.0
SRRW-MARCELO-L=130-N=373483-phi=0.16-alpha=1.1-bmax=20-r=0.49-ru=10/config-943.txt.gz,1.1,0.16,59.0
SRRW-MARCELO-L=130-N=373483-phi=0.16-alpha=1.1-bmax=20-r=0.49-ru=10/config-944.txt.gz,1.1,0.16,68.0
SRRW-MARCELO-L=130-N=373483-phi=0.16-alpha=1.1-bmax=20-r=0.49-ru=10/config-945.txt.gz,1.1,0.16,75.0
SRRW-MARCELO-L=130-N=373483-phi=0.16-alpha=1.1-bmax=20-r=0.49-ru=10/config-946.txt.gz,1.1,0.16,66.0
SRRW-MARCELO-L=130-N=373483-phi=0.16-alpha=1.1-bmax=20-r=0.49-ru=10/config-947.txt.gz,1.1,0.16,63.0
SRRW-MARCELO-L=130-N=373483-phi=0.16-alpha=1.1-bmax=20-r=0.49-ru=10/config-948.txt.gz,1.1,0.16,59.0
SRRW-MARCELO-L=130-N=373483-phi=0.16-alpha=1.1-bmax=20-r=0.49-ru=10/config-949.txt.gz,1.1,0.16,64.0
SRRW-MARCELO-L=130-N=373483-phi=0.16-alpha=1.1-bmax=20-r=0.49-ru=10/config-95.txt.gz,1.1,0.16,80.0
SRRW-MARCELO-L=130-N=373483-phi=0.16-alpha=1.1-bmax=20-r=0.49-ru=10/config-950.txt.gz,1.1,0.16,79.0
SRRW-MARCELO-L=130-N=373483-phi=0.16-alpha=1.1-bmax=20-r=0.49-ru=10/config-951.txt.gz,1.1,0.16,64.0
SRRW-MARCELO-L=130-N=373483-phi=0.16-alpha=1.1-bmax=20-r=0.49-ru=10/config-952.txt.gz,1.1,0.16,80.0
SRRW-MARCELO-L=130-N=373483-phi=0.16-alpha=1.1-bmax=20-r=0.49-ru=10/config-953.txt.gz,1.1,0.16,83.0
SRRW-MARCELO-L=130-N=373483-phi=0.16-alpha=1.1-bmax=20-r=0.49-ru=10/config-954.txt.gz,1.1,0.16,79.0
SRRW-MARCELO-L=130-N=373483-phi=0.16-alpha=1.1-bmax=20-r=0.49-ru=10/config-955.txt.gz,1.1,0.16,69.0
SRRW-MARCELO-L=130-N=373483-phi=0.16-alpha=1.1-bmax=20-r=0.49-ru=10/config-956.txt.gz,1.1,0.16,78.0
SRRW-MARCELO-L=130-N=373483-phi=0.16-alpha=1.1-bmax=20-r=0.49-ru=10/config-957.txt.gz,1.1,0.16,66.0
SRRW-MARCELO-L=130-N=373483-phi=0.16-alpha=1.1-bmax=20-r=0.49-ru=10/config-958.txt.gz,1.1,0.16,64.0
SRRW-MARCELO-L=130-N=373483-phi=0.16-alpha=1.1-bmax=20-r=0.49-ru=10/config-959.txt.gz,1.1,0.16,70.0
SRRW-MARCELO-L=130-N=373483-phi=0.16-alpha=1.1-bmax=20-r=0.49-ru=10/config-96.txt.gz,1.1,0.16,60.0
SRRW-MARCELO-L=130-N=373483-phi=0.16-alpha=1.1-bmax=20-r=0.49-ru=10/config-960.txt.gz,1.1,0.16,71.0
SRRW-MARCELO-L=130-N=373483-phi=0.16-alpha=1.1-bmax=20-r=0.49-ru=10/config-961.txt.gz,1.1,0.16,71.0
SRRW-MARCELO-L=130-N=373483-phi=0.16-alpha=1.1-bmax=20-r=0.49-ru=10/config-962.txt.gz,1.1,0.16,69.0
SRRW-MARCELO-L=130-N=373483-phi=0.16-alpha=1.1-bmax=20-r=0.49-ru=10/config-963.txt.gz,1.1,0.16,76.0
SRRW-MARCELO-L=130-N=373483-phi=0.16-alpha=1.1-bmax=20-r=0.49-ru=10/config-964.txt.gz,1.1,0.16,79.0
SRRW-MARCELO-L=130-N=373483-phi=0.16-alpha=1.1-bmax=20-r=0.49-ru=10/config-965.txt.gz,1.1,0.16,75.0
SRRW-MARCELO-L=130-N=373483-phi=0.16-alpha=1.1-bmax=20-r=0.49-ru=10/config-966.txt.gz,1.1,0.16,67.0
SRRW-MARCELO-L=130-N=373483-phi=0.16-alpha=1.1-bmax=20-r=0.49-ru=10/config-967.txt.gz,1.1,0.16,74.0
SRRW-MARCELO-L=130-N=373483-phi=0.16-alpha=1.1-bmax=20-r=0.49-ru=10/config-968.txt.gz,1.1,0.16,63.0
SRRW-MARCELO-L=130-N=373483-phi=0.16-alpha=1.1-bmax=20-r=0.49-ru=10/config-969.txt.gz,1.1,0.16,80.0
SRRW-MARCELO-L=130-N=373483-phi=0.16-alpha=1.1-bmax=20-r=0.49-ru=10/config-97.txt.gz,1.1,0.16,77.0
SRRW-MARCELO-L=130-N=373483-phi=0.16-alpha=1.1-bmax=20-r=0.49-ru=10/config-970.txt.gz,1.1,0.16,94.0
SRRW-MARCELO-L=130-N=373483-phi=0.16-alpha=1.1-bmax=20-r=0.49-ru=10/config-971.txt.gz,1.1,0.16,76.0
SRRW-MARCELO-L=130-N=373483-phi=0.16-alpha=1.1-bmax=20-r=0.49-ru=10/config-972.txt.gz,1.1,0.16,70.0
SRRW-MARCELO-L=130-N=373483-phi=0.16-alpha=1.1-bmax=20-r=0.49-ru=10/config-973.txt.gz,1.1,0.16,71.0
SRRW-MARCELO-L=130-N=373483-phi=0.16-alpha=1.1-bmax=20-r=0.49-ru=10/config-974.txt.gz,1.1,0.16,64.0
SRRW-MARCELO-L=130-N=373483-phi=0.16-alpha=1.1-bmax=20-r=0.49-ru=10/config-975.txt.gz,1.1,0.16,67.0
SRRW-MARCELO-L=130-N=373483-phi=0.16-alpha=1.1-bmax=20-r=0.49-ru=10/config-976.txt.gz,1.1,0.16,72.0
SRRW-MARCELO-L=130-N=373483-phi=0.16-alpha=1.1-bmax=20-r=0.49-ru=10/config-977.txt.gz,1.1,0.16,76.0
SRRW-MARCELO-L=130-N=373483-phi=0.16-alpha=1.1-bmax=20-r=0.49-ru=10/config-978.txt.gz,1.1,0.16,57.0
SRRW-MARCELO-L=130-N=373483-phi=0.16-alpha=1.1-bmax=20-r=0.49-ru=10/config-979.txt.gz,1.1,0.16,75.0
SRRW-MARCELO-L=130-N=373483-phi=0.16-alpha=1.1-bmax=20-r=0.49-ru=10/config-98.txt.gz,1.1,0.16,75.0
SRRW-MARCELO-L=130-N=373483-phi=0.16-alpha=1.1-bmax=20-r=0.49-ru=10/config-980.txt.gz,1.1,0.16,74.0
SRRW-MARCELO-L=130-N=373483-phi=0.16-alpha=1.1-bmax=20-r=0.49-ru=10/config-981.txt.gz,1.1,0.16,68.0
SRRW-MARCELO-L=130-N=373483-phi=0.16-alpha=1.1-bmax=20-r=0.49-ru=10/config-982.txt.gz,1.1,0.16,68.0
SRRW-MARCELO-L=130-N=373483-phi=0.16-alpha=1.1-bmax=20-r=0.49-ru=10/config-983.txt.gz,1.1,0.16,74.0
SRRW-MARCELO-L=130-N=373483-phi=0.16-alpha=1.1-bmax=20-r=0.49-ru=10/config-984.txt.gz,1.1,0.16,84.0
SRRW-MARCELO-L=130-N=373483-phi=0.16-alpha=1.1-bmax=20-r=0.49-ru=10/config-985.txt.gz,1.1,0.16,85.0
SRRW-MARCELO-L=130-N=373483-phi=0.16-alpha=1.1-bmax=20-r=0.49-ru=10/config-986.txt.gz,1.1,0.16,53.0
SRRW-MARCELO-L=130-N=373483-phi=0.16-alpha=1.1-bmax=20-r=0.49-ru=10/config-987.txt.gz,1.1,0.16,75.0
SRRW-MARCELO-L=130-N=373483-phi=0.16-alpha=1.1-bmax=20-r=0.49-ru=10/config-988.txt.gz,1.1,0.16,64.0
SRRW-MARCELO-L=130-N=373483-phi=0.16-alpha=1.1-bmax=20-r=0.49-ru=10/config-989.txt.gz,1.1,0.16,85.0
SRRW-MARCELO-L=130-N=373483-phi=0.16-alpha=1.1-bmax=20-r=0.49-ru=10/config-99.txt.gz,1.1,0.16,59.0
SRRW-MARCELO-L=130-N=373483-phi=0.16-alpha=1.1-bmax=20-r=0.49-ru=10/config-990.txt.gz,1.1,0.16,74.0
SRRW-MARCELO-L=130-N=373483-phi=0.16-alpha=1.1-bmax=20-r=0.49-ru=10/config-991.txt.gz,1.1,0.16,76.0
SRRW-MARCELO-L=130-N=373483-phi=0.16-alpha=1.1-bmax=20-r=0.49-ru=10/config-992.txt.gz,1.1,0.16,61.0
SRRW-MARCELO-L=130-N=373483-phi=0.16-alpha=1.1-bmax=20-r=0.49-ru=10/config-993.txt.gz,1.1,0.16,83.0
SRRW-MARCELO-L=130-N=373483-phi=0.16-alpha=1.1-bmax=20-r=0.49-ru=10/config-994.txt.gz,1.1,0.16,68.0
SRRW-MARCELO-L=130-N=373483-phi=0.16-alpha=1.1-bmax=20-r=0.49-ru=10/config-995.txt.gz,1.1,0.16,79.0
SRRW-MARCELO-L=130-N=373483-phi=0.16-alpha=1.1-bmax=20-r=0.49-ru=10/config-996.txt.gz,1.1,0.16,70.0
SRRW-MARCELO-L=130-N=373483-phi=0.16-alpha=1.1-bmax=20-r=0.49-ru=10/config-997.txt.gz,1.1,0.16,88.0
SRRW-MARCELO-L=130-N=373483-phi=0.16-alpha=1.1-bmax=20-r=0.49-ru=10/config-998.txt.gz,1.1,0.16,74.0
SRRW-MARCELO-L=130-N=373483-phi=0.16-alpha=1.1-bmax=20-r=0.49-ru=10/config-999.txt.gz,1.1,0.16,66.0
SRRW-MARCELO-L=130-N=373483-phi=0.16-alpha=1.15-bmax=20-r=0.49-ru=10/config-189.txt.gz,1.15,0.16,80.0
SRRW-MARCELO-L=130-N=373483-phi=0.16-alpha=1.15-bmax=20-r=0.49-ru=10/config-19.txt.gz,1.15,0.16,80.0
SRRW-MARCELO-L=130-N=373483-phi=0.16-alpha=1.15-bmax=20-r=0.49-ru=10/config-190.txt.gz,1.15,0.16,81.0
SRRW-MARCELO-L=130-N=373483-phi=0.16-alpha=1.15-bmax=20-r=0.49-ru=10/config-191.txt.gz,1.15,0.16,77.0
SRRW-MARCELO-L=130-N=373483-phi=0.16-alpha=1.15-bmax=20-r=0.49-ru=10/config-192.txt.gz,1.15,0.16,101.0
SRRW-MARCELO-L=130-N=373483-phi=0.16-alpha=1.15-bmax=20-r=0.49-ru=10/config-193.txt.gz,1.15,0.16,63.0
SRRW-MARCELO-L=130-N=373483-phi=0.16-alpha=1.15-bmax=20-r=0.49-ru=10/config-194.txt.gz,1.15,0.16,87.0
SRRW-MARCELO-L=130-N=373483-phi=0.16-alpha=1.15-bmax=20-r=0.49-ru=10/config-195.txt.gz,1.15,0.16,66.0
SRRW-MARCELO-L=130-N=373483-phi=0.16-alpha=1.15-bmax=20-r=0.49-ru=10/config-196.txt.gz,1.15,0.16,63.0
SRRW-MARCELO-L=130-N=373483-phi=0.16-alpha=1.15-bmax=20-r=0.49-ru=10/config-197.txt.gz,1.15,0.16,73.0
SRRW-MARCELO-L=130-N=373483-phi=0.16-alpha=1.15-bmax=20-r=0.49-ru=10/config-198.txt.gz,1.15,0.16,81.0
SRRW-MARCELO-L=130-N=373483-phi=0.16-alpha=1.15-bmax=20-r=0.49-ru=10/config-199.txt.gz,1.15,0.16,81.0
SRRW-MARCELO-L=130-N=373483-phi=0.16-alpha=1.15-bmax=20-r=0.49-ru=10/config-2.txt.gz,1.15,0.16,84.0
SRRW-MARCELO-L=130-N=373483-phi=0.16-alpha=1.15-bmax=20-r=0.49-ru=10/config-20.txt.gz,1.15,0.16,70.0
SRRW-MARCELO-L=130-N=373483-phi=0.16-alpha=1.15-bmax=20-r=0.49-ru=10/config-200.txt.gz,1.15,0.16,74.0
SRRW-MARCELO-L=130-N=373483-phi=0.16-alpha=1.15-bmax=20-r=0.49-ru=10/config-201.txt.gz,1.15,0.16,76.0
SRRW-MARCELO-L=130-N=373483-phi=0.16-alpha=1.15-bmax=20-r=0.49-ru=10/config-202.txt.gz,1.15,0.16,68.0
SRRW-MARCELO-L=130-N=373483-phi=0.16-alpha=1.15-bmax=20-r=0.49-ru=10/config-203.txt.gz,1.15,0.16,93.0
SRRW-MARCELO-L=130-N=373483-phi=0.16-alpha=1.15-bmax=20-r=0.49-ru=10/config-204.txt.gz,1.15,0.16,74.0
SRRW-MARCELO-L=130-N=373483-phi=0.16-alpha=1.15-bmax=20-r=0.49-ru=10/config-205.txt.gz,1.15,0.16,71.0
SRRW-MARCELO-L=130-N=373483-phi=0.16-alpha=1.15-bmax=20-r=0.49-ru=10/config-206.txt.gz,1.15,0.16,92.0
SRRW-MARCELO-L=130-N=373483-phi=0.16-alpha=1.15-bmax=20-r=0.49-ru=10/config-207.txt.gz,1.15,0.16,78.0
SRRW-MARCELO-L=130-N=373483-phi=0.16-alpha=1.15-bmax=20-r=0.49-ru=10/config-208.txt.gz,1.15,0.16,76.0
SRRW-MARCELO-L=130-N=373483-phi=0.16-alpha=1.15-bmax=20-r=0.49-ru=10/config-209.txt.gz,1.15,0.16,72.0
SRRW-MARCELO-L=130-N=373483-phi=0.16-alpha=1.15-bmax=20-r=0.49-ru=10/config-21.txt.gz,1.15,0.16,96.0
SRRW-MARCELO-L=130-N=373483-phi=0.16-alpha=1.15-bmax=20-r=0.49-ru=10/config-210.txt.gz,1.15,0.16,81.0
SRRW-MARCELO-L=130-N=373483-phi=0.16-alpha=1.15-bmax=20-r=0.49-ru=10/config-211.txt.gz,1.15,0.16,77.0
SRRW-MARCELO-L=130-N=373483-phi=0.16-alpha=1.15-bmax=20-r=0.49-ru=10/config-212.txt.gz,1.15,0.16,79.0
SRRW-MARCELO-L=130-N=373483-phi=0.16-alpha=1.15-bmax=20-r=0.49-ru=10/config-213.txt.gz,1.15,0.16,77.0
SRRW-MARCELO-L=130-N=373483-phi=0.16-alpha=1.15-bmax=20-r=0.49-ru=10/config-214.txt.gz,1.15,0.16,61.0
SRRW-MARCELO-L=130-N=373483-phi=0.16-alpha=1.15-bmax=20-r=0.49-ru=10/config-215.txt.gz,1.15,0.16,78.0
SRRW-MARCELO-L=130-N=373483-phi=0.16-alpha=1.15-bmax=20-r=0.49-ru=10/config-216.txt.gz,1.15,0.16,81.0
SRRW-MARCELO-L=130-N=373483-phi=0.16-alpha=1.15-bmax=20-r=0.49-ru=10/config-217.txt.gz,1.15,0.16,68.0
SRRW-MARCELO-L=130-N=373483-phi=0.16-alpha=1.15-bmax=20-r=0.49-ru=10/config-218.txt.gz,1.15,0.16,79.0
SRRW-MARCELO-L=130-N=373483-phi=0.16-alpha=1.15-bmax=20-r=0.49-ru=10/config-219.txt.gz,1.15,0.16,83.0
SRRW-MARCELO-L=130-N=373483-phi=0.16-alpha=1.15-bmax=20-r=0.49-ru=10/config-22.txt.gz,1.15,0.16,79.0
SRRW-MARCELO-L=130-N=373483-phi=0.16-alpha=1.15-bmax=20-r=0.49-ru=10/config-220.txt.gz,1.15,0.16,71.0
SRRW-MARCELO-L=130-N=373483-phi=0.16-alpha=1.15-bmax=20-r=0.49-ru=10/config-221.txt.gz,1.15,0.16,55.0
SRRW-MARCELO-L=130-N=373483-phi=0.16-alpha=1.15-bmax=20-r=0.49-ru=10/config-222.txt.gz,1.15,0.16,69.0
SRRW-MARCELO-L=130-N=373483-phi=0.16-alpha=1.15-bmax=20-r=0.49-ru=10/config-223.txt.gz,1.15,0.16,91.0
SRRW-MARCELO-L=130-N=373483-phi=0.16-alpha=1.15-bmax=20-r=0.49-ru=10/config-224.txt.gz,1.15,0.16,75.0
SRRW-MARCELO-L=130-N=373483-phi=0.16-alpha=1.15-bmax=20-r=0.49-ru=10/config-225.txt.gz,1.15,0.16,74.0
SRRW-MARCELO-L=130-N=373483-phi=0.16-alpha=1.15-bmax=20-r=0.49-ru=10/config-226.txt.gz,1.15,0.16,73.0
SRRW-MARCELO-L=130-N=373483-phi=0.16-alpha=1.15-bmax=20-r=0.49-ru=10/config-227.txt.gz,1.15,0.16,82.0
SRRW-MARCELO-L=130-N=373483-phi=0.16-alpha=1.15-bmax=20-r=0.49-ru=10/config-228.txt.gz,1.15,0.16,67.0
SRRW-MARCELO-L=130-N=373483-phi=0.16-alpha=1.15-bmax=20-r=0.49-ru=10/config-229.txt.gz,1.15,0.16,88.0
SRRW-MARCELO-L=130-N=373483-phi=0.16-alpha=1.15-bmax=20-r=0.49-ru=10/config-23.txt.gz,1.15,0.16,76.0
SRRW-MARCELO-L=130-N=373483-phi=0.16-alpha=1.15-bmax=20-r=0.49-ru=10/config-230.txt.gz,1.15,0.16,77.0
SRRW-MARCELO-L=130-N=373483-phi=0.16-alpha=1.15-bmax=20-r=0.49-ru=10/config-231.txt.gz,1.15,0.16,65.0
SRRW-MARCELO-L=130-N=373483-phi=0.16-alpha=1.15-bmax=20-r=0.49-ru=10/config-232.txt.gz,1.15,0.16,85.0
SRRW-MARCELO-L=130-N=373483-phi=0.16-alpha=1.15-bmax=20-r=0.49-ru=10/config-233.txt.gz,1.15,0.16,59.0
SRRW-MARCELO-L=130-N=373483-phi=0.16-alpha=1.15-bmax=20-r=0.49-ru=10/config-234.txt.gz,1.15,0.16,58.0
SRRW-MARCELO-L=130-N=373483-phi=0.16-alpha=1.15-bmax=20-r=0.49-ru=10/config-235.txt.gz,1.15,0.16,66.0
SRRW-MARCELO-L=130-N=373483-phi=0.16-alpha=1.15-bmax=20-r=0.49-ru=10/config-236.txt.gz,1.15,0.16,72.0
SRRW-MARCELO-L=130-N=373483-phi=0.16-alpha=1.15-bmax=20-r=0.49-ru=10/config-237.txt.gz,1.15,0.16,92.0
SRRW-MARCELO-L=130-N=373483-phi=0.16-alpha=1.15-bmax=20-r=0.49-ru=10/config-238.txt.gz,1.15,0.16,83.0
SRRW-MARCELO-L=130-N=373483-phi=0.16-alpha=1.15-bmax=20-r=0.49-ru=10/config-239.txt.gz,1.15,0.16,73.0
SRRW-MARCELO-L=130-N=373483-phi=0.16-alpha=1.15-bmax=20-r=0.49-ru=10/config-24.txt.gz,1.15,0.16,82.0
SRRW-MARCELO-L=130-N=373483-phi=0.16-alpha=1.15-bmax=20-r=0.49-ru=10/config-240.txt.gz,1.15,0.16,71.0
SRRW-MARCELO-L=130-N=373483-phi=0.16-alpha=1.15-bmax=20-r=0.49-ru=10/config-241.txt.gz,1.15,0.16,79.0
SRRW-MARCELO-L=130-N=373483-phi=0.16-alpha=1.15-bmax=20-r=0.49-ru=10/config-242.txt.gz,1.15,0.16,75.0
SRRW-MARCELO-L=130-N=373483-phi=0.16-alpha=1.15-bmax=20-r=0.49-ru=10/config-243.txt.gz,1.15,0.16,76.0
SRRW-MARCELO-L=130-N=373483-phi=0.16-alpha=1.15-bmax=20-r=0.49-ru=10/config-244.txt.gz,1.15,0.16,78.0
SRRW-MARCELO-L=130-N=373483-phi=0.16-alpha=1.15-bmax=20-r=0.49-ru=10/config-245.txt.gz,1.15,0.16,67.0
SRRW-MARCELO-L=130-N=373483-phi=0.16-alpha=1.15-bmax=20-r=0.49-ru=10/config-246.txt.gz,1.15,0.16,82.0
SRRW-MARCELO-L=130-N=373483-phi=0.16-alpha=1.15-bmax=20-r=0.49-ru=10/config-247.txt.gz,1.15,0.16,71.0
SRRW-MARCELO-L=130-N=373483-phi=0.16-alpha=1.15-bmax=20-r=0.49-ru=10/config-248.txt.gz,1.15,0.16,79.0
SRRW-MARCELO-L=130-N=373483-phi=0.16-alpha=1.15-bmax=20-r=0.49-ru=10/config-249.txt.gz,1.15,0.16,92.0
SRRW-MARCELO-L=130-N=373483-phi=0.16-alpha=1.15-bmax=20-r=0.49-ru=10/config-25.txt.gz,1.15,0.16,91.0
SRRW-MARCELO-L=130-N=373483-phi=0.16-alpha=1.15-bmax=20-r=0.49-ru=10/config-250.txt.gz,1.15,0.16,70.0
SRRW-MARCELO-L=130-N=373483-phi=0.16-alpha=1.15-bmax=20-r=0.49-ru=10/config-251.txt.gz,1.15,0.16,80.0
SRRW-MARCELO-L=130-N=373483-phi=0.16-alpha=1.15-bmax=20-r=0.49-ru=10/config-252.txt.gz,1.15,0.16,86.0
SRRW-MARCELO-L=130-N=373483-phi=0.16-alpha=1.15-bmax=20-r=0.49-ru=10/config-253.txt.gz,1.15,0.16,77.0
SRRW-MARCELO-L=130-N=373483-phi=0.16-alpha=1.15-bmax=20-r=0.49-ru=10/config-254.txt.gz,1.15,0.16,66.0
SRRW-MARCELO-L=130-N=373483-phi=0.16-alpha=1.15-bmax=20-r=0.49-ru=10/config-255.txt.gz,1.15,0.16,82.0
SRRW-MARCELO-L=130-N=373483-phi=0.16-alpha=1.15-bmax=20-r=0.49-ru=10/config-256.txt.gz,1.15,0.16,77.0
SRRW-MARCELO-L=130-N=373483-phi=0.16-alpha=1.15-bmax=20-r=0.49-ru=10/config-257.txt.gz,1.15,0.16,70.0
SRRW-MARCELO-L=130-N=373483-phi=0.16-alpha=1.15-bmax=20-r=0.49-ru=10/config-258.txt.gz,1.15,0.16,86.0
SRRW-MARCELO-L=130-N=373483-phi=0.16-alpha=1.15-bmax=20-r=0.49-ru=10/config-259.txt.gz,1.15,0.16,75.0
SRRW-MARCELO-L=130-N=373483-phi=0.16-alpha=1.15-bmax=20-r=0.49-ru=10/config-26.txt.gz,1.15,0.16,73.0
SRRW-MARCELO-L=130-N=373483-phi=0.16-alpha=1.15-bmax=20-r=0.49-ru=10/config-260.txt.gz,1.15,0.16,55.0
SRRW-MARCELO-L=130-N=373483-phi=0.16-alpha=1.15-bmax=20-r=0.49-ru=10/config-261.txt.gz,1.15,0.16,81.0
SRRW-MARCELO-L=130-N=373483-phi=0.16-alpha=1.15-bmax=20-r=0.49-ru=10/config-262.txt.gz,1.15,0.16,68.0
SRRW-MARCELO-L=130-N=373483-phi=0.16-alpha=1.15-bmax=20-r=0.49-ru=10/config-263.txt.gz,1.15,0.16,71.0
SRRW-MARCELO-L=130-N=373483-phi=0.16-alpha=1.15-bmax=20-r=0.49-ru=10/config-264.txt.gz,1.15,0.16,68.0
SRRW-MARCELO-L=130-N=373483-phi=0.16-alpha=1.15-bmax=20-r=0.49-ru=10/config-265.txt.gz,1.15,0.16,80.0
SRRW-MARCELO-L=130-N=373483-phi=0.16-alpha=1.15-bmax=20-r=0.49-ru=10/config-266.txt.gz,1.15,0.16,66.0
SRRW-MARCELO-L=130-N=373483-phi=0.16-alpha=1.15-bmax=20-r=0.49-ru=10/config-267.txt.gz,1.15,0.16,76.0
SRRW-MARCELO-L=130-N=373483-phi=0.16-alpha=1.15-bmax=20-r=0.49-ru=10/config-268.txt.gz,1.15,0.16,75.0
SRRW-MARCELO-L=130-N=373483-phi=0.16-alpha=1.15-bmax=20-r=0.49-ru=10/config-269.txt.gz,1.15,0.16,79.0
SRRW-MARCELO-L=130-N=373483-phi=0.16-alpha=1.15-bmax=20-r=0.49-ru=10/config-27.txt.gz,1.15,0.16,67.0
SRRW-MARCELO-L=130-N=373483-phi=0.16-alpha=1.15-bmax=20-r=0.49-ru=10/config-270.txt.gz,1.15,0.16,78.0
SRRW-MARCELO-L=130-N=373483-phi=0.16-alpha=1.15-bmax=20-r=0.49-ru=10/config-271.txt.gz,1.15,0.16,75.0
SRRW-MARCELO-L=130-N=373483-phi=0.16-alpha=1.15-bmax=20-r=0.49-ru=10/config-272.txt.gz,1.15,0.16,71.0
SRRW-MARCELO-L=130-N=373483-phi=0.16-alpha=1.15-bmax=20-r=0.49-ru=10/config-273.txt.gz,1.15,0.16,71.0
SRRW-MARCELO-L=130-N=373483-phi=0.16-alpha=1.15-bmax=20-r=0.49-ru=10/config-274.txt.gz,1.15,0.16,80.0
SRRW-MARCELO-L=130-N=373483-phi=0.16-alpha=1.15-bmax=20-r=0.49-ru=10/config-275.txt.gz,1.15,0.16,75.0
SRRW-MARCELO-L=130-N=373483-phi=0.16-alpha=1.15-bmax=20-r=0.49-ru=10/config-276.txt.gz,1.15,0.16,79.0
SRRW-MARCELO-L=130-N=373483-phi=0.16-alpha=1.15-bmax=20-r=0.49-ru=10/config-277.txt.gz,1.15,0.16,91.0
SRRW-MARCELO-L=130-N=373483-phi=0.16-alpha=1.15-bmax=20-r=0.49-ru=10/config-278.txt.gz,1.15,0.16,77.0
SRRW-MARCELO-L=130-N=373483-phi=0.16-alpha=1.15-bmax=20-r=0.49-ru=10/config-279.txt.gz,1.15,0.16,70.0
SRRW-MARCELO-L=130-N=373483-phi=0.16-alpha=1.15-bmax=20-r=0.49-ru=10/config-28.txt.gz,1.15,0.16,69.0
SRRW-MARCELO-L=130-N=373483-phi=0.16-alpha=1.15-bmax=20-r=0.49-ru=10/config-280.txt.gz,1.15,0.16,66.0
SRRW-MARCELO-L=130-N=373483-phi=0.16-alpha=1.15-bmax=20-r=0.49-ru=10/config-281.txt.gz,1.15,0.16,68.0
SRRW-MARCELO-L=130-N=373483-phi=0.16-alpha=1.15-bmax=20-r=0.49-ru=10/config-282.txt.gz,1.15,0.16,90.0
SRRW-MARCELO-L=130-N=373483-phi=0.16-alpha=1.15-bmax=20-r=0.49-ru=10/config-283.txt.gz,1.15,0.16,94.0
SRRW-MARCELO-L=130-N=373483-phi=0.16-alpha=1.15-bmax=20-r=0.49-ru=10/config-284.txt.gz,1.15,0.16,73.0
SRRW-MARCELO-L=130-N=373483-phi=0.16-alpha=1.15-bmax=20-r=0.49-ru=10/config-285.txt.gz,1.15,0.16,89.0
SRRW-MARCELO-L=130-N=373483-phi=0.16-alpha=1.15-bmax=20-r=0.49-ru=10/config-286.txt.gz,1.15,0.16,90.0
SRRW-MARCELO-L=130-N=373483-phi=0.16-alpha=1.15-bmax=20-r=0.49-ru=10/config-287.txt.gz,1.15,0.16,74.0
SRRW-MARCELO-L=130-N=373483-phi=0.16-alpha=1.15-bmax=20-r=0.49-ru=10/config-288.txt.gz,1.15,0.16,75.0
SRRW-MARCELO-L=130-N=373483-phi=0.16-alpha=1.15-bmax=20-r=0.49-ru=10/config-289.txt.gz,1.15,0.16,73.0
SRRW-MARCELO-L=130-N=373483-phi=0.16-alpha=1.15-bmax=20-r=0.49-ru=10/config-29.txt.gz,1.15,0.16,79.0
SRRW-MARCELO-L=130-N=373483-phi=0.16-alpha=1.15-bmax=20-r=0.49-ru=10/config-290.txt.gz,1.15,0.16,64.0
SRRW-MARCELO-L=130-N=373483-phi=0.16-alpha=1.15-bmax=20-r=0.49-ru=10/config-291.txt.gz,1.15,0.16,70.0
SRRW-MARCELO-L=130-N=373483-phi=0.16-alpha=1.15-bmax=20-r=0.49-ru=10/config-292.txt.gz,1.15,0.16,73.0
SRRW-MARCELO-L=130-N=373483-phi=0.16-alpha=1.15-bmax=20-r=0.49-ru=10/config-293.txt.gz,1.15,0.16,72.0
SRRW-MARCELO-L=130-N=373483-phi=0.16-alpha=1.15-bmax=20-r=0.49-ru=10/config-294.txt.gz,1.15,0.16,79.0
SRRW-MARCELO-L=130-N=373483-phi=0.16-alpha=1.15-bmax=20-r=0.49-ru=10/config-295.txt.gz,1.15,0.16,73.0
SRRW-MARCELO-L=130-N=373483-phi=0.16-alpha=1.15-bmax=20-r=0.49-ru=10/config-296.txt.gz,1.15,0.16,70.0
SRRW-MARCELO-L=130-N=373483-phi=0.16-alpha=1.15-bmax=20-r=0.49-ru=10/config-297.txt.gz,1.15,0.16,65.0
SRRW-MARCELO-L=130-N=373483-phi=0.16-alpha=1.15-bmax=20-r=0.49-ru=10/config-298.txt.gz,1.15,0.16,86.0
SRRW-MARCELO-L=130-N=373483-phi=0.16-alpha=1.15-bmax=20-r=0.49-ru=10/config-299.txt.gz,1.15,0.16,60.0
SRRW-MARCELO-L=130-N=373483-phi=0.16-alpha=1.15-bmax=20-r=0.49-ru=10/config-3.txt.gz,1.15,0.16,66.0
SRRW-MARCELO-L=130-N=373483-phi=0.16-alpha=1.15-bmax=20-r=0.49-ru=10/config-30.txt.gz,1.15,0.16,84.0
SRRW-MARCELO-L=130-N=373483-phi=0.16-alpha=1.15-bmax=20-r=0.49-ru=10/config-300.txt.gz,1.15,0.16,57.0
SRRW-MARCELO-L=130-N=373483-phi=0.16-alpha=1.15-bmax=20-r=0.49-ru=10/config-301.txt.gz,1.15,0.16,77.0
SRRW-MARCELO-L=130-N=373483-phi=0.16-alpha=1.15-bmax=20-r=0.49-ru=10/config-302.txt.gz,1.15,0.16,83.0
SRRW-MARCELO-L=130-N=373483-phi=0.16-alpha=1.15-bmax=20-r=0.49-ru=10/config-303.txt.gz,1.15,0.16,69.0
SRRW-MARCELO-L=130-N=373483-phi=0.16-alpha=1.15-bmax=20-r=0.49-ru=10/config-304.txt.gz,1.15,0.16,76.0
SRRW-MARCELO-L=130-N=373483-phi=0.16-alpha=1.15-bmax=20-r=0.49-ru=10/config-305.txt.gz,1.15,0.16,69.0
SRRW-MARCELO-L=130-N=373483-phi=0.16-alpha=1.15-bmax=20-r=0.49-ru=10/config-306.txt.gz,1.15,0.16,73.0
SRRW-MARCELO-L=130-N=373483-phi=0.16-alpha=1.15-bmax=20-r=0.49-ru=10/config-307.txt.gz,1.15,0.16,72.0
SRRW-MARCELO-L=130-N=373483-phi=0.16-alpha=1.15-bmax=20-r=0.49-ru=10/config-308.txt.gz,1.15,0.16,78.0
SRRW-MARCELO-L=130-N=373483-phi=0.16-alpha=1.15-bmax=20-r=0.49-ru=10/config-309.txt.gz,1.15,0.16,72.0
SRRW-MARCELO-L=130-N=373483-phi=0.16-alpha=1.15-bmax=20-r=0.49-ru=10/config-31.txt.gz,1.15,0.16,56.0
SRRW-MARCELO-L=130-N=373483-phi=0.16-alpha=1.15-bmax=20-r=0.49-ru=10/config-310.txt.gz,1.15,0.16,75.0
SRRW-MARCELO-L=130-N=373483-phi=0.16-alpha=1.15-bmax=20-r=0.49-ru=10/config-311.txt.gz,1.15,0.16,72.0
SRRW-MARCELO-L=130-N=373483-phi=0.16-alpha=1.15-bmax=20-r=0.49-ru=10/config-312.txt.gz,1.15,0.16,72.0
SRRW-MARCELO-L=130-N=373483-phi=0.16-alpha=1.15-bmax=20-r=0.49-ru=10/config-313.txt.gz,1.15,0.16,74.0
SRRW-MARCELO-L=130-N=373483-phi=0.16-alpha=1.15-bmax=20-r=0.49-ru=10/config-314.txt.gz,1.15,0.16,73.0
SRRW-MARCELO-L=130-N=373483-phi=0.16-alpha=1.15-bmax=20-r=0.49-ru=10/config-315.txt.gz,1.15,0.16,85.0
SRRW-MARCELO-L=130-N=373483-phi=0.16-alpha=1.15-bmax=20-r=0.49-ru=10/config-316.txt.gz,1.15,0.16,79.0
SRRW-MARCELO-L=130-N=373483-phi=0.16-alpha=1.15-bmax=20-r=0.49-ru=10/config-317.txt.gz,1.15,0.16,73.0
SRRW-MARCELO-L=130-N=373483-phi=0.16-alpha=1.15-bmax=20-r=0.49-ru=10/config-318.txt.gz,1.15,0.16,67.0
SRRW-MARCELO-L=130-N=373483-phi=0.16-alpha=1.15-bmax=20-r=0.49-ru=10/config-319.txt.gz,1.15,0.16,73.0
SRRW-MARCELO-L=130-N=373483-phi=0.16-alpha=1.15-bmax=20-r=0.49-ru=10/config-32.txt.gz,1.15,0.16,85.0
SRRW-MARCELO-L=130-N=373483-phi=0.16-alpha=1.15-bmax=20-r=0.49-ru=10/config-320.txt.gz,1.15,0.16,69.0
SRRW-MARCELO-L=130-N=373483-phi=0.16-alpha=1.15-bmax=20-r=0.49-ru=10/config-321.txt.gz,1.15,0.16,77.0
SRRW-MARCELO-L=130-N=373483-phi=0.16-alpha=1.15-bmax=20-r=0.49-ru=10/config-322.txt.gz,1.15,0.16,76.0
SRRW-MARCELO-L=130-N=373483-phi=0.16-alpha=1.15-bmax=20-r=0.49-ru=10/config-323.txt.gz,1.15,0.16,73.0
SRRW-MARCELO-L=130-N=373483-phi=0.16-alpha=1.15-bmax=20-r=0.49-ru=10/config-324.txt.gz,1.15,0.16,69.0
SRRW-MARCELO-L=130-N=373483-phi=0.16-alpha=1.15-bmax=20-r=0.49-ru=10/config-325.txt.gz,1.15,0.16,81.0
SRRW-MARCELO-L=130-N=373483-phi=0.16-alpha=1.15-bmax=20-r=0.49-ru=10/config-326.txt.gz,1.15,0.16,74.0
SRRW-MARCELO-L=130-N=373483-phi=0.16-alpha=1.15-bmax=20-r=0.49-ru=10/config-327.txt.gz,1.15,0.16,70.0
SRRW-MARCELO-L=130-N=373483-phi=0.16-alpha=1.15-bmax=20-r=0.49-ru=10/config-328.txt.gz,1.15,0.16,78.0
SRRW-MARCELO-L=130-N=373483-phi=0.16-alpha=1.15-bmax=20-r=0.49-ru=10/config-329.txt.gz,1.15,0.16,75.0
SRRW-MARCELO-L=130-N=373483-phi=0.16-alpha=1.15-bmax=20-r=0.49-ru=10/config-33.txt.gz,1.15,0.16,72.0
SRRW-MARCELO-L=130-N=373483-phi=0.16-alpha=1.15-bmax=20-r=0.49-ru=10/config-330.txt.gz,1.15,0.16,70.0
SRRW-MARCELO-L=130-N=373483-phi=0.16-alpha=1.15-bmax=20-r=0.49-ru=10/config-331.txt.gz,1.15,0.16,72.0
SRRW-MARCELO-L=130-N=373483-phi=0.16-alpha=1.15-bmax=20-r=0.49-ru=10/config-332.txt.gz,1.15,0.16,71.0
SRRW-MARCELO-L=130-N=373483-phi=0.16-alpha=1.15-bmax=20-r=0.49-ru=10/config-333.txt.gz,1.15,0.16,75.0
SRRW-MARCELO-L=130-N=373483-phi=0.16-alpha=1.15-bmax=20-r=0.49-ru=10/config-334.txt.gz,1.15,0.16,79.0
SRRW-MARCELO-L=130-N=373483-phi=0.16-alpha=1.15-bmax=20-r=0.49-ru=10/config-335.txt.gz,1.15,0.16,70.0
SRRW-MARCELO-L=130-N=373483-phi=0.16-alpha=1.15-bmax=20-r=0.49-ru=10/config-336.txt.gz,1.15,0.16,72.0
SRRW-MARCELO-L=130-N=373483-phi=0.16-alpha=1.15-bmax=20-r=0.49-ru=10/config-337.txt.gz,1.15,0.16,49.0
SRRW-MARCELO-L=130-N=373483-phi=0.16-alpha=1.15-bmax=20-r=0.49-ru=10/config-338.txt.gz,1.15,0.16,75.0
SRRW-MARCELO-L=130-N=373483-phi=0.16-alpha=1.15-bmax=20-r=0.49-ru=10/config-339.txt.gz,1.15,0.16,79.0
SRRW-MARCELO-L=130-N=373483-phi=0.16-alpha=1.15-bmax=20-r=0.49-ru=10/config-34.txt.gz,1.15,0.16,69.0
SRRW-MARCELO-L=130-N=373483-phi=0.16-alpha=1.15-bmax=20-r=0.49-ru=10/config-340.txt.gz,1.15,0.16,81.0
SRRW-MARCELO-L=130-N=373483-phi=0.16-alpha=1.15-bmax=20-r=0.49-ru=10/config-341.txt.gz,1.15,0.16,79.0
SRRW-MARCELO-L=130-N=373483-phi=0.16-alpha=1.15-bmax=20-r=0.49-ru=10/config-342.txt.gz,1.15,0.16,87.0
SRRW-MARCELO-L=130-N=373483-phi=0.16-alpha=1.15-bmax=20-r=0.49-ru=10/config-343.txt.gz,1.15,0.16,85.0
SRRW-MARCELO-L=130-N=373483-phi=0.16-alpha=1.15-bmax=20-r=0.49-ru=10/config-344.txt.gz,1.15,0.16,72.0
SRRW-MARCELO-L=130-N=373483-phi=0.16-alpha=1.15-bmax=20-r=0.49-ru=10/config-345.txt.gz,1.15,0.16,77.0
SRRW-MARCELO-L=130-N=373483-phi=0.16-alpha=1.15-bmax=20-r=0.49-ru=10/config-346.txt.gz,1.15,0.16,83.0
SRRW-MARCELO-L=130-N=373483-phi=0.16-alpha=1.15-bmax=20-r=0.49-ru=10/config-347.txt.gz,1.15,0.16,83.0
SRRW-MARCELO-L=130-N=373483-phi=0.16-alpha=1.15-bmax=20-r=0.49-ru=10/config-348.txt.gz,1.15,0.16,83.0
SRRW-MARCELO-L=130-N=373483-phi=0.16-alpha=1.15-bmax=20-r=0.49-ru=10/config-349.txt.gz,1.15,0.16,67.0
SRRW-MARCELO-L=130-N=373483-phi=0.16-alpha=1.15-bmax=20-r=0.49-ru=10/config-35.txt.gz,1.15,0.16,82.0
SRRW-MARCELO-L=130-N=373483-phi=0.16-alpha=1.15-bmax=20-r=0.49-ru=10/config-350.txt.gz,1.15,0.16,87.0
SRRW-MARCELO-L=130-N=373483-phi=0.16-alpha=1.15-bmax=20-r=0.49-ru=10/config-351.txt.gz,1.15,0.16,72.0
SRRW-MARCELO-L=130-N=373483-phi=0.16-alpha=1.15-bmax=20-r=0.49-ru=10/config-352.txt.gz,1.15,0.16,72.0
SRRW-MARCELO-L=130-N=373483-phi=0.16-alpha=1.15-bmax=20-r=0.49-ru=10/config-353.txt.gz,1.15,0.16,71.0
SRRW-MARCELO-L=130-N=373483-phi=0.16-alpha=1.15-bmax=20-r=0.49-ru=10/config-354.txt.gz,1.15,0.16,84.0
SRRW-MARCELO-L=130-N=373483-phi=0.16-alpha=1.15-bmax=20-r=0.49-ru=10/config-355.txt.gz,1.15,0.16,73.0
SRRW-MARCELO-L=130-N=373483-phi=0.16-alpha=1.15-bmax=20-r=0.49-ru=10/config-356.txt.gz,1.15,0.16,66.0
SRRW-MARCELO-L=130-N=373483-phi=0.16-alpha=1.15-bmax=20-r=0.49-ru=10/config-357.txt.gz,1.15,0.16,67.0
SRRW-MARCELO-L=130-N=373483-phi=0.16-alpha=1.15-bmax=20-r=0.49-ru=10/config-358.txt.gz,1.15,0.16,64.0
SRRW-MARCELO-L=130-N=373483-phi=0.16-alpha=1.15-bmax=20-r=0.49-ru=10/config-359.txt.gz,1.15,0.16,81.0
SRRW-MARCELO-L=130-N=373483-phi=0.16-alpha=1.15-bmax=20-r=0.49-ru=10/config-36.txt.gz,1.15,0.16,59.0
SRRW-MARCELO-L=130-N=373483-phi=0.16-alpha=1.15-bmax=20-r=0.49-ru=10/config-360.txt.gz,1.15,0.16,88.0
SRRW-MARCELO-L=130-N=373483-phi=0.16-alpha=1.15-bmax=20-r=0.49-ru=10/config-361.txt.gz,1.15,0.16,73.0
SRRW-MARCELO-L=130-N=373483-phi=0.16-alpha=1.15-bmax=20-r=0.49-ru=10/config-362.txt.gz,1.15,0.16,86.0
SRRW-MARCELO-L=130-N=373483-phi=0.16-alpha=1.15-bmax=20-r=0.49-ru=10/config-363.txt.gz,1.15,0.16,68.0
SRRW-MARCELO-L=130-N=373483-phi=0.16-alpha=1.15-bmax=20-r=0.49-ru=10/config-364.txt.gz,1.15,0.16,64.0
SRRW-MARCELO-L=130-N=373483-phi=0.16-alpha=1.15-bmax=20-r=0.49-ru=10/config-365.txt.gz,1.15,0.16,65.0
SRRW-MARCELO-L=130-N=373483-phi=0.16-alpha=1.15-bmax=20-r=0.49-ru=10/config-366.txt.gz,1.15,0.16,69.0
SRRW-MARCELO-L=130-N=373483-phi=0.16-alpha=1.15-bmax=20-r=0.49-ru=10/config-367.txt.gz,1.15,0.16,79.0
SRRW-MARCELO-L=130-N=373483-phi=0.16-alpha=1.15-bmax=20-r=0.49-ru=10/config-368.txt.gz,1.15,0.16,93.0
SRRW-MARCELO-L=130-N=373483-phi=0.16-alpha=1.15-bmax=20-r=0.49-ru=10/config-369.txt.gz,1.15,0.16,60.0
SRRW-MARCELO-L=130-N=373483-phi=0.16-alpha=1.15-bmax=20-r=0.49-ru=10/config-37.txt.gz,1.15,0.16,71.0
SRRW-MARCELO-L=130-N=373483-phi=0.16-alpha=1.15-bmax=20-r=0.49-ru=10/config-370.txt.gz,1.15,0.16,72.0
SRRW-MARCELO-L=130-N=373483-phi=0.16-alpha=1.15-bmax=20-r=0.49-ru=10/config-371.txt.gz,1.15,0.16,61.0
SRRW-MARCELO-L=130-N=373483-phi=0.16-alpha=1.15-bmax=20-r=0.49-ru=10/config-372.txt.gz,1.15,0.16,83.0
SRRW-MARCELO-L=130-N=373483-phi=0.16-alpha=1.15-bmax=20-r=0.49-ru=10/config-373.txt.gz,1.15,0.16,89.0
SRRW-MARCELO-L=130-N=373483-phi=0.16-alpha=1.15-bmax=20-r=0.49-ru=10/config-374.txt.gz,1.15,0.16,78.0
SRRW-MARCELO-L=130-N=373483-phi=0.16-alpha=1.15-bmax=20-r=0.49-ru=10/config-375.txt.gz,1.15,0.16,79.0
SRRW-MARCELO-L=130-N=373483-phi=0.16-alpha=1.15-bmax=20-r=0.49-ru=10/config-376.txt.gz,1.15,0.16,80.0
SRRW-MARCELO-L=130-N=373483-phi=0.16-alpha=1.15-bmax=20-r=0.49-ru=10/config-377.txt.gz,1.15,0.16,86.0
SRRW-MARCELO-L=130-N=373483-phi=0.16-alpha=1.15-bmax=20-r=0.49-ru=10/config-378.txt.gz,1.15,0.16,67.0
SRRW-MARCELO-L=130-N=373483-phi=0.16-alpha=1.15-bmax=20-r=0.49-ru=10/config-379.txt.gz,1.15,0.16,89.0
SRRW-MARCELO-L=130-N=373483-phi=0.16-alpha=1.15-bmax=20-r=0.49-ru=10/config-38.txt.gz,1.15,0.16,82.0
SRRW-MARCELO-L=130-N=373483-phi=0.16-alpha=1.15-bmax=20-r=0.49-ru=10/config-380.txt.gz,1.15,0.16,64.0
SRRW-MARCELO-L=130-N=373483-phi=0.16-alpha=1.15-bmax=20-r=0.49-ru=10/config-381.txt.gz,1.15,0.16,68.0
SRRW-MARCELO-L=130-N=373483-phi=0.16-alpha=1.15-bmax=20-r=0.49-ru=10/config-382.txt.gz,1.15,0.16,85.0
SRRW-MARCELO-L=130-N=373483-phi=0.16-alpha=1.15-bmax=20-r=0.49-ru=10/config-383.txt.gz,1.15,0.16,67.0
SRRW-MARCELO-L=130-N=373483-phi=0.16-alpha=1.15-bmax=20-r=0.49-ru=10/config-384.txt.gz,1.15,0.16,77.0
SRRW-MARCELO-L=130-N=373483-phi=0.16-alpha=1.15-bmax=20-r=0.49-ru=10/config-385.txt.gz,1.15,0.16,80.0
SRRW-MARCELO-L=130-N=373483-phi=0.16-alpha=1.15-bmax=20-r=0.49-ru=10/config-386.txt.gz,1.15,0.16,77.0
SRRW-MARCELO-L=130-N=373483-phi=0.16-alpha=1.15-bmax=20-r=0.49-ru=10/config-387.txt.gz,1.15,0.16,84.0
SRRW-MARCELO-L=130-N=373483-phi=0.16-alpha=1.15-bmax=20-r=0.49-ru=10/config-388.txt.gz,1.15,0.16,67.0
SRRW-MARCELO-L=130-N=373483-phi=0.16-alpha=1.15-bmax=20-r=0.49-ru=10/config-389.txt.gz,1.15,0.16,63.0
SRRW-MARCELO-L=130-N=373483-phi=0.16-alpha=1.15-bmax=20-r=0.49-ru=10/config-39.txt.gz,1.15,0.16,94.0
SRRW-MARCELO-L=130-N=373483-phi=0.16-alpha=1.15-bmax=20-r=0.49-ru=10/config-390.txt.gz,1.15,0.16,63.0
SRRW-MARCELO-L=130-N=373483-phi=0.16-alpha=1.15-bmax=20-r=0.49-ru=10/config-391.txt.gz,1.15,0.16,75.0
SRRW-MARCELO-L=130-N=373483-phi=0.16-alpha=1.15-bmax=20-r=0.49-ru=10/config-392.txt.gz,1.15,0.16,73.0
SRRW-MARCELO-L=130-N=373483-phi=0.16-alpha=1.15-bmax=20-r=0.49-ru=10/config-393.txt.gz,1.15,0.16,70.0
SRRW-MARCELO-L=130-N=373483-phi=0.16-alpha=1.15-bmax=20-r=0.49-ru=10/config-394.txt.gz,1.15,0.16,69.0
SRRW-MARCELO-L=130-N=373483-phi=0.16-alpha=1.15-bmax=20-r=0.49-ru=10/config-395.txt.gz,1.15,0.16,81.0
SRRW-MARCELO-L=130-N=373483-phi=0.16-alpha=1.15-bmax=20-r=0.49-ru=10/config-396.txt.gz,1.15,0.16,81.0
SRRW-MARCELO-L=130-N=373483-phi=0.16-alpha=1.15-bmax=20-r=0.49-ru=10/config-397.txt.gz,1.15,0.16,77.0
SRRW-MARCELO-L=130-N=373483-phi=0.16-alpha=1.15-bmax=20-r=0.49-ru=10/config-398.txt.gz,1.15,0.16,69.0
SRRW-MARCELO-L=130-N=373483-phi=0.16-alpha=1.15-bmax=20-r=0.49-ru=10/config-399.txt.gz,1.15,0.16,63.0
SRRW-MARCELO-L=130-N=373483-phi=0.16-alpha=1.15-bmax=20-r=0.49-ru=10/config-4.txt.gz,1.15,0.16,71.0
SRRW-MARCELO-L=130-N=373483-phi=0.16-alpha=1.15-bmax=20-r=0.49-ru=10/config-40.txt.gz,1.15,0.16,64.0
SRRW-MARCELO-L=130-N=373483-phi=0.16-alpha=1.15-bmax=20-r=0.49-ru=10/config-400.txt.gz,1.15,0.16,94.0
SRRW-MARCELO-L=130-N=373483-phi=0.16-alpha=1.15-bmax=20-r=0.49-ru=10/config-401.txt.gz,1.15,0.16,67.0
SRRW-MARCELO-L=130-N=373483-phi=0.16-alpha=1.15-bmax=20-r=0.49-ru=10/config-402.txt.gz,1.15,0.16,76.0
SRRW-MARCELO-L=130-N=373483-phi=0.16-alpha=1.15-bmax=20-r=0.49-ru=10/config-403.txt.gz,1.15,0.16,79.0
SRRW-MARCELO-L=130-N=373483-phi=0.16-alpha=1.15-bmax=20-r=0.49-ru=10/config-404.txt.gz,1.15,0.16,67.0
SRRW-MARCELO-L=130-N=373483-phi=0.16-alpha=1.15-bmax=20-r=0.49-ru=10/config-405.txt.gz,1.15,0.16,65.0
SRRW-MARCELO-L=130-N=373483-phi=0.16-alpha=1.15-bmax=20-r=0.49-ru=10/config-406.txt.gz,1.15,0.16,86.0
SRRW-MARCELO-L=130-N=373483-phi=0.16-alpha=1.15-bmax=20-r=0.49-ru=10/config-407.txt.gz,1.15,0.16,78.0
SRRW-MARCELO-L=130-N=373483-phi=0.16-alpha=1.15-bmax=20-r=0.49-ru=10/config-408.txt.gz,1.15,0.16,78.0
SRRW-MARCELO-L=130-N=373483-phi=0.16-alpha=1.15-bmax=20-r=0.49-ru=10/config-409.txt.gz,1.15,0.16,77.0
SRRW-MARCELO-L=130-N=373483-phi=0.16-alpha=1.15-bmax=20-r=0.49-ru=10/config-41.txt.gz,1.15,0.16,76.0
SRRW-MARCELO-L=130-N=373483-phi=0.16-alpha=1.15-bmax=20-r=0.49-ru=10/config-410.txt.gz,1.15,0.16,67.0
SRRW-MARCELO-L=130-N=373483-phi=0.16-alpha=1.15-bmax=20-r=0.49-ru=10/config-411.txt.gz,1.15,0.16,70.0
SRRW-MARCELO-L=130-N=373483-phi=0.16-alpha=1.15-bmax=20-r=0.49-ru=10/config-412.txt.gz,1.15,0.16,70.0
SRRW-MARCELO-L=130-N=373483-phi=0.16-alpha=1.15-bmax=20-r=0.49-ru=10/config-413.txt.gz,1.15,0.16,81.0
SRRW-MARCELO-L=130-N=373483-phi=0.16-alpha=1.15-bmax=20-r=0.49-ru=10/config-414.txt.gz,1.15,0.16,84.0
SRRW-MARCELO-L=130-N=373483-phi=0.16-alpha=1.15-bmax=20-r=0.49-ru=10/config-415.txt.gz,1.15,0.16,78.0
SRRW-MARCELO-L=130-N=373483-phi=0.16-alpha=1.15-bmax=20-r=0.49-ru=10/config-416.txt.gz,1.15,0.16,58.0
SRRW-MARCELO-L=130-N=373483-phi=0.16-alpha=1.15-bmax=20-r=0.49-ru=10/config-417.txt.gz,1.15,0.16,84.0
SRRW-MARCELO-L=130-N=373483-phi=0.16-alpha=1.15-bmax=20-r=0.49-ru=10/config-418.txt.gz,1.15,0.16,86.0
SRRW-MARCELO-L=130-N=373483-phi=0.16-alpha=1.15-bmax=20-r=0.49-ru=10/config-419.txt.gz,1.15,0.16,60.0
SRRW-MARCELO-L=130-N=373483-phi=0.16-alpha=1.15-bmax=20-r=0.49-ru=10/config-42.txt.gz,1.15,0.16,62.0
SRRW-MARCELO-L=130-N=373483-phi=0.16-alpha=1.15-bmax=20-r=0.49-ru=10/config-420.txt.gz,1.15,0.16,77.0
SRRW-MARCELO-L=130-N=373483-phi=0.16-alpha=1.15-bmax=20-r=0.49-ru=10/config-421.txt.gz,1.15,0.16,82.0
SRRW-MARCELO-L=130-N=373483-phi=0.16-alpha=1.15-bmax=20-r=0.49-ru=10/config-422.txt.gz,1.15,0.16,71.0
SRRW-MARCELO-L=130-N=373483-phi=0.16-alpha=1.15-bmax=20-r=0.49-ru=10/config-423.txt.gz,1.15,0.16,83.0
SRRW-MARCELO-L=130-N=373483-phi=0.16-alpha=1.15-bmax=20-r=0.49-ru=10/config-424.txt.gz,1.15,0.16,58.0
SRRW-MARCELO-L=130-N=373483-phi=0.16-alpha=1.15-bmax=20-r=0.49-ru=10/config-425.txt.gz,1.15,0.16,63.0
SRRW-MARCELO-L=130-N=373483-phi=0.16-alpha=1.15-bmax=20-r=0.49-ru=10/config-426.txt.gz,1.15,0.16,65.0
SRRW-MARCELO-L=130-N=373483-phi=0.16-alpha=1.15-bmax=20-r=0.49-ru=10/config-427.txt.gz,1.15,0.16,65.0
SRRW-MARCELO-L=130-N=373483-phi=0.16-alpha=1.15-bmax=20-r=0.49-ru=10/config-428.txt.gz,1.15,0.16,84.0
SRRW-MARCELO-L=130-N=373483-phi=0.16-alpha=1.15-bmax=20-r=0.49-ru=10/config-429.txt.gz,1.15,0.16,74.0
SRRW-MARCELO-L=130-N=373483-phi=0.16-alpha=1.15-bmax=20-r=0.49-ru=10/config-43.txt.gz,1.15,0.16,89.0
SRRW-MARCELO-L=130-N=373483-phi=0.16-alpha=1.15-bmax=20-r=0.49-ru=10/config-430.txt.gz,1.15,0.16,80.0
SRRW-MARCELO-L=130-N=373483-phi=0.16-alpha=1.15-bmax=20-r=0.49-ru=10/config-431.txt.gz,1.15,0.16,72.0
SRRW-MARCELO-L=130-N=373483-phi=0.16-alpha=1.15-bmax=20-r=0.49-ru=10/config-432.txt.gz,1.15,0.16,76.0
SRRW-MARCELO-L=130-N=373483-phi=0.16-alpha=1.15-bmax=20-r=0.49-ru=10/config-433.txt.gz,1.15,0.16,70.0
SRRW-MARCELO-L=130-N=373483-phi=0.16-alpha=1.15-bmax=20-r=0.49-ru=10/config-434.txt.gz,1.15,0.16,94.0
SRRW-MARCELO-L=130-N=373483-phi=0.16-alpha=1.15-bmax=20-r=0.49-ru=10/config-435.txt.gz,1.15,0.16,65.0
SRRW-MARCELO-L=130-N=373483-phi=0.16-alpha=1.15-bmax=20-r=0.49-ru=10/config-436.txt.gz,1.15,0.16,77.0
SRRW-MARCELO-L=130-N=373483-phi=0.16-alpha=1.15-bmax=20-r=0.49-ru=10/config-437.txt.gz,1.15,0.16,68.0
SRRW-MARCELO-L=130-N=373483-phi=0.16-alpha=1.15-bmax=20-r=0.49-ru=10/config-438.txt.gz,1.15,0.16,67.0
SRRW-MARCELO-L=130-N=373483-phi=0.16-alpha=1.15-bmax=20-r=0.49-ru=10/config-439.txt.gz,1.15,0.16,81.0
SRRW-MARCELO-L=130-N=373483-phi=0.16-alpha=1.15-bmax=20-r=0.49-ru=10/config-44.txt.gz,1.15,0.16,77.0
SRRW-MARCELO-L=130-N=373483-phi=0.16-alpha=1.15-bmax=20-r=0.49-ru=10/config-440.txt.gz,1.15,0.16,83.0
SRRW-MARCELO-L=130-N=373483-phi=0.16-alpha=1.15-bmax=20-r=0.49-ru=10/config-441.txt.gz,1.15,0.16,70.0
SRRW-MARCELO-L=130-N=373483-phi=0.16-alpha=1.15-bmax=20-r=0.49-ru=10/config-442.txt.gz,1.15,0.16,75.0
SRRW-MARCELO-L=130-N=373483-phi=0.16-alpha=1.15-bmax=20-r=0.49-ru=10/config-443.txt.gz,1.15,0.16,82.0
SRRW-MARCELO-L=130-N=373483-phi=0.16-alpha=1.15-bmax=20-r=0.49-ru=10/config-444.txt.gz,1.15,0.16,67.0
SRRW-MARCELO-L=130-N=373483-phi=0.16-alpha=1.15-bmax=20-r=0.49-ru=10/config-445.txt.gz,1.15,0.16,91.0
SRRW-MARCELO-L=130-N=373483-phi=0.16-alpha=1.15-bmax=20-r=0.49-ru=10/config-446.txt.gz,1.15,0.16,78.0
SRRW-MARCELO-L=130-N=373483-phi=0.16-alpha=1.15-bmax=20-r=0.49-ru=10/config-447.txt.gz,1.15,0.16,81.0
SRRW-MARCELO-L=130-N=373483-phi=0.16-alpha=1.15-bmax=20-r=0.49-ru=10/config-448.txt.gz,1.15,0.16,68.0
SRRW-MARCELO-L=130-N=373483-phi=0.16-alpha=1.15-bmax=20-r=0.49-ru=10/config-449.txt.gz,1.15,0.16,67.0
SRRW-MARCELO-L=130-N=373483-phi=0.16-alpha=1.15-bmax=20-r=0.49-ru=10/config-45.txt.gz,1.15,0.16,63.0
SRRW-MARCELO-L=130-N=373483-phi=0.16-alpha=1.15-bmax=20-r=0.49-ru=10/config-450.txt.gz,1.15,0.16,93.0
SRRW-MARCELO-L=130-N=373483-phi=0.16-alpha=1.15-bmax=20-r=0.49-ru=10/config-451.txt.gz,1.15,0.16,74.0
SRRW-MARCELO-L=130-N=373483-phi=0.16-alpha=1.15-bmax=20-r=0.49-ru=10/config-452.txt.gz,1.15,0.16,82.0
SRRW-MARCELO-L=130-N=373483-phi=0.16-alpha=1.15-bmax=20-r=0.49-ru=10/config-453.txt.gz,1.15,0.16,84.0
SRRW-MARCELO-L=130-N=373483-phi=0.16-alpha=1.15-bmax=20-r=0.49-ru=10/config-454.txt.gz,1.15,0.16,64.0
SRRW-MARCELO-L=130-N=373483-phi=0.16-alpha=1.15-bmax=20-r=0.49-ru=10/config-455.txt.gz,1.15,0.16,73.0
SRRW-MARCELO-L=130-N=373483-phi=0.16-alpha=1.15-bmax=20-r=0.49-ru=10/config-456.txt.gz,1.15,0.16,87.0
SRRW-MARCELO-L=130-N=373483-phi=0.16-alpha=1.15-bmax=20-r=0.49-ru=10/config-457.txt.gz,1.15,0.16,70.0
SRRW-MARCELO-L=130-N=373483-phi=0.16-alpha=1.15-bmax=20-r=0.49-ru=10/config-458.txt.gz,1.15,0.16,77.0
SRRW-MARCELO-L=130-N=373483-phi=0.16-alpha=1.15-bmax=20-r=0.49-ru=10/config-459.txt.gz,1.15,0.16,73.0
SRRW-MARCELO-L=130-N=373483-phi=0.16-alpha=1.15-bmax=20-r=0.49-ru=10/config-46.txt.gz,1.15,0.16,77.0
SRRW-MARCELO-L=130-N=373483-phi=0.16-alpha=1.15-bmax=20-r=0.49-ru=10/config-460.txt.gz,1.15,0.16,66.0
SRRW-MARCELO-L=130-N=373483-phi=0.16-alpha=1.15-bmax=20-r=0.49-ru=10/config-461.txt.gz,1.15,0.16,82.0
SRRW-MARCELO-L=130-N=373483-phi=0.16-alpha=1.15-bmax=20-r=0.49-ru=10/config-462.txt.gz,1.15,0.16,76.0
SRRW-MARCELO-L=130-N=373483-phi=0.16-alpha=1.15-bmax=20-r=0.49-ru=10/config-463.txt.gz,1.15,0.16,82.0
SRRW-MARCELO-L=130-N=373483-phi=0.16-alpha=1.15-bmax=20-r=0.49-ru=10/config-464.txt.gz,1.15,0.16,80.0
SRRW-MARCELO-L=130-N=373483-phi=0.16-alpha=1.15-bmax=20-r=0.49-ru=10/config-465.txt.gz,1.15,0.16,69.0
SRRW-MARCELO-L=130-N=373483-phi=0.16-alpha=1.15-bmax=20-r=0.49-ru=10/config-466.txt.gz,1.15,0.16,80.0
SRRW-MARCELO-L=130-N=373483-phi=0.16-alpha=1.15-bmax=20-r=0.49-ru=10/config-467.txt.gz,1.15,0.16,81.0
SRRW-MARCELO-L=130-N=373483-phi=0.16-alpha=1.15-bmax=20-r=0.49-ru=10/config-468.txt.gz,1.15,0.16,72.0
SRRW-MARCELO-L=130-N=373483-phi=0.16-alpha=1.15-bmax=20-r=0.49-ru=10/config-469.txt.gz,1.15,0.16,72.0
SRRW-MARCELO-L=130-N=373483-phi=0.16-alpha=1.15-bmax=20-r=0.49-ru=10/config-47.txt.gz,1.15,0.16,59.0
SRRW-MARCELO-L=130-N=373483-phi=0.16-alpha=1.15-bmax=20-r=0.49-ru=10/config-470.txt.gz,1.15,0.16,61.0
SRRW-MARCELO-L=130-N=373483-phi=0.16-alpha=1.15-bmax=20-r=0.49-ru=10/config-471.txt.gz,1.15,0.16,88.0
SRRW-MARCELO-L=130-N=373483-phi=0.16-alpha=1.15-bmax=20-r=0.49-ru=10/config-472.txt.gz,1.15,0.16,68.0
SRRW-MARCELO-L=130-N=373483-phi=0.16-alpha=1.15-bmax=20-r=0.49-ru=10/config-473.txt.gz,1.15,0.16,62.0
SRRW-MARCELO-L=130-N=373483-phi=0.16-alpha=1.15-bmax=20-r=0.49-ru=10/config-474.txt.gz,1.15,0.16,84.0
SRRW-MARCELO-L=130-N=373483-phi=0.16-alpha=1.15-bmax=20-r=0.49-ru=10/config-475.txt.gz,1.15,0.16,79.0
SRRW-MARCELO-L=130-N=373483-phi=0.16-alpha=1.15-bmax=20-r=0.49-ru=10/config-476.txt.gz,1.15,0.16,82.0
SRRW-MARCELO-L=130-N=373483-phi=0.16-alpha=1.15-bmax=20-r=0.49-ru=10/config-477.txt.gz,1.15,0.16,82.0
SRRW-MARCELO-L=130-N=373483-phi=0.16-alpha=1.15-bmax=20-r=0.49-ru=10/config-478.txt.gz,1.15,0.16,80.0
SRRW-MARCELO-L=130-N=373483-phi=0.16-alpha=1.15-bmax=20-r=0.49-ru=10/config-479.txt.gz,1.15,0.16,68.0
SRRW-MARCELO-L=130-N=373483-phi=0.16-alpha=1.15-bmax=20-r=0.49-ru=10/config-48.txt.gz,1.15,0.16,69.0
SRRW-MARCELO-L=130-N=373483-phi=0.16-alpha=1.15-bmax=20-r=0.49-ru=10/config-480.txt.gz,1.15,0.16,81.0
SRRW-MARCELO-L=130-N=373483-phi=0.16-alpha=1.15-bmax=20-r=0.49-ru=10/config-481.txt.gz,1.15,0.16,82.0
SRRW-MARCELO-L=130-N=373483-phi=0.16-alpha=1.15-bmax=20-r=0.49-ru=10/config-482.txt.gz,1.15,0.16,73.0
SRRW-MARCELO-L=130-N=373483-phi=0.16-alpha=1.15-bmax=20-r=0.49-ru=10/config-483.txt.gz,1.15,0.16,77.0
SRRW-MARCELO-L=130-N=373483-phi=0.16-alpha=1.15-bmax=20-r=0.49-ru=10/config-484.txt.gz,1.15,0.16,74.0
SRRW-MARCELO-L=130-N=373483-phi=0.16-alpha=1.15-bmax=20-r=0.49-ru=10/config-485.txt.gz,1.15,0.16,80.0
SRRW-MARCELO-L=130-N=373483-phi=0.16-alpha=1.15-bmax=20-r=0.49-ru=10/config-486.txt.gz,1.15,0.16,61.0
SRRW-MARCELO-L=130-N=373483-phi=0.16-alpha=1.15-bmax=20-r=0.49-ru=10/config-487.txt.gz,1.15,0.16,71.0
SRRW-MARCELO-L=130-N=373483-phi=0.16-alpha=1.15-bmax=20-r=0.49-ru=10/config-488.txt.gz,1.15,0.16,73.0
SRRW-MARCELO-L=130-N=373483-phi=0.16-alpha=1.15-bmax=20-r=0.49-ru=10/config-489.txt.gz,1.15,0.16,77.0
SRRW-MARCELO-L=130-N=373483-phi=0.16-alpha=1.15-bmax=20-r=0.49-ru=10/config-49.txt.gz,1.15,0.16,82.0
SRRW-MARCELO-L=130-N=373483-phi=0.16-alpha=1.15-bmax=20-r=0.49-ru=10/config-490.txt.gz,1.15,0.16,72.0
SRRW-MARCELO-L=130-N=373483-phi=0.16-alpha=1.15-bmax=20-r=0.49-ru=10/config-491.txt.gz,1.15,0.16,74.0
SRRW-MARCELO-L=130-N=373483-phi=0.16-alpha=1.15-bmax=20-r=0.49-ru=10/config-492.txt.gz,1.15,0.16,77.0
SRRW-MARCELO-L=130-N=373483-phi=0.16-alpha=1.15-bmax=20-r=0.49-ru=10/config-493.txt.gz,1.15,0.16,74.0
SRRW-MARCELO-L=130-N=373483-phi=0.16-alpha=1.15-bmax=20-r=0.49-ru=10/config-494.txt.gz,1.15,0.16,99.0
SRRW-MARCELO-L=130-N=373483-phi=0.16-alpha=1.15-bmax=20-r=0.49-ru=10/config-495.txt.gz,1.15,0.16,76.0
SRRW-MARCELO-L=130-N=373483-phi=0.16-alpha=1.15-bmax=20-r=0.49-ru=10/config-496.txt.gz,1.15,0.16,85.0
SRRW-MARCELO-L=130-N=373483-phi=0.16-alpha=1.15-bmax=20-r=0.49-ru=10/config-497.txt.gz,1.15,0.16,84.0
SRRW-MARCELO-L=130-N=373483-phi=0.16-alpha=1.15-bmax=20-r=0.49-ru=10/config-498.txt.gz,1.15,0.16,69.0
SRRW-MARCELO-L=130-N=373483-phi=0.16-alpha=1.15-bmax=20-r=0.49-ru=10/config-499.txt.gz,1.15,0.16,77.0
SRRW-MARCELO-L=130-N=373483-phi=0.16-alpha=1.15-bmax=20-r=0.49-ru=10/config-5.txt.gz,1.15,0.16,76.0
SRRW-MARCELO-L=130-N=373483-phi=0.16-alpha=1.15-bmax=20-r=0.49-ru=10/config-50.txt.gz,1.15,0.16,88.0
SRRW-MARCELO-L=130-N=373483-phi=0.16-alpha=1.15-bmax=20-r=0.49-ru=10/config-500.txt.gz,1.15,0.16,67.0
SRRW-MARCELO-L=130-N=373483-phi=0.16-alpha=1.15-bmax=20-r=0.49-ru=10/config-501.txt.gz,1.15,0.16,79.0
SRRW-MARCELO-L=130-N=373483-phi=0.16-alpha=1.15-bmax=20-r=0.49-ru=10/config-502.txt.gz,1.15,0.16,73.0
SRRW-MARCELO-L=130-N=373483-phi=0.16-alpha=1.15-bmax=20-r=0.49-ru=10/config-503.txt.gz,1.15,0.16,85.0
SRRW-MARCELO-L=130-N=373483-phi=0.16-alpha=1.15-bmax=20-r=0.49-ru=10/config-504.txt.gz,1.15,0.16,71.0
SRRW-MARCELO-L=130-N=373483-phi=0.16-alpha=1.15-bmax=20-r=0.49-ru=10/config-505.txt.gz,1.15,0.16,73.0
SRRW-MARCELO-L=130-N=373483-phi=0.16-alpha=1.15-bmax=20-r=0.49-ru=10/config-506.txt.gz,1.15,0.16,76.0
SRRW-MARCELO-L=130-N=373483-phi=0.16-alpha=1.15-bmax=20-r=0.49-ru=10/config-507.txt.gz,1.15,0.16,65.0
SRRW-MARCELO-L=130-N=373483-phi=0.16-alpha=1.15-bmax=20-r=0.49-ru=10/config-508.txt.gz,1.15,0.16,84.0
SRRW-MARCELO-L=130-N=373483-phi=0.16-alpha=1.15-bmax=20-r=0.49-ru=10/config-509.txt.gz,1.15,0.16,67.0
SRRW-MARCELO-L=130-N=373483-phi=0.16-alpha=1.15-bmax=20-r=0.49-ru=10/config-51.txt.gz,1.15,0.16,69.0
SRRW-MARCELO-L=130-N=373483-phi=0.16-alpha=1.15-bmax=20-r=0.49-ru=10/config-510.txt.gz,1.15,0.16,61.0
SRRW-MARCELO-L=130-N=373483-phi=0.16-alpha=1.15-bmax=20-r=0.49-ru=10/config-511.txt.gz,1.15,0.16,87.0
SRRW-MARCELO-L=130-N=373483-phi=0.16-alpha=1.15-bmax=20-r=0.49-ru=10/config-512.txt.gz,1.15,0.16,90.0
SRRW-MARCELO-L=130-N=373483-phi=0.16-alpha=1.15-bmax=20-r=0.49-ru=10/config-513.txt.gz,1.15,0.16,75.0
SRRW-MARCELO-L=130-N=373483-phi=0.16-alpha=1.15-bmax=20-r=0.49-ru=10/config-514.txt.gz,1.15,0.16,69.0
SRRW-MARCELO-L=130-N=373483-phi=0.16-alpha=1.15-bmax=20-r=0.49-ru=10/config-515.txt.gz,1.15,0.16,61.0
SRRW-MARCELO-L=130-N=373483-phi=0.16-alpha=1.15-bmax=20-r=0.49-ru=10/config-516.txt.gz,1.15,0.16,70.0
SRRW-MARCELO-L=130-N=373483-phi=0.16-alpha=1.15-bmax=20-r=0.49-ru=10/config-517.txt.gz,1.15,0.16,79.0
SRRW-MARCELO-L=130-N=373483-phi=0.16-alpha=1.15-bmax=20-r=0.49-ru=10/config-518.txt.gz,1.15,0.16,80.0
SRRW-MARCELO-L=130-N=373483-phi=0.16-alpha=1.15-bmax=20-r=0.49-ru=10/config-519.txt.gz,1.15,0.16,70.0
SRRW-MARCELO-L=130-N=373483-phi=0.16-alpha=1.15-bmax=20-r=0.49-ru=10/config-52.txt.gz,1.15,0.16,74.0
SRRW-MARCELO-L=130-N=373483-phi=0.16-alpha=1.15-bmax=20-r=0.49-ru=10/config-520.txt.gz,1.15,0.16,73.0
SRRW-MARCELO-L=130-N=373483-phi=0.16-alpha=1.15-bmax=20-r=0.49-ru=10/config-521.txt.gz,1.15,0.16,81.0
SRRW-MARCELO-L=130-N=373483-phi=0.16-alpha=1.15-bmax=20-r=0.49-ru=10/config-522.txt.gz,1.15,0.16,69.0
SRRW-MARCELO-L=130-N=373483-phi=0.16-alpha=1.15-bmax=20-r=0.49-ru=10/config-523.txt.gz,1.15,0.16,70.0
SRRW-MARCELO-L=130-N=373483-phi=0.16-alpha=1.15-bmax=20-r=0.49-ru=10/config-524.txt.gz,1.15,0.16,74.0
SRRW-MARCELO-L=130-N=373483-phi=0.16-alpha=1.15-bmax=20-r=0.49-ru=10/config-525.txt.gz,1.15,0.16,77.0
SRRW-MARCELO-L=130-N=373483-phi=0.16-alpha=1.15-bmax=20-r=0.49-ru=10/config-526.txt.gz,1.15,0.16,85.0
SRRW-MARCELO-L=130-N=373483-phi=0.16-alpha=1.15-bmax=20-r=0.49-ru=10/config-527.txt.gz,1.15,0.16,66.0
SRRW-MARCELO-L=130-N=373483-phi=0.16-alpha=1.15-bmax=20-r=0.49-ru=10/config-528.txt.gz,1.15,0.16,74.0
SRRW-MARCELO-L=130-N=373483-phi=0.16-alpha=1.15-bmax=20-r=0.49-ru=10/config-529.txt.gz,1.15,0.16,85.0
SRRW-MARCELO-L=130-N=373483-phi=0.16-alpha=1.15-bmax=20-r=0.49-ru=10/config-53.txt.gz,1.15,0.16,74.0
SRRW-MARCELO-L=130-N=373483-phi=0.16-alpha=1.15-bmax=20-r=0.49-ru=10/config-530.txt.gz,1.15,0.16,74.0
SRRW-MARCELO-L=130-N=373483-phi=0.16-alpha=1.15-bmax=20-r=0.49-ru=10/config-531.txt.gz,1.15,0.16,63.0
SRRW-MARCELO-L=130-N=373483-phi=0.16-alpha=1.15-bmax=20-r=0.49-ru=10/config-532.txt.gz,1.15,0.16,60.0
SRRW-MARCELO-L=130-N=373483-phi=0.16-alpha=1.15-bmax=20-r=0.49-ru=10/config-533.txt.gz,1.15,0.16,82.0
SRRW-MARCELO-L=130-N=373483-phi=0.16-alpha=1.15-bmax=20-r=0.49-ru=10/config-534.txt.gz,1.15,0.16,67.0
SRRW-MARCELO-L=130-N=373483-phi=0.16-alpha=1.15-bmax=20-r=0.49-ru=10/config-535.txt.gz,1.15,0.16,67.0
SRRW-MARCELO-L=130-N=373483-phi=0.16-alpha=1.15-bmax=20-r=0.49-ru=10/config-536.txt.gz,1.15,0.16,92.0
SRRW-MARCELO-L=130-N=373483-phi=0.16-alpha=1.15-bmax=20-r=0.49-ru=10/config-537.txt.gz,1.15,0.16,67.0
SRRW-MARCELO-L=130-N=373483-phi=0.16-alpha=1.15-bmax=20-r=0.49-ru=10/config-538.txt.gz,1.15,0.16,70.0
SRRW-MARCELO-L=130-N=373483-phi=0.16-alpha=1.15-bmax=20-r=0.49-ru=10/config-539.txt.gz,1.15,0.16,75.0
SRRW-MARCELO-L=130-N=373483-phi=0.16-alpha=1.15-bmax=20-r=0.49-ru=10/config-54.txt.gz,1.15,0.16,65.0
SRRW-MARCELO-L=130-N=373483-phi=0.16-alpha=1.15-bmax=20-r=0.49-ru=10/config-540.txt.gz,1.15,0.16,71.0
SRRW-MARCELO-L=130-N=373483-phi=0.16-alpha=1.15-bmax=20-r=0.49-ru=10/config-541.txt.gz,1.15,0.16,69.0
SRRW-MARCELO-L=130-N=373483-phi=0.16-alpha=1.15-bmax=20-r=0.49-ru=10/config-542.txt.gz,1.15,0.16,79.0
SRRW-MARCELO-L=130-N=373483-phi=0.16-alpha=1.15-bmax=20-r=0.49-ru=10/config-543.txt.gz,1.15,0.16,72.0
SRRW-MARCELO-L=130-N=373483-phi=0.16-alpha=1.15-bmax=20-r=0.49-ru=10/config-544.txt.gz,1.15,0.16,81.0
SRRW-MARCELO-L=130-N=373483-phi=0.16-alpha=1.15-bmax=20-r=0.49-ru=10/config-545.txt.gz,1.15,0.16,66.0
SRRW-MARCELO-L=130-N=373483-phi=0.16-alpha=1.15-bmax=20-r=0.49-ru=10/config-546.txt.gz,1.15,0.16,78.0
SRRW-MARCELO-L=130-N=373483-phi=0.16-alpha=1.15-bmax=20-r=0.49-ru=10/config-547.txt.gz,1.15,0.16,84.0
SRRW-MARCELO-L=130-N=373483-phi=0.16-alpha=1.15-bmax=20-r=0.49-ru=10/config-548.txt.gz,1.15,0.16,57.0
SRRW-MARCELO-L=130-N=373483-phi=0.16-alpha=1.15-bmax=20-r=0.49-ru=10/config-549.txt.gz,1.15,0.16,68.0
SRRW-MARCELO-L=130-N=373483-phi=0.16-alpha=1.15-bmax=20-r=0.49-ru=10/config-55.txt.gz,1.15,0.16,73.0
SRRW-MARCELO-L=130-N=373483-phi=0.16-alpha=1.15-bmax=20-r=0.49-ru=10/config-550.txt.gz,1.15,0.16,86.0
SRRW-MARCELO-L=130-N=373483-phi=0.16-alpha=1.15-bmax=20-r=0.49-ru=10/config-551.txt.gz,1.15,0.16,71.0
SRRW-MARCELO-L=130-N=373483-phi=0.16-alpha=1.15-bmax=20-r=0.49-ru=10/config-552.txt.gz,1.15,0.16,76.0
SRRW-MARCELO-L=130-N=373483-phi=0.16-alpha=1.15-bmax=20-r=0.49-ru=10/config-553.txt.gz,1.15,0.16,73.0
SRRW-MARCELO-L=130-N=373483-phi=0.16-alpha=1.15-bmax=20-r=0.49-ru=10/config-554.txt.gz,1.15,0.16,66.0
SRRW-MARCELO-L=130-N=373483-phi=0.16-alpha=1.15-bmax=20-r=0.49-ru=10/config-555.txt.gz,1.15,0.16,79.0
SRRW-MARCELO-L=130-N=373483-phi=0.16-alpha=1.15-bmax=20-r=0.49-ru=10/config-556.txt.gz,1.15,0.16,68.0
SRRW-MARCELO-L=130-N=373483-phi=0.16-alpha=1.15-bmax=20-r=0.49-ru=10/config-557.txt.gz,1.15,0.16,52.0
SRRW-MARCELO-L=130-N=373483-phi=0.16-alpha=1.15-bmax=20-r=0.49-ru=10/config-558.txt.gz,1.15,0.16,84.0
SRRW-MARCELO-L=130-N=373483-phi=0.16-alpha=1.15-bmax=20-r=0.49-ru=10/config-559.txt.gz,1.15,0.16,75.0
SRRW-MARCELO-L=130-N=373483-phi=0.16-alpha=1.15-bmax=20-r=0.49-ru=10/config-56.txt.gz,1.15,0.16,76.0
SRRW-MARCELO-L=130-N=373483-phi=0.16-alpha=1.15-bmax=20-r=0.49-ru=10/config-560.txt.gz,1.15,0.16,74.0
SRRW-MARCELO-L=130-N=373483-phi=0.16-alpha=1.15-bmax=20-r=0.49-ru=10/config-561.txt.gz,1.15,0.16,79.0
SRRW-MARCELO-L=130-N=373483-phi=0.16-alpha=1.15-bmax=20-r=0.49-ru=10/config-562.txt.gz,1.15,0.16,68.0
SRRW-MARCELO-L=130-N=373483-phi=0.16-alpha=1.15-bmax=20-r=0.49-ru=10/config-563.txt.gz,1.15,0.16,77.0
SRRW-MARCELO-L=130-N=373483-phi=0.16-alpha=1.15-bmax=20-r=0.49-ru=10/config-564.txt.gz,1.15,0.16,80.0
SRRW-MARCELO-L=130-N=373483-phi=0.16-alpha=1.15-bmax=20-r=0.49-ru=10/config-565.txt.gz,1.15,0.16,71.0
SRRW-MARCELO-L=130-N=373483-phi=0.16-alpha=1.15-bmax=20-r=0.49-ru=10/config-566.txt.gz,1.15,0.16,69.0
SRRW-MARCELO-L=130-N=373483-phi=0.16-alpha=1.15-bmax=20-r=0.49-ru=10/config-567.txt.gz,1.15,0.16,69.0
SRRW-MARCELO-L=130-N=373483-phi=0.16-alpha=1.15-bmax=20-r=0.49-ru=10/config-568.txt.gz,1.15,0.16,79.0
SRRW-MARCELO-L=130-N=373483-phi=0.16-alpha=1.15-bmax=20-r=0.49-ru=10/config-569.txt.gz,1.15,0.16,69.0
SRRW-MARCELO-L=130-N=373483-phi=0.16-alpha=1.15-bmax=20-r=0.49-ru=10/config-57.txt.gz,1.15,0.16,63.0
SRRW-MARCELO-L=130-N=373483-phi=0.16-alpha=1.15-bmax=20-r=0.49-ru=10/config-570.txt.gz,1.15,0.16,56.0
SRRW-MARCELO-L=130-N=373483-phi=0.16-alpha=1.15-bmax=20-r=0.49-ru=10/config-571.txt.gz,1.15,0.16,88.0
SRRW-MARCELO-L=130-N=373483-phi=0.16-alpha=1.15-bmax=20-r=0.49-ru=10/config-572.txt.gz,1.15,0.16,101.0
SRRW-MARCELO-L=130-N=373483-phi=0.16-alpha=1.15-bmax=20-r=0.49-ru=10/config-573.txt.gz,1.15,0.16,78.0
SRRW-MARCELO-L=130-N=373483-phi=0.16-alpha=1.15-bmax=20-r=0.49-ru=10/config-574.txt.gz,1.15,0.16,70.0
SRRW-MARCELO-L=130-N=373483-phi=0.16-alpha=1.15-bmax=20-r=0.49-ru=10/config-575.txt.gz,1.15,0.16,75.0
SRRW-MARCELO-L=130-N=373483-phi=0.16-alpha=1.15-bmax=20-r=0.49-ru=10/config-576.txt.gz,1.15,0.16,65.0
SRRW-MARCELO-L=130-N=373483-phi=0.16-alpha=1.15-bmax=20-r=0.49-ru=10/config-577.txt.gz,1.15,0.16,88.0
SRRW-MARCELO-L=130-N=373483-phi=0.16-alpha=1.15-bmax=20-r=0.49-ru=10/config-578.txt.gz,1.15,0.16,77.0
SRRW-MARCELO-L=130-N=373483-phi=0.16-alpha=1.15-bmax=20-r=0.49-ru=10/config-579.txt.gz,1.15,0.16,74.0
SRRW-MARCELO-L=130-N=373483-phi=0.16-alpha=1.15-bmax=20-r=0.49-ru=10/config-58.txt.gz,1.15,0.16,71.0
SRRW-MARCELO-L=130-N=373483-phi=0.16-alpha=1.15-bmax=20-r=0.49-ru=10/config-580.txt.gz,1.15,0.16,67.0
SRRW-MARCELO-L=130-N=373483-phi=0.16-alpha=1.15-bmax=20-r=0.49-ru=10/config-581.txt.gz,1.15,0.16,90.0
SRRW-MARCELO-L=130-N=373483-phi=0.16-alpha=1.15-bmax=20-r=0.49-ru=10/config-582.txt.gz,1.15,0.16,83.0
SRRW-MARCELO-L=130-N=373483-phi=0.16-alpha=1.15-bmax=20-r=0.49-ru=10/config-583.txt.gz,1.15,0.16,66.0
SRRW-MARCELO-L=130-N=373483-phi=0.16-alpha=1.15-bmax=20-r=0.49-ru=10/config-584.txt.gz,1.15,0.16,75.0
SRRW-MARCELO-L=130-N=373483-phi=0.16-alpha=1.15-bmax=20-r=0.49-ru=10/config-585.txt.gz,1.15,0.16,69.0
SRRW-MARCELO-L=130-N=373483-phi=0.16-alpha=1.15-bmax=20-r=0.49-ru=10/config-586.txt.gz,1.15,0.16,62.0
SRRW-MARCELO-L=130-N=373483-phi=0.16-alpha=1.15-bmax=20-r=0.49-ru=10/config-587.txt.gz,1.15,0.16,67.0
SRRW-MARCELO-L=130-N=373483-phi=0.16-alpha=1.15-bmax=20-r=0.49-ru=10/config-588.txt.gz,1.15,0.16,78.0
SRRW-MARCELO-L=130-N=373483-phi=0.16-alpha=1.15-bmax=20-r=0.49-ru=10/config-589.txt.gz,1.15,0.16,69.0
SRRW-MARCELO-L=130-N=373483-phi=0.16-alpha=1.15-bmax=20-r=0.49-ru=10/config-59.txt.gz,1.15,0.16,70.0
SRRW-MARCELO-L=130-N=373483-phi=0.16-alpha=1.15-bmax=20-r=0.49-ru=10/config-590.txt.gz,1.15,0.16,71.0
SRRW-MARCELO-L=130-N=373483-phi=0.16-alpha=1.15-bmax=20-r=0.49-ru=10/config-591.txt.gz,1.15,0.16,68.0
SRRW-MARCELO-L=130-N=373483-phi=0.16-alpha=1.15-bmax=20-r=0.49-ru=10/config-592.txt.gz,1.15,0.16,77.0
SRRW-MARCELO-L=130-N=373483-phi=0.16-alpha=1.15-bmax=20-r=0.49-ru=10/config-593.txt.gz,1.15,0.16,72.0
SRRW-MARCELO-L=130-N=373483-phi=0.16-alpha=1.15-bmax=20-r=0.49-ru=10/config-594.txt.gz,1.15,0.16,77.0
SRRW-MARCELO-L=130-N=373483-phi=0.16-alpha=1.15-bmax=20-r=0.49-ru=10/config-595.txt.gz,1.15,0.16,66.0
SRRW-MARCELO-L=130-N=373483-phi=0.16-alpha=1.15-bmax=20-r=0.49-ru=10/config-596.txt.gz,1.15,0.16,82.0
SRRW-MARCELO-L=130-N=373483-phi=0.16-alpha=1.15-bmax=20-r=0.49-ru=10/config-597.txt.gz,1.15,0.16,81.0
SRRW-MARCELO-L=130-N=373483-phi=0.16-alpha=1.15-bmax=20-r=0.49-ru=10/config-598.txt.gz,1.15,0.16,82.0
SRRW-MARCELO-L=130-N=373483-phi=0.16-alpha=1.15-bmax=20-r=0.49-ru=10/config-599.txt.gz,1.15,0.16,69.0
SRRW-MARCELO-L=130-N=373483-phi=0.16-alpha=1.15-bmax=20-r=0.49-ru=10/config-6.txt.gz,1.15,0.16,70.0
SRRW-MARCELO-L=130-N=373483-phi=0.16-alpha=1.15-bmax=20-r=0.49-ru=10/config-60.txt.gz,1.15,0.16,74.0
SRRW-MARCELO-L=130-N=373483-phi=0.16-alpha=1.15-bmax=20-r=0.49-ru=10/config-600.txt.gz,1.15,0.16,66.0
SRRW-MARCELO-L=130-N=373483-phi=0.16-alpha=1.15-bmax=20-r=0.49-ru=10/config-601.txt.gz,1.15,0.16,66.0
SRRW-MARCELO-L=130-N=373483-phi=0.16-alpha=1.15-bmax=20-r=0.49-ru=10/config-602.txt.gz,1.15,0.16,90.0
SRRW-MARCELO-L=130-N=373483-phi=0.16-alpha=1.15-bmax=20-r=0.49-ru=10/config-603.txt.gz,1.15,0.16,78.0
SRRW-MARCELO-L=130-N=373483-phi=0.16-alpha=1.15-bmax=20-r=0.49-ru=10/config-604.txt.gz,1.15,0.16,75.0
SRRW-MARCELO-L=130-N=373483-phi=0.16-alpha=1.15-bmax=20-r=0.49-ru=10/config-605.txt.gz,1.15,0.16,92.0
SRRW-MARCELO-L=130-N=373483-phi=0.16-alpha=1.15-bmax=20-r=0.49-ru=10/config-606.txt.gz,1.15,0.16,63.0
SRRW-MARCELO-L=130-N=373483-phi=0.16-alpha=1.15-bmax=20-r=0.49-ru=10/config-607.txt.gz,1.15,0.16,82.0
SRRW-MARCELO-L=130-N=373483-phi=0.16-alpha=1.15-bmax=20-r=0.49-ru=10/config-608.txt.gz,1.15,0.16,70.0
SRRW-MARCELO-L=130-N=373483-phi=0.16-alpha=1.15-bmax=20-r=0.49-ru=10/config-609.txt.gz,1.15,0.16,74.0
SRRW-MARCELO-L=130-N=373483-phi=0.16-alpha=1.15-bmax=20-r=0.49-ru=10/config-61.txt.gz,1.15,0.16,89.0
SRRW-MARCELO-L=130-N=373483-phi=0.16-alpha=1.15-bmax=20-r=0.49-ru=10/config-610.txt.gz,1.15,0.16,66.0
SRRW-MARCELO-L=130-N=373483-phi=0.16-alpha=1.15-bmax=20-r=0.49-ru=10/config-611.txt.gz,1.15,0.16,89.0
SRRW-MARCELO-L=130-N=373483-phi=0.16-alpha=1.15-bmax=20-r=0.49-ru=10/config-612.txt.gz,1.15,0.16,71.0
SRRW-MARCELO-L=130-N=373483-phi=0.16-alpha=1.15-bmax=20-r=0.49-ru=10/config-613.txt.gz,1.15,0.16,76.0
SRRW-MARCELO-L=130-N=373483-phi=0.16-alpha=1.15-bmax=20-r=0.49-ru=10/config-614.txt.gz,1.15,0.16,61.0
SRRW-MARCELO-L=130-N=373483-phi=0.16-alpha=1.15-bmax=20-r=0.49-ru=10/config-615.txt.gz,1.15,0.16,83.0
SRRW-MARCELO-L=130-N=373483-phi=0.16-alpha=1.15-bmax=20-r=0.49-ru=10/config-616.txt.gz,1.15,0.16,66.0
SRRW-MARCELO-L=130-N=373483-phi=0.16-alpha=1.15-bmax=20-r=0.49-ru=10/config-617.txt.gz,1.15,0.16,74.0
SRRW-MARCELO-L=130-N=373483-phi=0.16-alpha=1.15-bmax=20-r=0.49-ru=10/config-618.txt.gz,1.15,0.16,78.0
SRRW-MARCELO-L=130-N=373483-phi=0.16-alpha=1.15-bmax=20-r=0.49-ru=10/config-619.txt.gz,1.15,0.16,84.0
SRRW-MARCELO-L=130-N=373483-phi=0.16-alpha=1.15-bmax=20-r=0.49-ru=10/config-62.txt.gz,1.15,0.16,74.0
SRRW-MARCELO-L=130-N=373483-phi=0.16-alpha=1.15-bmax=20-r=0.49-ru=10/config-620.txt.gz,1.15,0.16,65.0
SRRW-MARCELO-L=130-N=373483-phi=0.16-alpha=1.15-bmax=20-r=0.49-ru=10/config-621.txt.gz,1.15,0.16,64.0
SRRW-MARCELO-L=130-N=373483-phi=0.16-alpha=1.15-bmax=20-r=0.49-ru=10/config-622.txt.gz,1.15,0.16,80.0
SRRW-MARCELO-L=130-N=373483-phi=0.16-alpha=1.15-bmax=20-r=0.49-ru=10/config-623.txt.gz,1.15,0.16,78.0
SRRW-MARCELO-L=130-N=373483-phi=0.16-alpha=1.15-bmax=20-r=0.49-ru=10/config-624.txt.gz,1.15,0.16,79.0
SRRW-MARCELO-L=130-N=373483-phi=0.16-alpha=1.15-bmax=20-r=0.49-ru=10/config-625.txt.gz,1.15,0.16,72.0
SRRW-MARCELO-L=130-N=373483-phi=0.16-alpha=1.15-bmax=20-r=0.49-ru=10/config-626.txt.gz,1.15,0.16,69.0
SRRW-MARCELO-L=130-N=373483-phi=0.16-alpha=1.15-bmax=20-r=0.49-ru=10/config-627.txt.gz,1.15,0.16,76.0
SRRW-MARCELO-L=130-N=373483-phi=0.16-alpha=1.15-bmax=20-r=0.49-ru=10/config-628.txt.gz,1.15,0.16,75.0
SRRW-MARCELO-L=130-N=373483-phi=0.16-alpha=1.15-bmax=20-r=0.49-ru=10/config-629.txt.gz,1.15,0.16,81.0
SRRW-MARCELO-L=130-N=373483-phi=0.16-alpha=1.15-bmax=20-r=0.49-ru=10/config-63.txt.gz,1.15,0.16,74.0
SRRW-MARCELO-L=130-N=373483-phi=0.16-alpha=1.15-bmax=20-r=0.49-ru=10/config-630.txt.gz,1.15,0.16,67.0
SRRW-MARCELO-L=130-N=373483-phi=0.16-alpha=1.15-bmax=20-r=0.49-ru=10/config-631.txt.gz,1.15,0.16,81.0
SRRW-MARCELO-L=130-N=373483-phi=0.16-alpha=1.15-bmax=20-r=0.49-ru=10/config-632.txt.gz,1.15,0.16,81.0
SRRW-MARCELO-L=130-N=373483-phi=0.16-alpha=1.15-bmax=20-r=0.49-ru=10/config-633.txt.gz,1.15,0.16,76.0
SRRW-MARCELO-L=130-N=373483-phi=0.16-alpha=1.15-bmax=20-r=0.49-ru=10/config-634.txt.gz,1.15,0.16,62.0
SRRW-MARCELO-L=130-N=373483-phi=0.16-alpha=1.15-bmax=20-r=0.49-ru=10/config-635.txt.gz,1.15,0.16,80.0
SRRW-MARCELO-L=130-N=373483-phi=0.16-alpha=1.15-bmax=20-r=0.49-ru=10/config-636.txt.gz,1.15,0.16,74.0
SRRW-MARCELO-L=130-N=373483-phi=0.16-alpha=1.15-bmax=20-r=0.49-ru=10/config-637.txt.gz,1.15,0.16,68.0
SRRW-MARCELO-L=130-N=373483-phi=0.16-alpha=1.15-bmax=20-r=0.49-ru=10/config-638.txt.gz,1.15,0.16,78.0
SRRW-MARCELO-L=130-N=373483-phi=0.16-alpha=1.15-bmax=20-r=0.49-ru=10/config-639.txt.gz,1.15,0.16,84.0
SRRW-MARCELO-L=130-N=373483-phi=0.16-alpha=1.15-bmax=20-r=0.49-ru=10/config-64.txt.gz,1.15,0.16,88.0
SRRW-MARCELO-L=130-N=373483-phi=0.16-alpha=1.15-bmax=20-r=0.49-ru=10/config-640.txt.gz,1.15,0.16,74.0
SRRW-MARCELO-L=130-N=373483-phi=0.16-alpha=1.15-bmax=20-r=0.49-ru=10/config-641.txt.gz,1.15,0.16,69.0
SRRW-MARCELO-L=130-N=373483-phi=0.16-alpha=1.15-bmax=20-r=0.49-ru=10/config-642.txt.gz,1.15,0.16,70.0
SRRW-MARCELO-L=130-N=373483-phi=0.16-alpha=1.15-bmax=20-r=0.49-ru=10/config-643.txt.gz,1.15,0.16,72.0
SRRW-MARCELO-L=130-N=373483-phi=0.16-alpha=1.15-bmax=20-r=0.49-ru=10/config-644.txt.gz,1.15,0.16,73.0
SRRW-MARCELO-L=130-N=373483-phi=0.16-alpha=1.15-bmax=20-r=0.49-ru=10/config-645.txt.gz,1.15,0.16,76.0
SRRW-MARCELO-L=130-N=373483-phi=0.16-alpha=1.15-bmax=20-r=0.49-ru=10/config-646.txt.gz,1.15,0.16,75.0
SRRW-MARCELO-L=130-N=373483-phi=0.16-alpha=1.15-bmax=20-r=0.49-ru=10/config-647.txt.gz,1.15,0.16,73.0
SRRW-MARCELO-L=130-N=373483-phi=0.16-alpha=1.15-bmax=20-r=0.49-ru=10/config-648.txt.gz,1.15,0.16,70.0
SRRW-MARCELO-L=130-N=373483-phi=0.16-alpha=1.15-bmax=20-r=0.49-ru=10/config-649.txt.gz,1.15,0.16,74.0
SRRW-MARCELO-L=130-N=373483-phi=0.16-alpha=1.15-bmax=20-r=0.49-ru=10/config-65.txt.gz,1.15,0.16,82.0
SRRW-MARCELO-L=130-N=373483-phi=0.16-alpha=1.15-bmax=20-r=0.49-ru=10/config-650.txt.gz,1.15,0.16,68.0
SRRW-MARCELO-L=130-N=373483-phi=0.16-alpha=1.15-bmax=20-r=0.49-ru=10/config-651.txt.gz,1.15,0.16,76.0
SRRW-MARCELO-L=130-N=373483-phi=0.16-alpha=1.15-bmax=20-r=0.49-ru=10/config-652.txt.gz,1.15,0.16,61.0
SRRW-MARCELO-L=130-N=373483-phi=0.16-alpha=1.15-bmax=20-r=0.49-ru=10/config-653.txt.gz,1.15,0.16,77.0
SRRW-MARCELO-L=130-N=373483-phi=0.16-alpha=1.15-bmax=20-r=0.49-ru=10/config-654.txt.gz,1.15,0.16,73.0
SRRW-MARCELO-L=130-N=373483-phi=0.16-alpha=1.15-bmax=20-r=0.49-ru=10/config-655.txt.gz,1.15,0.16,86.0
SRRW-MARCELO-L=130-N=373483-phi=0.16-alpha=1.15-bmax=20-r=0.49-ru=10/config-656.txt.gz,1.15,0.16,74.0
SRRW-MARCELO-L=130-N=373483-phi=0.16-alpha=1.15-bmax=20-r=0.49-ru=10/config-657.txt.gz,1.15,0.16,98.0
SRRW-MARCELO-L=130-N=373483-phi=0.16-alpha=1.15-bmax=20-r=0.49-ru=10/config-658.txt.gz,1.15,0.16,73.0
SRRW-MARCELO-L=130-N=373483-phi=0.16-alpha=1.15-bmax=20-r=0.49-ru=10/config-659.txt.gz,1.15,0.16,80.0
SRRW-MARCELO-L=130-N=373483-phi=0.16-alpha=1.15-bmax=20-r=0.49-ru=10/config-66.txt.gz,1.15,0.16,77.0
SRRW-MARCELO-L=130-N=373483-phi=0.16-alpha=1.15-bmax=20-r=0.49-ru=10/config-660.txt.gz,1.15,0.16,72.0
SRRW-MARCELO-L=130-N=373483-phi=0.16-alpha=1.15-bmax=20-r=0.49-ru=10/config-661.txt.gz,1.15,0.16,83.0
SRRW-MARCELO-L=130-N=373483-phi=0.16-alpha=1.15-bmax=20-r=0.49-ru=10/config-662.txt.gz,1.15,0.16,64.0
SRRW-MARCELO-L=130-N=373483-phi=0.16-alpha=1.15-bmax=20-r=0.49-ru=10/config-663.txt.gz,1.15,0.16,91.0
SRRW-MARCELO-L=130-N=373483-phi=0.16-alpha=1.15-bmax=20-r=0.49-ru=10/config-664.txt.gz,1.15,0.16,86.0
SRRW-MARCELO-L=130-N=373483-phi=0.16-alpha=1.15-bmax=20-r=0.49-ru=10/config-665.txt.gz,1.15,0.16,83.0
SRRW-MARCELO-L=130-N=373483-phi=0.16-alpha=1.15-bmax=20-r=0.49-ru=10/config-666.txt.gz,1.15,0.16,77.0
SRRW-MARCELO-L=130-N=373483-phi=0.16-alpha=1.15-bmax=20-r=0.49-ru=10/config-667.txt.gz,1.15,0.16,75.0
SRRW-MARCELO-L=130-N=373483-phi=0.16-alpha=1.15-bmax=20-r=0.49-ru=10/config-668.txt.gz,1.15,0.16,86.0
SRRW-MARCELO-L=130-N=373483-phi=0.16-alpha=1.15-bmax=20-r=0.49-ru=10/config-669.txt.gz,1.15,0.16,65.0
SRRW-MARCELO-L=130-N=373483-phi=0.16-alpha=1.15-bmax=20-r=0.49-ru=10/config-67.txt.gz,1.15,0.16,82.0
SRRW-MARCELO-L=130-N=373483-phi=0.16-alpha=1.15-bmax=20-r=0.49-ru=10/config-670.txt.gz,1.15,0.16,78.0
SRRW-MARCELO-L=130-N=373483-phi=0.16-alpha=1.15-bmax=20-r=0.49-ru=10/config-671.txt.gz,1.15,0.16,76.0
SRRW-MARCELO-L=130-N=373483-phi=0.16-alpha=1.15-bmax=20-r=0.49-ru=10/config-672.txt.gz,1.15,0.16,77.0
SRRW-MARCELO-L=130-N=373483-phi=0.16-alpha=1.15-bmax=20-r=0.49-ru=10/config-673.txt.gz,1.15,0.16,67.0
SRRW-MARCELO-L=130-N=373483-phi=0.16-alpha=1.15-bmax=20-r=0.49-ru=10/config-674.txt.gz,1.15,0.16,87.0
SRRW-MARCELO-L=130-N=373483-phi=0.16-alpha=1.15-bmax=20-r=0.49-ru=10/config-675.txt.gz,1.15,0.16,62.0
SRRW-MARCELO-L=130-N=373483-phi=0.16-alpha=1.15-bmax=20-r=0.49-ru=10/config-676.txt.gz,1.15,0.16,79.0
SRRW-MARCELO-L=130-N=373483-phi=0.16-alpha=1.15-bmax=20-r=0.49-ru=10/config-677.txt.gz,1.15,0.16,80.0
SRRW-MARCELO-L=130-N=373483-phi=0.16-alpha=1.15-bmax=20-r=0.49-ru=10/config-678.txt.gz,1.15,0.16,74.0
SRRW-MARCELO-L=130-N=373483-phi=0.16-alpha=1.15-bmax=20-r=0.49-ru=10/config-679.txt.gz,1.15,0.16,78.0
SRRW-MARCELO-L=130-N=373483-phi=0.16-alpha=1.15-bmax=20-r=0.49-ru=10/config-68.txt.gz,1.15,0.16,62.0
SRRW-MARCELO-L=130-N=373483-phi=0.16-alpha=1.15-bmax=20-r=0.49-ru=10/config-680.txt.gz,1.15,0.16,68.0
SRRW-MARCELO-L=130-N=373483-phi=0.16-alpha=1.15-bmax=20-r=0.49-ru=10/config-681.txt.gz,1.15,0.16,62.0
SRRW-MARCELO-L=130-N=373483-phi=0.16-alpha=1.15-bmax=20-r=0.49-ru=10/config-682.txt.gz,1.15,0.16,65.0
SRRW-MARCELO-L=130-N=373483-phi=0.16-alpha=1.15-bmax=20-r=0.49-ru=10/config-683.txt.gz,1.15,0.16,82.0
SRRW-MARCELO-L=130-N=373483-phi=0.16-alpha=1.15-bmax=20-r=0.49-ru=10/config-684.txt.gz,1.15,0.16,85.0
SRRW-MARCELO-L=130-N=373483-phi=0.16-alpha=1.15-bmax=20-r=0.49-ru=10/config-685.txt.gz,1.15,0.16,76.0
SRRW-MARCELO-L=130-N=373483-phi=0.16-alpha=1.15-bmax=20-r=0.49-ru=10/config-686.txt.gz,1.15,0.16,76.0
SRRW-MARCELO-L=130-N=373483-phi=0.16-alpha=1.15-bmax=20-r=0.49-ru=10/config-687.txt.gz,1.15,0.16,83.0
SRRW-MARCELO-L=130-N=373483-phi=0.16-alpha=1.15-bmax=20-r=0.49-ru=10/config-688.txt.gz,1.15,0.16,86.0
SRRW-MARCELO-L=130-N=373483-phi=0.16-alpha=1.15-bmax=20-r=0.49-ru=10/config-689.txt.gz,1.15,0.16,65.0
SRRW-MARCELO-L=130-N=373483-phi=0.16-alpha=1.15-bmax=20-r=0.49-ru=10/config-69.txt.gz,1.15,0.16,70.0
SRRW-MARCELO-L=130-N=373483-phi=0.16-alpha=1.15-bmax=20-r=0.49-ru=10/config-690.txt.gz,1.15,0.16,73.0
SRRW-MARCELO-L=130-N=373483-phi=0.16-alpha=1.15-bmax=20-r=0.49-ru=10/config-691.txt.gz,1.15,0.16,78.0
SRRW-MARCELO-L=130-N=373483-phi=0.16-alpha=1.15-bmax=20-r=0.49-ru=10/config-692.txt.gz,1.15,0.16,79.0
SRRW-MARCELO-L=130-N=373483-phi=0.16-alpha=1.15-bmax=20-r=0.49-ru=10/config-693.txt.gz,1.15,0.16,62.0
SRRW-MARCELO-L=130-N=373483-phi=0.16-alpha=1.15-bmax=20-r=0.49-ru=10/config-694.txt.gz,1.15,0.16,81.0
SRRW-MARCELO-L=130-N=373483-phi=0.16-alpha=1.15-bmax=20-r=0.49-ru=10/config-695.txt.gz,1.15,0.16,69.0
SRRW-MARCELO-L=130-N=373483-phi=0.16-alpha=1.15-bmax=20-r=0.49-ru=10/config-696.txt.gz,1.15,0.16,74.0
SRRW-MARCELO-L=130-N=373483-phi=0.16-alpha=1.15-bmax=20-r=0.49-ru=10/config-697.txt.gz,1.15,0.16,73.0
SRRW-MARCELO-L=130-N=373483-phi=0.16-alpha=1.15-bmax=20-r=0.49-ru=10/config-698.txt.gz,1.15,0.16,85.0
SRRW-MARCELO-L=130-N=373483-phi=0.16-alpha=1.15-bmax=20-r=0.49-ru=10/config-699.txt.gz,1.15,0.16,64.0
SRRW-MARCELO-L=130-N=373483-phi=0.16-alpha=1.15-bmax=20-r=0.49-ru=10/config-7.txt.gz,1.15,0.16,50.0
SRRW-MARCELO-L=130-N=373483-phi=0.16-alpha=1.15-bmax=20-r=0.49-ru=10/config-70.txt.gz,1.15,0.16,86.0
SRRW-MARCELO-L=130-N=373483-phi=0.16-alpha=1.15-bmax=20-r=0.49-ru=10/config-700.txt.gz,1.15,0.16,91.0
SRRW-MARCELO-L=130-N=373483-phi=0.16-alpha=1.15-bmax=20-r=0.49-ru=10/config-701.txt.gz,1.15,0.16,89.0
SRRW-MARCELO-L=130-N=373483-phi=0.16-alpha=1.15-bmax=20-r=0.49-ru=10/config-702.txt.gz,1.15,0.16,66.0
SRRW-MARCELO-L=130-N=373483-phi=0.16-alpha=1.15-bmax=20-r=0.49-ru=10/config-703.txt.gz,1.15,0.16,71.0
SRRW-MARCELO-L=130-N=373483-phi=0.16-alpha=1.15-bmax=20-r=0.49-ru=10/config-704.txt.gz,1.15,0.16,81.0
SRRW-MARCELO-L=130-N=373483-phi=0.16-alpha=1.15-bmax=20-r=0.49-ru=10/config-705.txt.gz,1.15,0.16,86.0
SRRW-MARCELO-L=130-N=373483-phi=0.16-alpha=1.15-bmax=20-r=0.49-ru=10/config-706.txt.gz,1.15,0.16,64.0
SRRW-MARCELO-L=130-N=373483-phi=0.16-alpha=1.15-bmax=20-r=0.49-ru=10/config-707.txt.gz,1.15,0.16,70.0
SRRW-MARCELO-L=130-N=373483-phi=0.16-alpha=1.15-bmax=20-r=0.49-ru=10/config-708.txt.gz,1.15,0.16,83.0
SRRW-MARCELO-L=130-N=373483-phi=0.16-alpha=1.15-bmax=20-r=0.49-ru=10/config-709.txt.gz,1.15,0.16,68.0
SRRW-MARCELO-L=130-N=373483-phi=0.16-alpha=1.15-bmax=20-r=0.49-ru=10/config-71.txt.gz,1.15,0.16,74.0
SRRW-MARCELO-L=130-N=373483-phi=0.16-alpha=1.15-bmax=20-r=0.49-ru=10/config-710.txt.gz,1.15,0.16,76.0
SRRW-MARCELO-L=130-N=373483-phi=0.16-alpha=1.15-bmax=20-r=0.49-ru=10/config-711.txt.gz,1.15,0.16,71.0
SRRW-MARCELO-L=130-N=373483-phi=0.16-alpha=1.15-bmax=20-r=0.49-ru=10/config-712.txt.gz,1.15,0.16,88.0
SRRW-MARCELO-L=130-N=373483-phi=0.16-alpha=1.15-bmax=20-r=0.49-ru=10/config-713.txt.gz,1.15,0.16,88.0
SRRW-MARCELO-L=130-N=373483-phi=0.16-alpha=1.15-bmax=20-r=0.49-ru=10/config-714.txt.gz,1.15,0.16,73.0
SRRW-MARCELO-L=130-N=373483-phi=0.16-alpha=1.15-bmax=20-r=0.49-ru=10/config-715.txt.gz,1.15,0.16,68.0
SRRW-MARCELO-L=130-N=373483-phi=0.16-alpha=1.15-bmax=20-r=0.49-ru=10/config-716.txt.gz,1.15,0.16,76.0
SRRW-MARCELO-L=130-N=373483-phi=0.16-alpha=1.15-bmax=20-r=0.49-ru=10/config-717.txt.gz,1.15,0.16,96.0
SRRW-MARCELO-L=130-N=373483-phi=0.16-alpha=1.15-bmax=20-r=0.49-ru=10/config-718.txt.gz,1.15,0.16,76.0
SRRW-MARCELO-L=130-N=373483-phi=0.16-alpha=1.15-bmax=20-r=0.49-ru=10/config-719.txt.gz,1.15,0.16,56.0
SRRW-MARCELO-L=130-N=373483-phi=0.16-alpha=1.15-bmax=20-r=0.49-ru=10/config-72.txt.gz,1.15,0.16,82.0
SRRW-MARCELO-L=130-N=373483-phi=0.16-alpha=1.15-bmax=20-r=0.49-ru=10/config-720.txt.gz,1.15,0.16,80.0
SRRW-MARCELO-L=130-N=373483-phi=0.16-alpha=1.15-bmax=20-r=0.49-ru=10/config-721.txt.gz,1.15,0.16,67.0
SRRW-MARCELO-L=130-N=373483-phi=0.16-alpha=1.15-bmax=20-r=0.49-ru=10/config-722.txt.gz,1.15,0.16,74.0
SRRW-MARCELO-L=130-N=373483-phi=0.16-alpha=1.15-bmax=20-r=0.49-ru=10/config-723.txt.gz,1.15,0.16,81.0
SRRW-MARCELO-L=130-N=373483-phi=0.16-alpha=1.15-bmax=20-r=0.49-ru=10/config-724.txt.gz,1.15,0.16,63.0
SRRW-MARCELO-L=130-N=373483-phi=0.16-alpha=1.15-bmax=20-r=0.49-ru=10/config-725.txt.gz,1.15,0.16,73.0
SRRW-MARCELO-L=130-N=373483-phi=0.16-alpha=1.15-bmax=20-r=0.49-ru=10/config-726.txt.gz,1.15,0.16,84.0
SRRW-MARCELO-L=130-N=373483-phi=0.16-alpha=1.15-bmax=20-r=0.49-ru=10/config-727.txt.gz,1.15,0.16,83.0
SRRW-MARCELO-L=130-N=373483-phi=0.16-alpha=1.15-bmax=20-r=0.49-ru=10/config-728.txt.gz,1.15,0.16,76.0
SRRW-MARCELO-L=130-N=373483-phi=0.16-alpha=1.15-bmax=20-r=0.49-ru=10/config-729.txt.gz,1.15,0.16,76.0
SRRW-MARCELO-L=130-N=373483-phi=0.16-alpha=1.15-bmax=20-r=0.49-ru=10/config-73.txt.gz,1.15,0.16,82.0
SRRW-MARCELO-L=130-N=373483-phi=0.16-alpha=1.15-bmax=20-r=0.49-ru=10/config-730.txt.gz,1.15,0.16,66.0
SRRW-MARCELO-L=130-N=373483-phi=0.16-alpha=1.15-bmax=20-r=0.49-ru=10/config-731.txt.gz,1.15,0.16,82.0
SRRW-MARCELO-L=130-N=373483-phi=0.16-alpha=1.15-bmax=20-r=0.49-ru=10/config-732.txt.gz,1.15,0.16,73.0
SRRW-MARCELO-L=130-N=373483-phi=0.16-alpha=1.15-bmax=20-r=0.49-ru=10/config-733.txt.gz,1.15,0.16,67.0
SRRW-MARCELO-L=130-N=373483-phi=0.16-alpha=1.15-bmax=20-r=0.49-ru=10/config-734.txt.gz,1.15,0.16,59.0
SRRW-MARCELO-L=130-N=373483-phi=0.16-alpha=1.15-bmax=20-r=0.49-ru=10/config-735.txt.gz,1.15,0.16,65.0
SRRW-MARCELO-L=130-N=373483-phi=0.16-alpha=1.15-bmax=20-r=0.49-ru=10/config-736.txt.gz,1.15,0.16,74.0
SRRW-MARCELO-L=130-N=373483-phi=0.16-alpha=1.15-bmax=20-r=0.49-ru=10/config-737.txt.gz,1.15,0.16,67.0
SRRW-MARCELO-L=130-N=373483-phi=0.16-alpha=1.15-bmax=20-r=0.49-ru=10/config-738.txt.gz,1.15,0.16,83.0
SRRW-MARCELO-L=130-N=373483-phi=0.16-alpha=1.15-bmax=20-r=0.49-ru=10/config-739.txt.gz,1.15,0.16,79.0
SRRW-MARCELO-L=130-N=373483-phi=0.16-alpha=1.15-bmax=20-r=0.49-ru=10/config-74.txt.gz,1.15,0.16,55.0
SRRW-MARCELO-L=130-N=373483-phi=0.16-alpha=1.15-bmax=20-r=0.49-ru=10/config-740.txt.gz,1.15,0.16,75.0
SRRW-MARCELO-L=130-N=373483-phi=0.16-alpha=1.15-bmax=20-r=0.49-ru=10/config-741.txt.gz,1.15,0.16,78.0
SRRW-MARCELO-L=130-N=373483-phi=0.16-alpha=1.15-bmax=20-r=0.49-ru=10/config-742.txt.gz,1.15,0.16,70.0
SRRW-MARCELO-L=130-N=373483-phi=0.16-alpha=1.15-bmax=20-r=0.49-ru=10/config-743.txt.gz,1.15,0.16,70.0
SRRW-MARCELO-L=130-N=373483-phi=0.16-alpha=1.15-bmax=20-r=0.49-ru=10/config-744.txt.gz,1.15,0.16,78.0
SRRW-MARCELO-L=130-N=373483-phi=0.16-alpha=1.15-bmax=20-r=0.49-ru=10/config-745.txt.gz,1.15,0.16,78.0
SRRW-MARCELO-L=130-N=373483-phi=0.16-alpha=1.15-bmax=20-r=0.49-ru=10/config-746.txt.gz,1.15,0.16,59.0
SRRW-MARCELO-L=130-N=373483-phi=0.16-alpha=1.15-bmax=20-r=0.49-ru=10/config-747.txt.gz,1.15,0.16,72.0
SRRW-MARCELO-L=130-N=373483-phi=0.16-alpha=1.15-bmax=20-r=0.49-ru=10/config-748.txt.gz,1.15,0.16,88.0
SRRW-MARCELO-L=130-N=373483-phi=0.16-alpha=1.15-bmax=20-r=0.49-ru=10/config-749.txt.gz,1.15,0.16,75.0
SRRW-MARCELO-L=130-N=373483-phi=0.16-alpha=1.15-bmax=20-r=0.49-ru=10/config-75.txt.gz,1.15,0.16,49.0
SRRW-MARCELO-L=130-N=373483-phi=0.16-alpha=1.15-bmax=20-r=0.49-ru=10/config-750.txt.gz,1.15,0.16,77.0
SRRW-MARCELO-L=130-N=373483-phi=0.16-alpha=1.15-bmax=20-r=0.49-ru=10/config-751.txt.gz,1.15,0.16,86.0
SRRW-MARCELO-L=130-N=373483-phi=0.16-alpha=1.15-bmax=20-r=0.49-ru=10/config-752.txt.gz,1.15,0.16,94.0
SRRW-MARCELO-L=130-N=373483-phi=0.16-alpha=1.15-bmax=20-r=0.49-ru=10/config-753.txt.gz,1.15,0.16,68.0
SRRW-MARCELO-L=130-N=373483-phi=0.16-alpha=1.15-bmax=20-r=0.49-ru=10/config-754.txt.gz,1.15,0.16,75.0
SRRW-MARCELO-L=130-N=373483-phi=0.16-alpha=1.15-bmax=20-r=0.49-ru=10/config-755.txt.gz,1.15,0.16,69.0
SRRW-MARCELO-L=130-N=373483-phi=0.16-alpha=1.15-bmax=20-r=0.49-ru=10/config-756.txt.gz,1.15,0.16,80.0
SRRW-MARCELO-L=130-N=373483-phi=0.16-alpha=1.15-bmax=20-r=0.49-ru=10/config-757.txt.gz,1.15,0.16,83.0
SRRW-MARCELO-L=130-N=373483-phi=0.16-alpha=1.15-bmax=20-r=0.49-ru=10/config-758.txt.gz,1.15,0.16,73.0
SRRW-MARCELO-L=130-N=373483-phi=0.16-alpha=1.15-bmax=20-r=0.49-ru=10/config-759.txt.gz,1.15,0.16,75.0
SRRW-MARCELO-L=130-N=373483-phi=0.16-alpha=1.15-bmax=20-r=0.49-ru=10/config-76.txt.gz,1.15,0.16,69.0
SRRW-MARCELO-L=130-N=373483-phi=0.16-alpha=1.15-bmax=20-r=0.49-ru=10/config-760.txt.gz,1.15,0.16,68.0
SRRW-MARCELO-L=130-N=373483-phi=0.16-alpha=1.15-bmax=20-r=0.49-ru=10/config-761.txt.gz,1.15,0.16,89.0
SRRW-MARCELO-L=130-N=373483-phi=0.16-alpha=1.15-bmax=20-r=0.49-ru=10/config-762.txt.gz,1.15,0.16,90.0
SRRW-MARCELO-L=130-N=373483-phi=0.16-alpha=1.15-bmax=20-r=0.49-ru=10/config-763.txt.gz,1.15,0.16,88.0
SRRW-MARCELO-L=130-N=373483-phi=0.16-alpha=1.15-bmax=20-r=0.49-ru=10/config-764.txt.gz,1.15,0.16,72.0
SRRW-MARCELO-L=130-N=373483-phi=0.16-alpha=1.15-bmax=20-r=0.49-ru=10/config-765.txt.gz,1.15,0.16,66.0
SRRW-MARCELO-L=130-N=373483-phi=0.16-alpha=1.15-bmax=20-r=0.49-ru=10/config-766.txt.gz,1.15,0.16,92.0
SRRW-MARCELO-L=130-N=373483-phi=0.16-alpha=1.15-bmax=20-r=0.49-ru=10/config-767.txt.gz,1.15,0.16,71.0
SRRW-MARCELO-L=130-N=373483-phi=0.16-alpha=1.15-bmax=20-r=0.49-ru=10/config-768.txt.gz,1.15,0.16,95.0
SRRW-MARCELO-L=130-N=373483-phi=0.16-alpha=1.15-bmax=20-r=0.49-ru=10/config-769.txt.gz,1.15,0.16,76.0
SRRW-MARCELO-L=130-N=373483-phi=0.16-alpha=1.15-bmax=20-r=0.49-ru=10/config-77.txt.gz,1.15,0.16,69.0
SRRW-MARCELO-L=130-N=373483-phi=0.16-alpha=1.15-bmax=20-r=0.49-ru=10/config-770.txt.gz,1.15,0.16,81.0
SRRW-MARCELO-L=130-N=373483-phi=0.16-alpha=1.15-bmax=20-r=0.49-ru=10/config-771.txt.gz,1.15,0.16,86.0
SRRW-MARCELO-L=130-N=373483-phi=0.16-alpha=1.15-bmax=20-r=0.49-ru=10/config-772.txt.gz,1.15,0.16,66.0
SRRW-MARCELO-L=130-N=373483-phi=0.16-alpha=1.15-bmax=20-r=0.49-ru=10/config-773.txt.gz,1.15,0.16,85.0
SRRW-MARCELO-L=130-N=373483-phi=0.16-alpha=1.15-bmax=20-r=0.49-ru=10/config-774.txt.gz,1.15,0.16,71.0
SRRW-MARCELO-L=130-N=373483-phi=0.16-alpha=1.15-bmax=20-r=0.49-ru=10/config-775.txt.gz,1.15,0.16,59.0
SRRW-MARCELO-L=130-N=373483-phi=0.16-alpha=1.15-bmax=20-r=0.49-ru=10/config-776.txt.gz,1.15,0.16,72.0
SRRW-MARCELO-L=130-N=373483-phi=0.16-alpha=1.15-bmax=20-r=0.49-ru=10/config-777.txt.gz,1.15,0.16,65.0
SRRW-MARCELO-L=130-N=373483-phi=0.16-alpha=1.15-bmax=20-r=0.49-ru=10/config-778.txt.gz,1.15,0.16,71.0
SRRW-MARCELO-L=130-N=373483-phi=0.16-alpha=1.15-bmax=20-r=0.49-ru=10/config-779.txt.gz,1.15,0.16,87.0
SRRW-MARCELO-L=130-N=373483-phi=0.16-alpha=1.15-bmax=20-r=0.49-ru=10/config-78.txt.gz,1.15,0.16,70.0
SRRW-MARCELO-L=130-N=373483-phi=0.16-alpha=1.15-bmax=20-r=0.49-ru=10/config-780.txt.gz,1.15,0.16,77.0
SRRW-MARCELO-L=130-N=373483-phi=0.16-alpha=1.15-bmax=20-r=0.49-ru=10/config-781.txt.gz,1.15,0.16,67.0
SRRW-MARCELO-L=130-N=373483-phi=0.16-alpha=1.15-bmax=20-r=0.49-ru=10/config-782.txt.gz,1.15,0.16,68.0
SRRW-MARCELO-L=130-N=373483-phi=0.16-alpha=1.15-bmax=20-r=0.49-ru=10/config-783.txt.gz,1.15,0.16,64.0
SRRW-MARCELO-L=130-N=373483-phi=0.16-alpha=1.15-bmax=20-r=0.49-ru=10/config-784.txt.gz,1.15,0.16,81.0
SRRW-MARCELO-L=130-N=373483-phi=0.16-alpha=1.15-bmax=20-r=0.49-ru=10/config-785.txt.gz,1.15,0.16,76.0
SRRW-MARCELO-L=130-N=373483-phi=0.16-alpha=1.15-bmax=20-r=0.49-ru=10/config-786.txt.gz,1.15,0.16,72.0
SRRW-MARCELO-L=130-N=373483-phi=0.16-alpha=1.15-bmax=20-r=0.49-ru=10/config-787.txt.gz,1.15,0.16,86.0
SRRW-MARCELO-L=130-N=373483-phi=0.16-alpha=1.15-bmax=20-r=0.49-ru=10/config-788.txt.gz,1.15,0.16,73.0
SRRW-MARCELO-L=130-N=373483-phi=0.16-alpha=1.15-bmax=20-r=0.49-ru=10/config-789.txt.gz,1.15,0.16,76.0
SRRW-MARCELO-L=130-N=373483-phi=0.16-alpha=1.15-bmax=20-r=0.49-ru=10/config-79.txt.gz,1.15,0.16,86.0
SRRW-MARCELO-L=130-N=373483-phi=0.16-alpha=1.15-bmax=20-r=0.49-ru=10/config-790.txt.gz,1.15,0.16,76.0
SRRW-MARCELO-L=130-N=373483-phi=0.16-alpha=1.15-bmax=20-r=0.49-ru=10/config-791.txt.gz,1.15,0.16,71.0
SRRW-MARCELO-L=130-N=373483-phi=0.16-alpha=1.15-bmax=20-r=0.49-ru=10/config-792.txt.gz,1.15,0.16,85.0
SRRW-MARCELO-L=130-N=373483-phi=0.16-alpha=1.15-bmax=20-r=0.49-ru=10/config-793.txt.gz,1.15,0.16,69.0
SRRW-MARCELO-L=130-N=373483-phi=0.16-alpha=1.15-bmax=20-r=0.49-ru=10/config-794.txt.gz,1.15,0.16,80.0
SRRW-MARCELO-L=130-N=373483-phi=0.16-alpha=1.15-bmax=20-r=0.49-ru=10/config-795.txt.gz,1.15,0.16,61.0
SRRW-MARCELO-L=130-N=373483-phi=0.16-alpha=1.15-bmax=20-r=0.49-ru=10/config-796.txt.gz,1.15,0.16,83.0
SRRW-MARCELO-L=130-N=373483-phi=0.16-alpha=1.15-bmax=20-r=0.49-ru=10/config-797.txt.gz,1.15,0.16,77.0
SRRW-MARCELO-L=130-N=373483-phi=0.16-alpha=1.15-bmax=20-r=0.49-ru=10/config-798.txt.gz,1.15,0.16,87.0
SRRW-MARCELO-L=130-N=373483-phi=0.16-alpha=1.15-bmax=20-r=0.49-ru=10/config-799.txt.gz,1.15,0.16,76.0
SRRW-MARCELO-L=130-N=373483-phi=0.16-alpha=1.15-bmax=20-r=0.49-ru=10/config-8.txt.gz,1.15,0.16,71.0
SRRW-MARCELO-L=130-N=373483-phi=0.16-alpha=1.15-bmax=20-r=0.49-ru=10/config-80.txt.gz,1.15,0.16,82.0
SRRW-MARCELO-L=130-N=373483-phi=0.16-alpha=1.15-bmax=20-r=0.49-ru=10/config-800.txt.gz,1.15,0.16,68.0
SRRW-MARCELO-L=130-N=373483-phi=0.16-alpha=1.15-bmax=20-r=0.49-ru=10/config-801.txt.gz,1.15,0.16,73.0
SRRW-MARCELO-L=130-N=373483-phi=0.16-alpha=1.15-bmax=20-r=0.49-ru=10/config-802.txt.gz,1.15,0.16,79.0
SRRW-MARCELO-L=130-N=373483-phi=0.16-alpha=1.15-bmax=20-r=0.49-ru=10/config-803.txt.gz,1.15,0.16,81.0
SRRW-MARCELO-L=130-N=373483-phi=0.16-alpha=1.15-bmax=20-r=0.49-ru=10/config-804.txt.gz,1.15,0.16,92.0
SRRW-MARCELO-L=130-N=373483-phi=0.16-alpha=1.15-bmax=20-r=0.49-ru=10/config-805.txt.gz,1.15,0.16,91.0
SRRW-MARCELO-L=130-N=373483-phi=0.16-alpha=1.15-bmax=20-r=0.49-ru=10/config-806.txt.gz,1.15,0.16,89.0
SRRW-MARCELO-L=130-N=373483-phi=0.16-alpha=1.15-bmax=20-r=0.49-ru=10/config-807.txt.gz,1.15,0.16,81.0
SRRW-MARCELO-L=130-N=373483-phi=0.16-alpha=1.15-bmax=20-r=0.49-ru=10/config-808.txt.gz,1.15,0.16,79.0
SRRW-MARCELO-L=130-N=373483-phi=0.16-alpha=1.15-bmax=20-r=0.49-ru=10/config-809.txt.gz,1.15,0.16,63.0
SRRW-MARCELO-L=130-N=373483-phi=0.16-alpha=1.15-bmax=20-r=0.49-ru=10/config-81.txt.gz,1.15,0.16,78.0
SRRW-MARCELO-L=130-N=373483-phi=0.16-alpha=1.15-bmax=20-r=0.49-ru=10/config-810.txt.gz,1.15,0.16,67.0
SRRW-MARCELO-L=130-N=373483-phi=0.16-alpha=1.15-bmax=20-r=0.49-ru=10/config-811.txt.gz,1.15,0.16,68.0
SRRW-MARCELO-L=130-N=373483-phi=0.16-alpha=1.15-bmax=20-r=0.49-ru=10/config-812.txt.gz,1.15,0.16,72.0
SRRW-MARCELO-L=130-N=373483-phi=0.16-alpha=1.15-bmax=20-r=0.49-ru=10/config-813.txt.gz,1.15,0.16,66.0
SRRW-MARCELO-L=130-N=373483-phi=0.16-alpha=1.15-bmax=20-r=0.49-ru=10/config-814.txt.gz,1.15,0.16,82.0
SRRW-MARCELO-L=130-N=373483-phi=0.16-alpha=1.15-bmax=20-r=0.49-ru=10/config-815.txt.gz,1.15,0.16,80.0
SRRW-MARCELO-L=130-N=373483-phi=0.16-alpha=1.15-bmax=20-r=0.49-ru=10/config-816.txt.gz,1.15,0.16,87.0
SRRW-MARCELO-L=130-N=373483-phi=0.16-alpha=1.15-bmax=20-r=0.49-ru=10/config-817.txt.gz,1.15,0.16,78.0
SRRW-MARCELO-L=130-N=373483-phi=0.16-alpha=1.15-bmax=20-r=0.49-ru=10/config-818.txt.gz,1.15,0.16,85.0
SRRW-MARCELO-L=130-N=373483-phi=0.16-alpha=1.15-bmax=20-r=0.49-ru=10/config-819.txt.gz,1.15,0.16,73.0
SRRW-MARCELO-L=130-N=373483-phi=0.16-alpha=1.15-bmax=20-r=0.49-ru=10/config-82.txt.gz,1.15,0.16,66.0
SRRW-MARCELO-L=130-N=373483-phi=0.16-alpha=1.15-bmax=20-r=0.49-ru=10/config-820.txt.gz,1.15,0.16,76.0
SRRW-MARCELO-L=130-N=373483-phi=0.16-alpha=1.15-bmax=20-r=0.49-ru=10/config-821.txt.gz,1.15,0.16,75.0
SRRW-MARCELO-L=130-N=373483-phi=0.16-alpha=1.15-bmax=20-r=0.49-ru=10/config-822.txt.gz,1.15,0.16,87.0
SRRW-MARCELO-L=130-N=373483-phi=0.16-alpha=1.15-bmax=20-r=0.49-ru=10/config-823.txt.gz,1.15,0.16,71.0
SRRW-MARCELO-L=130-N=373483-phi=0.16-alpha=1.15-bmax=20-r=0.49-ru=10/config-824.txt.gz,1.15,0.16,60.0
SRRW-MARCELO-L=130-N=373483-phi=0.16-alpha=1.15-bmax=20-r=0.49-ru=10/config-825.txt.gz,1.15,0.16,79.0
SRRW-MARCELO-L=130-N=373483-phi=0.16-alpha=1.15-bmax=20-r=0.49-ru=10/config-826.txt.gz,1.15,0.16,99.0
SRRW-MARCELO-L=130-N=373483-phi=0.16-alpha=1.15-bmax=20-r=0.49-ru=10/config-827.txt.gz,1.15,0.16,76.0
SRRW-MARCELO-L=130-N=373483-phi=0.16-alpha=1.15-bmax=20-r=0.49-ru=10/config-828.txt.gz,1.15,0.16,83.0
SRRW-MARCELO-L=130-N=373483-phi=0.16-alpha=1.15-bmax=20-r=0.49-ru=10/config-829.txt.gz,1.15,0.16,84.0
SRRW-MARCELO-L=130-N=373483-phi=0.16-alpha=1.15-bmax=20-r=0.49-ru=10/config-83.txt.gz,1.15,0.16,67.0
SRRW-MARCELO-L=130-N=373483-phi=0.16-alpha=1.15-bmax=20-r=0.49-ru=10/config-830.txt.gz,1.15,0.16,81.0
SRRW-MARCELO-L=130-N=373483-phi=0.16-alpha=1.15-bmax=20-r=0.49-ru=10/config-831.txt.gz,1.15,0.16,84.0
SRRW-MARCELO-L=130-N=373483-phi=0.16-alpha=1.15-bmax=20-r=0.49-ru=10/config-832.txt.gz,1.15,0.16,79.0
SRRW-MARCELO-L=130-N=373483-phi=0.16-alpha=1.15-bmax=20-r=0.49-ru=10/config-833.txt.gz,1.15,0.16,56.0
SRRW-MARCELO-L=130-N=373483-phi=0.16-alpha=1.15-bmax=20-r=0.49-ru=10/config-834.txt.gz,1.15,0.16,66.0
SRRW-MARCELO-L=130-N=373483-phi=0.16-alpha=1.15-bmax=20-r=0.49-ru=10/config-835.txt.gz,1.15,0.16,76.0
SRRW-MARCELO-L=130-N=373483-phi=0.16-alpha=1.15-bmax=20-r=0.49-ru=10/config-836.txt.gz,1.15,0.16,75.0
SRRW-MARCELO-L=130-N=373483-phi=0.16-alpha=1.15-bmax=20-r=0.49-ru=10/config-837.txt.gz,1.15,0.16,64.0
SRRW-MARCELO-L=130-N=373483-phi=0.16-alpha=1.15-bmax=20-r=0.49-ru=10/config-838.txt.gz,1.15,0.16,78.0
SRRW-MARCELO-L=130-N=373483-phi=0.16-alpha=1.15-bmax=20-r=0.49-ru=10/config-839.txt.gz,1.15,0.16,66.0
SRRW-MARCELO-L=130-N=373483-phi=0.16-alpha=1.15-bmax=20-r=0.49-ru=10/config-84.txt.gz,1.15,0.16,53.0
SRRW-MARCELO-L=130-N=373483-phi=0.16-alpha=1.15-bmax=20-r=0.49-ru=10/config-840.txt.gz,1.15,0.16,71.0
SRRW-MARCELO-L=130-N=373483-phi=0.16-alpha=1.15-bmax=20-r=0.49-ru=10/config-841.txt.gz,1.15,0.16,67.0
SRRW-MARCELO-L=130-N=373483-phi=0.16-alpha=1.15-bmax=20-r=0.49-ru=10/config-842.txt.gz,1.15,0.16,82.0
SRRW-MARCELO-L=130-N=373483-phi=0.16-alpha=1.15-bmax=20-r=0.49-ru=10/config-843.txt.gz,1.15,0.16,77.0
SRRW-MARCELO-L=130-N=373483-phi=0.16-alpha=1.15-bmax=20-r=0.49-ru=10/config-844.txt.gz,1.15,0.16,79.0
SRRW-MARCELO-L=130-N=373483-phi=0.16-alpha=1.15-bmax=20-r=0.49-ru=10/config-845.txt.gz,1.15,0.16,73.0
SRRW-MARCELO-L=130-N=373483-phi=0.16-alpha=1.15-bmax=20-r=0.49-ru=10/config-846.txt.gz,1.15,0.16,89.0
SRRW-MARCELO-L=130-N=373483-phi=0.16-alpha=1.15-bmax=20-r=0.49-ru=10/config-847.txt.gz,1.15,0.16,69.0
SRRW-MARCELO-L=130-N=373483-phi=0.16-alpha=1.15-bmax=20-r=0.49-ru=10/config-848.txt.gz,1.15,0.16,78.0
SRRW-MARCELO-L=130-N=373483-phi=0.16-alpha=1.15-bmax=20-r=0.49-ru=10/config-849.txt.gz,1.15,0.16,61.0
SRRW-MARCELO-L=130-N=373483-phi=0.16-alpha=1.15-bmax=20-r=0.49-ru=10/config-85.txt.gz,1.15,0.16,66.0
SRRW-MARCELO-L=130-N=373483-phi=0.16-alpha=1.15-bmax=20-r=0.49-ru=10/config-850.txt.gz,1.15,0.16,72.0
SRRW-MARCELO-L=130-N=373483-phi=0.16-alpha=1.15-bmax=20-r=0.49-ru=10/config-851.txt.gz,1.15,0.16,63.0
SRRW-MARCELO-L=130-N=373483-phi=0.16-alpha=1.15-bmax=20-r=0.49-ru=10/config-852.txt.gz,1.15,0.16,83.0
SRRW-MARCELO-L=130-N=373483-phi=0.16-alpha=1.15-bmax=20-r=0.49-ru=10/config-853.txt.gz,1.15,0.16,82.0
SRRW-MARCELO-L=130-N=373483-phi=0.16-alpha=1.15-bmax=20-r=0.49-ru=10/config-854.txt.gz,1.15,0.16,74.0
SRRW-MARCELO-L=130-N=373483-phi=0.16-alpha=1.15-bmax=20-r=0.49-ru=10/config-855.txt.gz,1.15,0.16,80.0
SRRW-MARCELO-L=130-N=373483-phi=0.16-alpha=1.15-bmax=20-r=0.49-ru=10/config-856.txt.gz,1.15,0.16,80.0
SRRW-MARCELO-L=130-N=373483-phi=0.16-alpha=1.15-bmax=20-r=0.49-ru=10/config-857.txt.gz,1.15,0.16,79.0
SRRW-MARCELO-L=130-N=373483-phi=0.16-alpha=1.15-bmax=20-r=0.49-ru=10/config-858.txt.gz,1.15,0.16,85.0
SRRW-MARCELO-L=130-N=373483-phi=0.16-alpha=1.15-bmax=20-r=0.49-ru=10/config-859.txt.gz,1.15,0.16,84.0
SRRW-MARCELO-L=130-N=373483-phi=0.16-alpha=1.15-bmax=20-r=0.49-ru=10/config-86.txt.gz,1.15,0.16,81.0
SRRW-MARCELO-L=130-N=373483-phi=0.16-alpha=1.15-bmax=20-r=0.49-ru=10/config-860.txt.gz,1.15,0.16,67.0
SRRW-MARCELO-L=130-N=373483-phi=0.16-alpha=1.15-bmax=20-r=0.49-ru=10/config-861.txt.gz,1.15,0.16,75.0
SRRW-MARCELO-L=130-N=373483-phi=0.16-alpha=1.15-bmax=20-r=0.49-ru=10/config-862.txt.gz,1.15,0.16,69.0
SRRW-MARCELO-L=130-N=373483-phi=0.16-alpha=1.15-bmax=20-r=0.49-ru=10/config-863.txt.gz,1.15,0.16,79.0
SRRW-MARCELO-L=130-N=373483-phi=0.16-alpha=1.15-bmax=20-r=0.49-ru=10/config-864.txt.gz,1.15,0.16,67.0
SRRW-MARCELO-L=130-N=373483-phi=0.16-alpha=1.15-bmax=20-r=0.49-ru=10/config-865.txt.gz,1.15,0.16,84.0
SRRW-MARCELO-L=130-N=373483-phi=0.16-alpha=1.15-bmax=20-r=0.49-ru=10/config-866.txt.gz,1.15,0.16,76.0
SRRW-MARCELO-L=130-N=373483-phi=0.16-alpha=1.15-bmax=20-r=0.49-ru=10/config-867.txt.gz,1.15,0.16,85.0
SRRW-MARCELO-L=130-N=373483-phi=0.16-alpha=1.15-bmax=20-r=0.49-ru=10/config-868.txt.gz,1.15,0.16,74.0
SRRW-MARCELO-L=130-N=373483-phi=0.16-alpha=1.15-bmax=20-r=0.49-ru=10/config-869.txt.gz,1.15,0.16,71.0
SRRW-MARCELO-L=130-N=373483-phi=0.16-alpha=1.15-bmax=20-r=0.49-ru=10/config-87.txt.gz,1.15,0.16,73.0
SRRW-MARCELO-L=130-N=373483-phi=0.16-alpha=1.15-bmax=20-r=0.49-ru=10/config-870.txt.gz,1.15,0.16,74.0
SRRW-MARCELO-L=130-N=373483-phi=0.16-alpha=1.15-bmax=20-r=0.49-ru=10/config-871.txt.gz,1.15,0.16,78.0
SRRW-MARCELO-L=130-N=373483-phi=0.16-alpha=1.15-bmax=20-r=0.49-ru=10/config-872.txt.gz,1.15,0.16,72.0
SRRW-MARCELO-L=130-N=373483-phi=0.16-alpha=1.15-bmax=20-r=0.49-ru=10/config-873.txt.gz,1.15,0.16,77.0
SRRW-MARCELO-L=130-N=373483-phi=0.16-alpha=1.15-bmax=20-r=0.49-ru=10/config-874.txt.gz,1.15,0.16,84.0
SRRW-MARCELO-L=130-N=373483-phi=0.16-alpha=1.15-bmax=20-r=0.49-ru=10/config-875.txt.gz,1.15,0.16,79.0
SRRW-MARCELO-L=130-N=373483-phi=0.16-alpha=1.15-bmax=20-r=0.49-ru=10/config-876.txt.gz,1.15,0.16,71.0
SRRW-MARCELO-L=130-N=373483-phi=0.16-alpha=1.15-bmax=20-r=0.49-ru=10/config-877.txt.gz,1.15,0.16,85.0
SRRW-MARCELO-L=130-N=373483-phi=0.16-alpha=1.15-bmax=20-r=0.49-ru=10/config-878.txt.gz,1.15,0.16,79.0
SRRW-MARCELO-L=130-N=373483-phi=0.16-alpha=1.15-bmax=20-r=0.49-ru=10/config-879.txt.gz,1.15,0.16,80.0
SRRW-MARCELO-L=130-N=373483-phi=0.16-alpha=1.15-bmax=20-r=0.49-ru=10/config-88.txt.gz,1.15,0.16,71.0
SRRW-MARCELO-L=130-N=373483-phi=0.16-alpha=1.15-bmax=20-r=0.49-ru=10/config-880.txt.gz,1.15,0.16,74.0
SRRW-MARCELO-L=130-N=373483-phi=0.16-alpha=1.15-bmax=20-r=0.49-ru=10/config-881.txt.gz,1.15,0.16,80.0
SRRW-MARCELO-L=130-N=373483-phi=0.16-alpha=1.15-bmax=20-r=0.49-ru=10/config-882.txt.gz,1.15,0.16,69.0
SRRW-MARCELO-L=130-N=373483-phi=0.16-alpha=1.15-bmax=20-r=0.49-ru=10/config-883.txt.gz,1.15,0.16,83.0
SRRW-MARCELO-L=130-N=373483-phi=0.16-alpha=1.15-bmax=20-r=0.49-ru=10/config-884.txt.gz,1.15,0.16,84.0
SRRW-MARCELO-L=130-N=373483-phi=0.16-alpha=1.15-bmax=20-r=0.49-ru=10/config-885.txt.gz,1.15,0.16,74.0
SRRW-MARCELO-L=130-N=373483-phi=0.16-alpha=1.15-bmax=20-r=0.49-ru=10/config-886.txt.gz,1.15,0.16,87.0
SRRW-MARCELO-L=130-N=373483-phi=0.16-alpha=1.15-bmax=20-r=0.49-ru=10/config-887.txt.gz,1.15,0.16,80.0
SRRW-MARCELO-L=130-N=373483-phi=0.16-alpha=1.15-bmax=20-r=0.49-ru=10/config-888.txt.gz,1.15,0.16,76.0
SRRW-MARCELO-L=130-N=373483-phi=0.16-alpha=1.15-bmax=20-r=0.49-ru=10/config-889.txt.gz,1.15,0.16,76.0
SRRW-MARCELO-L=130-N=373483-phi=0.16-alpha=1.15-bmax=20-r=0.49-ru=10/config-89.txt.gz,1.15,0.16,85.0
SRRW-MARCELO-L=130-N=373483-phi=0.16-alpha=1.15-bmax=20-r=0.49-ru=10/config-890.txt.gz,1.15,0.16,73.0
SRRW-MARCELO-L=130-N=373483-phi=0.16-alpha=1.15-bmax=20-r=0.49-ru=10/config-891.txt.gz,1.15,0.16,79.0
SRRW-MARCELO-L=130-N=373483-phi=0.16-alpha=1.15-bmax=20-r=0.49-ru=10/config-892.txt.gz,1.15,0.16,63.0
SRRW-MARCELO-L=130-N=373483-phi=0.16-alpha=1.15-bmax=20-r=0.49-ru=10/config-893.txt.gz,1.15,0.16,79.0
SRRW-MARCELO-L=130-N=373483-phi=0.16-alpha=1.15-bmax=20-r=0.49-ru=10/config-894.txt.gz,1.15,0.16,78.0
SRRW-MARCELO-L=130-N=373483-phi=0.16-alpha=1.15-bmax=20-r=0.49-ru=10/config-895.txt.gz,1.15,0.16,63.0
SRRW-MARCELO-L=130-N=373483-phi=0.16-alpha=1.15-bmax=20-r=0.49-ru=10/config-896.txt.gz,1.15,0.16,67.0
SRRW-MARCELO-L=130-N=373483-phi=0.16-alpha=1.15-bmax=20-r=0.49-ru=10/config-897.txt.gz,1.15,0.16,66.0
SRRW-MARCELO-L=130-N=373483-phi=0.16-alpha=1.15-bmax=20-r=0.49-ru=10/config-898.txt.gz,1.15,0.16,77.0
SRRW-MARCELO-L=130-N=373483-phi=0.16-alpha=1.15-bmax=20-r=0.49-ru=10/config-899.txt.gz,1.15,0.16,53.0
SRRW-MARCELO-L=130-N=373483-phi=0.16-alpha=1.15-bmax=20-r=0.49-ru=10/config-9.txt.gz,1.15,0.16,57.0
SRRW-MARCELO-L=130-N=373483-phi=0.16-alpha=1.15-bmax=20-r=0.49-ru=10/config-90.txt.gz,1.15,0.16,73.0
SRRW-MARCELO-L=130-N=373483-phi=0.16-alpha=1.15-bmax=20-r=0.49-ru=10/config-900.txt.gz,1.15,0.16,81.0
SRRW-MARCELO-L=130-N=373483-phi=0.16-alpha=1.15-bmax=20-r=0.49-ru=10/config-901.txt.gz,1.15,0.16,92.0
SRRW-MARCELO-L=130-N=373483-phi=0.16-alpha=1.15-bmax=20-r=0.49-ru=10/config-902.txt.gz,1.15,0.16,68.0
SRRW-MARCELO-L=130-N=373483-phi=0.16-alpha=1.15-bmax=20-r=0.49-ru=10/config-903.txt.gz,1.15,0.16,59.0
SRRW-MARCELO-L=130-N=373483-phi=0.16-alpha=1.15-bmax=20-r=0.49-ru=10/config-904.txt.gz,1.15,0.16,65.0
SRRW-MARCELO-L=130-N=373483-phi=0.16-alpha=1.15-bmax=20-r=0.49-ru=10/config-905.txt.gz,1.15,0.16,83.0
SRRW-MARCELO-L=130-N=373483-phi=0.16-alpha=1.15-bmax=20-r=0.49-ru=10/config-906.txt.gz,1.15,0.16,82.0
SRRW-MARCELO-L=130-N=373483-phi=0.16-alpha=1.15-bmax=20-r=0.49-ru=10/config-907.txt.gz,1.15,0.16,65.0
SRRW-MARCELO-L=130-N=373483-phi=0.16-alpha=1.15-bmax=20-r=0.49-ru=10/config-908.txt.gz,1.15,0.16,73.0
SRRW-MARCELO-L=130-N=373483-phi=0.16-alpha=1.15-bmax=20-r=0.49-ru=10/config-909.txt.gz,1.15,0.16,69.0
SRRW-MARCELO-L=130-N=373483-phi=0.16-alpha=1.15-bmax=20-r=0.49-ru=10/config-91.txt.gz,1.15,0.16,66.0
SRRW-MARCELO-L=130-N=373483-phi=0.16-alpha=1.15-bmax=20-r=0.49-ru=10/config-910.txt.gz,1.15,0.16,78.0
SRRW-MARCELO-L=130-N=373483-phi=0.16-alpha=1.15-bmax=20-r=0.49-ru=10/config-911.txt.gz,1.15,0.16,70.0
SRRW-MARCELO-L=130-N=373483-phi=0.16-alpha=1.15-bmax=20-r=0.49-ru=10/config-912.txt.gz,1.15,0.16,94.0
SRRW-MARCELO-L=130-N=373483-phi=0.16-alpha=1.15-bmax=20-r=0.49-ru=10/config-913.txt.gz,1.15,0.16,76.0
SRRW-MARCELO-L=130-N=373483-phi=0.16-alpha=1.15-bmax=20-r=0.49-ru=10/config-914.txt.gz,1.15,0.16,63.0
SRRW-MARCELO-L=130-N=373483-phi=0.16-alpha=1.15-bmax=20-r=0.49-ru=10/config-915.txt.gz,1.15,0.16,62.0
SRRW-MARCELO-L=130-N=373483-phi=0.16-alpha=1.15-bmax=20-r=0.49-ru=10/config-916.txt.gz,1.15,0.16,53.0
SRRW-MARCELO-L=130-N=373483-phi=0.16-alpha=1.15-bmax=20-r=0.49-ru=10/config-917.txt.gz,1.15,0.16,69.0
SRRW-MARCELO-L=130-N=373483-phi=0.16-alpha=1.15-bmax=20-r=0.49-ru=10/config-918.txt.gz,1.15,0.16,74.0
SRRW-MARCELO-L=130-N=373483-phi=0.16-alpha=1.15-bmax=20-r=0.49-ru=10/config-919.txt.gz,1.15,0.16,63.0
SRRW-MARCELO-L=130-N=373483-phi=0.16-alpha=1.15-bmax=20-r=0.49-ru=10/config-92.txt.gz,1.15,0.16,76.0
SRRW-MARCELO-L=130-N=373483-phi=0.16-alpha=1.15-bmax=20-r=0.49-ru=10/config-920.txt.gz,1.15,0.16,76.0
SRRW-MARCELO-L=130-N=373483-phi=0.16-alpha=1.15-bmax=20-r=0.49-ru=10/config-921.txt.gz,1.15,0.16,85.0
SRRW-MARCELO-L=130-N=373483-phi=0.16-alpha=1.15-bmax=20-r=0.49-ru=10/config-922.txt.gz,1.15,0.16,72.0
SRRW-MARCELO-L=130-N=373483-phi=0.16-alpha=1.15-bmax=20-r=0.49-ru=10/config-923.txt.gz,1.15,0.16,68.0
SRRW-MARCELO-L=130-N=373483-phi=0.16-alpha=1.15-bmax=20-r=0.49-ru=10/config-924.txt.gz,1.15,0.16,71.0
SRRW-MARCELO-L=130-N=373483-phi=0.16-alpha=1.15-bmax=20-r=0.49-ru=10/config-925.txt.gz,1.15,0.16,77.0
SRRW-MARCELO-L=130-N=373483-phi=0.16-alpha=1.15-bmax=20-r=0.49-ru=10/config-926.txt.gz,1.15,0.16,54.0
SRRW-MARCELO-L=130-N=373483-phi=0.16-alpha=1.15-bmax=20-r=0.49-ru=10/config-927.txt.gz,1.15,0.16,78.0
SRRW-MARCELO-L=130-N=373483-phi=0.16-alpha=1.15-bmax=20-r=0.49-ru=10/config-928.txt.gz,1.15,0.16,78.0
SRRW-MARCELO-L=130-N=373483-phi=0.16-alpha=1.15-bmax=20-r=0.49-ru=10/config-929.txt.gz,1.15,0.16,67.0
SRRW-MARCELO-L=130-N=373483-phi=0.16-alpha=1.15-bmax=20-r=0.49-ru=10/config-93.txt.gz,1.15,0.16,77.0
SRRW-MARCELO-L=130-N=373483-phi=0.16-alpha=1.15-bmax=20-r=0.49-ru=10/config-930.txt.gz,1.15,0.16,94.0
SRRW-MARCELO-L=130-N=373483-phi=0.16-alpha=1.15-bmax=20-r=0.49-ru=10/config-931.txt.gz,1.15,0.16,78.0
SRRW-MARCELO-L=130-N=373483-phi=0.16-alpha=1.15-bmax=20-r=0.49-ru=10/config-932.txt.gz,1.15,0.16,75.0
SRRW-MARCELO-L=130-N=373483-phi=0.16-alpha=1.15-bmax=20-r=0.49-ru=10/config-933.txt.gz,1.15,0.16,75.0
SRRW-MARCELO-L=130-N=373483-phi=0.16-alpha=1.15-bmax=20-r=0.49-ru=10/config-934.txt.gz,1.15,0.16,74.0
SRRW-MARCELO-L=130-N=373483-phi=0.16-alpha=1.15-bmax=20-r=0.49-ru=10/config-935.txt.gz,1.15,0.16,69.0
SRRW-MARCELO-L=130-N=373483-phi=0.16-alpha=1.15-bmax=20-r=0.49-ru=10/config-936.txt.gz,1.15,0.16,83.0
SRRW-MARCELO-L=130-N=373483-phi=0.16-alpha=1.15-bmax=20-r=0.49-ru=10/config-937.txt.gz,1.15,0.16,67.0
SRRW-MARCELO-L=130-N=373483-phi=0.16-alpha=1.15-bmax=20-r=0.49-ru=10/config-938.txt.gz,1.15,0.16,71.0
SRRW-MARCELO-L=130-N=373483-phi=0.16-alpha=1.15-bmax=20-r=0.49-ru=10/config-939.txt.gz,1.15,0.16,79.0
SRRW-MARCELO-L=130-N=373483-phi=0.16-alpha=1.15-bmax=20-r=0.49-ru=10/config-94.txt.gz,1.15,0.16,72.0
SRRW-MARCELO-L=130-N=373483-phi=0.16-alpha=1.15-bmax=20-r=0.49-ru=10/config-940.txt.gz,1.15,0.16,65.0
SRRW-MARCELO-L=130-N=373483-phi=0.16-alpha=1.15-bmax=20-r=0.49-ru=10/config-941.txt.gz,1.15,0.16,74.0
SRRW-MARCELO-L=130-N=373483-phi=0.16-alpha=1.15-bmax=20-r=0.49-ru=10/config-942.txt.gz,1.15,0.16,74.0
SRRW-MARCELO-L=130-N=373483-phi=0.16-alpha=1.15-bmax=20-r=0.49-ru=10/config-943.txt.gz,1.15,0.16,87.0
SRRW-MARCELO-L=130-N=373483-phi=0.16-alpha=1.15-bmax=20-r=0.49-ru=10/config-944.txt.gz,1.15,0.16,84.0
SRRW-MARCELO-L=130-N=373483-phi=0.16-alpha=1.15-bmax=20-r=0.49-ru=10/config-945.txt.gz,1.15,0.16,78.0
SRRW-MARCELO-L=130-N=373483-phi=0.16-alpha=1.15-bmax=20-r=0.49-ru=10/config-946.txt.gz,1.15,0.16,70.0
SRRW-MARCELO-L=130-N=373483-phi=0.16-alpha=1.15-bmax=20-r=0.49-ru=10/config-947.txt.gz,1.15,0.16,81.0
SRRW-MARCELO-L=130-N=373483-phi=0.16-alpha=1.15-bmax=20-r=0.49-ru=10/config-948.txt.gz,1.15,0.16,75.0
SRRW-MARCELO-L=130-N=373483-phi=0.16-alpha=1.15-bmax=20-r=0.49-ru=10/config-949.txt.gz,1.15,0.16,70.0
SRRW-MARCELO-L=130-N=373483-phi=0.16-alpha=1.15-bmax=20-r=0.49-ru=10/config-95.txt.gz,1.15,0.16,94.0
SRRW-MARCELO-L=130-N=373483-phi=0.16-alpha=1.15-bmax=20-r=0.49-ru=10/config-950.txt.gz,1.15,0.16,74.0
SRRW-MARCELO-L=130-N=373483-phi=0.16-alpha=1.15-bmax=20-r=0.49-ru=10/config-951.txt.gz,1.15,0.16,75.0
SRRW-MARCELO-L=130-N=373483-phi=0.16-alpha=1.15-bmax=20-r=0.49-ru=10/config-952.txt.gz,1.15,0.16,74.0
SRRW-MARCELO-L=130-N=373483-phi=0.16-alpha=1.15-bmax=20-r=0.49-ru=10/config-953.txt.gz,1.15,0.16,93.0
SRRW-MARCELO-L=130-N=373483-phi=0.16-alpha=1.15-bmax=20-r=0.49-ru=10/config-954.txt.gz,1.15,0.16,83.0
SRRW-MARCELO-L=130-N=373483-phi=0.16-alpha=1.15-bmax=20-r=0.49-ru=10/config-955.txt.gz,1.15,0.16,73.0
SRRW-MARCELO-L=130-N=373483-phi=0.16-alpha=1.15-bmax=20-r=0.49-ru=10/config-956.txt.gz,1.15,0.16,74.0
SRRW-MARCELO-L=130-N=373483-phi=0.16-alpha=1.15-bmax=20-r=0.49-ru=10/config-957.txt.gz,1.15,0.16,73.0
SRRW-MARCELO-L=130-N=373483-phi=0.16-alpha=1.15-bmax=20-r=0.49-ru=10/config-958.txt.gz,1.15,0.16,79.0
SRRW-MARCELO-L=130-N=373483-phi=0.16-alpha=1.15-bmax=20-r=0.49-ru=10/config-959.txt.gz,1.15,0.16,81.0
SRRW-MARCELO-L=130-N=373483-phi=0.16-alpha=1.15-bmax=20-r=0.49-ru=10/config-96.txt.gz,1.15,0.16,82.0
SRRW-MARCELO-L=130-N=373483-phi=0.16-alpha=1.15-bmax=20-r=0.49-ru=10/config-960.txt.gz,1.15,0.16,70.0
SRRW-MARCELO-L=130-N=373483-phi=0.16-alpha=1.15-bmax=20-r=0.49-ru=10/config-961.txt.gz,1.15,0.16,61.0
SRRW-MARCELO-L=130-N=373483-phi=0.16-alpha=1.15-bmax=20-r=0.49-ru=10/config-962.txt.gz,1.15,0.16,74.0
SRRW-MARCELO-L=130-N=373483-phi=0.16-alpha=1.15-bmax=20-r=0.49-ru=10/config-963.txt.gz,1.15,0.16,67.0
SRRW-MARCELO-L=130-N=373483-phi=0.16-alpha=1.15-bmax=20-r=0.49-ru=10/config-964.txt.gz,1.15,0.16,74.0
SRRW-MARCELO-L=130-N=373483-phi=0.16-alpha=1.15-bmax=20-r=0.49-ru=10/config-965.txt.gz,1.15,0.16,90.0
SRRW-MARCELO-L=130-N=373483-phi=0.16-alpha=1.15-bmax=20-r=0.49-ru=10/config-966.txt.gz,1.15,0.16,75.0
SRRW-MARCELO-L=130-N=373483-phi=0.16-alpha=1.15-bmax=20-r=0.49-ru=10/config-967.txt.gz,1.15,0.16,75.0
SRRW-MARCELO-L=130-N=373483-phi=0.16-alpha=1.15-bmax=20-r=0.49-ru=10/config-968.txt.gz,1.15,0.16,67.0
SRRW-MARCELO-L=130-N=373483-phi=0.16-alpha=1.15-bmax=20-r=0.49-ru=10/config-969.txt.gz,1.15,0.16,71.0
SRRW-MARCELO-L=130-N=373483-phi=0.16-alpha=1.15-bmax=20-r=0.49-ru=10/config-97.txt.gz,1.15,0.16,82.0
SRRW-MARCELO-L=130-N=373483-phi=0.16-alpha=1.15-bmax=20-r=0.49-ru=10/config-970.txt.gz,1.15,0.16,88.0
SRRW-MARCELO-L=130-N=373483-phi=0.16-alpha=1.15-bmax=20-r=0.49-ru=10/config-971.txt.gz,1.15,0.16,71.0
SRRW-MARCELO-L=130-N=373483-phi=0.16-alpha=1.15-bmax=20-r=0.49-ru=10/config-972.txt.gz,1.15,0.16,70.0
SRRW-MARCELO-L=130-N=373483-phi=0.16-alpha=1.15-bmax=20-r=0.49-ru=10/config-973.txt.gz,1.15,0.16,84.0
SRRW-MARCELO-L=130-N=373483-phi=0.16-alpha=1.15-bmax=20-r=0.49-ru=10/config-974.txt.gz,1.15,0.16,65.0
SRRW-MARCELO-L=130-N=373483-phi=0.16-alpha=1.15-bmax=20-r=0.49-ru=10/config-975.txt.gz,1.15,0.16,89.0
SRRW-MARCELO-L=130-N=373483-phi=0.16-alpha=1.15-bmax=20-r=0.49-ru=10/config-976.txt.gz,1.15,0.16,89.0
SRRW-MARCELO-L=130-N=373483-phi=0.16-alpha=1.15-bmax=20-r=0.49-ru=10/config-977.txt.gz,1.15,0.16,78.0
SRRW-MARCELO-L=130-N=373483-phi=0.16-alpha=1.15-bmax=20-r=0.49-ru=10/config-978.txt.gz,1.15,0.16,85.0
SRRW-MARCELO-L=130-N=373483-phi=0.16-alpha=1.15-bmax=20-r=0.49-ru=10/config-979.txt.gz,1.15,0.16,62.0
SRRW-MARCELO-L=130-N=373483-phi=0.16-alpha=1.15-bmax=20-r=0.49-ru=10/config-98.txt.gz,1.15,0.16,63.0
SRRW-MARCELO-L=130-N=373483-phi=0.16-alpha=1.15-bmax=20-r=0.49-ru=10/config-980.txt.gz,1.15,0.16,74.0
SRRW-MARCELO-L=130-N=373483-phi=0.16-alpha=1.15-bmax=20-r=0.49-ru=10/config-981.txt.gz,1.15,0.16,79.0
SRRW-MARCELO-L=130-N=373483-phi=0.16-alpha=1.15-bmax=20-r=0.49-ru=10/config-982.txt.gz,1.15,0.16,74.0
SRRW-MARCELO-L=130-N=373483-phi=0.16-alpha=1.15-bmax=20-r=0.49-ru=10/config-983.txt.gz,1.15,0.16,83.0
SRRW-MARCELO-L=130-N=373483-phi=0.16-alpha=1.15-bmax=20-r=0.49-ru=10/config-984.txt.gz,1.15,0.16,75.0
SRRW-MARCELO-L=130-N=373483-phi=0.16-alpha=1.15-bmax=20-r=0.49-ru=10/config-985.txt.gz,1.15,0.16,76.0
SRRW-MARCELO-L=130-N=373483-phi=0.16-alpha=1.15-bmax=20-r=0.49-ru=10/config-986.txt.gz,1.15,0.16,70.0
SRRW-MARCELO-L=130-N=373483-phi=0.16-alpha=1.15-bmax=20-r=0.49-ru=10/config-987.txt.gz,1.15,0.16,78.0
SRRW-MARCELO-L=130-N=373483-phi=0.16-alpha=1.15-bmax=20-r=0.49-ru=10/config-988.txt.gz,1.15,0.16,81.0
SRRW-MARCELO-L=130-N=373483-phi=0.16-alpha=1.15-bmax=20-r=0.49-ru=10/config-989.txt.gz,1.15,0.16,68.0
SRRW-MARCELO-L=130-N=373483-phi=0.16-alpha=1.15-bmax=20-r=0.49-ru=10/config-99.txt.gz,1.15,0.16,90.0
SRRW-MARCELO-L=130-N=373483-phi=0.16-alpha=1.15-bmax=20-r=0.49-ru=10/config-990.txt.gz,1.15,0.16,77.0
SRRW-MARCELO-L=130-N=373483-phi=0.16-alpha=1.15-bmax=20-r=0.49-ru=10/config-991.txt.gz,1.15,0.16,77.0
SRRW-MARCELO-L=130-N=373483-phi=0.16-alpha=1.15-bmax=20-r=0.49-ru=10/config-992.txt.gz,1.15,0.16,88.0
SRRW-MARCELO-L=130-N=373483-phi=0.16-alpha=1.15-bmax=20-r=0.49-ru=10/config-993.txt.gz,1.15,0.16,73.0
SRRW-MARCELO-L=130-N=373483-phi=0.16-alpha=1.15-bmax=20-r=0.49-ru=10/config-994.txt.gz,1.15,0.16,78.0
SRRW-MARCELO-L=130-N=373483-phi=0.16-alpha=1.15-bmax=20-r=0.49-ru=10/config-995.txt.gz,1.15,0.16,67.0
SRRW-MARCELO-L=130-N=373483-phi=0.16-alpha=1.15-bmax=20-r=0.49-ru=10/config-996.txt.gz,1.15,0.16,84.0
SRRW-MARCELO-L=130-N=373483-phi=0.16-alpha=1.15-bmax=20-r=0.49-ru=10/config-997.txt.gz,1.15,0.16,76.0
SRRW-MARCELO-L=130-N=373483-phi=0.16-alpha=1.15-bmax=20-r=0.49-ru=10/config-998.txt.gz,1.15,0.16,81.0
SRRW-MARCELO-L=130-N=373483-phi=0.16-alpha=1.15-bmax=20-r=0.49-ru=10/config-999.txt.gz,1.15,0.16,64.0
