swept_param,swept_value,replicate,field_size_nm,pair_jitter_nm,integration_level,n_total,me3_fraction,n_me3,n_ac,coloc_frac_me3,coloc_frac_ac,gcross_at_ref,gcross_peak,gcross_auc,sncr_me3_norm_at_ref,sncr_ac_norm_at_ref,ripley_Lab_at_ref,ripley_Lba_at_ref,ripley_Lab_max,ripley_Lba_max,delaunay_heterotypic_fraction,delaunay_assortativity,fr_observed_fraction,fr_null_fraction,fr_z,fr_p,mst_heterotypic_overall,mst_heterotypic_minus_chance,mesh_n_crossings,mesh_me3_crossing_fraction,mesh_ac_crossing_fraction,mesh_z,mesh_p
field_size_nm,5000.0,0,5000.0,60.0,0.5,300,0.5,150,150,0.58,0.64,0.9659474971912093,3.4411879587436833,123.82989719970041,0.6822341782683454,0.7127160420502465,44.52777988954398,49.12399939132524,56.88049045870602,63.763618521393056,0.56045197740113,-0.12114586951635647,0.6053511705685619,0.5020066889632107,3.568144201413373,0.0,0.6053511705685619,0.10367892976588633,1129,0.9038901601830663,0.9147465437788018,,
field_size_nm,5000.0,1,5000.0,60.0,0.5,300,0.5,150,150,0.6133333333333333,0.6066666666666667,0.9064507310598667,3.690549405029457,203.02635653218042,0.7430488974113136,0.7628984899328859,61.25057731998385,59.2610662793756,71.68177727000597,67.82793979940232,0.5523917995444191,-0.10479649748662201,0.6421404682274248,0.5053846153846154,4.797620460760319,0.0,0.6421404682274248,0.14046822742474918,1184,0.9097222222222222,0.9080459770114943,,
field_size_nm,5000.0,2,5000.0,60.0,0.5,300,0.5,150,150,0.62,0.6533333333333333,1.374617592156721,3.264716781372212,267.6120604027792,0.7391936922138265,0.5699763126727201,61.86752654246288,60.16176611208522,66.85293534071238,74.49402123397033,0.5389830508474577,-0.07798812322126025,0.6020066889632107,0.49998327759197325,3.5621357904419573,0.0,0.6020066889632107,0.10033444816053516,1131,0.896551724137931,0.9061784897025171,,
field_size_nm,5000.0,3,5000.0,60.0,0.5,300,0.5,150,150,0.58,0.6,0.8591359950979506,5.441194635620352,211.38909025596755,0.9228187919463088,0.6215348701488183,35.68850087867605,51.759504053157855,58.63645605517078,73.46179468798948,0.5638418079096045,-0.12796588632094055,0.6521739130434783,0.5017892976588628,5.2283613771608,0.0,0.6521739130434783,0.1505016722408027,1163,0.9153318077803204,0.9290617848970252,,
field_size_nm,5000.0,4,5000.0,60.0,0.5,300,0.5,150,150,0.5866666666666667,0.5533333333333333,1.512079351372393,3.6564827951368777,213.48607426569566,0.7743933918430563,0.5164867230814124,41.34624815788777,61.19175646009546,69.01559643123724,76.51435324524738,0.5312145289443814,-0.06273713295941935,0.6120401337792643,0.5015384615384616,3.483531018755896,0.0,0.6120401337792643,0.11036789297658867,1077,0.8873563218390804,0.8587962962962963,,
field_size_nm,5000.0,5,5000.0,60.0,0.5,300,0.5,150,150,0.64,0.6333333333333333,1.0153425396612141,2.572201100475076,142.95561755184337,0.7483518441527589,0.7999760306807286,51.381571036661285,43.44985849491792,64.44605767370808,58.63334658577753,0.5322033898305085,-0.06449376309596631,0.5852842809364549,0.5003177257525083,2.9790550912666958,0.005,0.5852842809364549,0.08361204013377932,1116,0.8894009216589862,0.8778801843317973,,
field_size_nm,5000.0,6,5000.0,60.0,0.5,300,0.5,150,150,0.6,0.5666666666666667,0.6591404027964604,3.246876798960342,162.60133241946278,0.5592841163310962,0.5199498488089093,29.772984457183952,20.456962925268385,59.07487259946501,52.47087454451696,0.5656108597285068,-0.13127383481354443,0.6187290969899666,0.5021571906354515,4.20804950777604,0.0,0.6187290969899666,0.117056856187291,1118,0.8942528735632184,0.9193548387096774,,
field_size_nm,5000.0,7,5000.0,60.0,0.5,300,0.5,150,150,0.6666666666666666,0.6333333333333333,1.074463750831361,4.297855003325443,233.24702925564912,0.7979120059656973,0.6273708783192297,51.09446852507284,71.11441912846874,68.35596841657807,81.94579970953171,0.5266742338251986,-0.05433874279111479,0.6220735785953178,0.5020735785953178,4.340657382467226,0.0,0.6220735785953178,0.12040133779264217,1141,0.9166666666666666,0.8960739030023095,,
field_size_nm,5000.0,8,5000.0,60.0,0.5,300,0.5,150,150,0.64,0.6,1.0359436926398475,3.690549405029457,281.5825391041765,0.5557046979865773,0.7474069554606467,60.01299557057621,53.54956016152482,64.5121278952696,56.306365387331454,0.5486425339366516,-0.09735387576512643,0.6321070234113713,0.5051170568561872,4.174221143793547,0.0,0.6321070234113713,0.13043478260869568,1150,0.9359267734553776,0.9218390804597701,,
field_size_nm,5000.0,9,5000.0,60.0,0.5,300,0.5,150,150,0.6066666666666667,0.6733333333333333,0.7955834694331706,3.4883275198223633,199.91746747499565,0.5865188211263496,0.8236729713239781,39.092569077353005,48.590423940673304,52.152323116829365,60.078993144898476,0.5644796380090498,-0.12897227835029115,0.6287625418060201,0.5019063545150502,4.369250006808595,0.0,0.6287625418060201,0.1270903010033445,1135,0.9197247706422018,0.896551724137931,,
field_size_nm,7500.0,0,7500.0,60.0,0.5,300,0.5,150,150,0.5133333333333333,0.4866666666666667,0.4145109749544751,5.906781393101271,474.0418606680974,0.39848993288590606,0.4509228187919464,93.70863803812875,85.17855795370645,144.4516430769532,137.76445561653617,0.5226244343891403,-0.04559139784946232,0.6153846153846154,0.5039632107023412,4.0010279401449536,0.0,0.6140939597315436,0.11242171892886799,1158,0.8986175115207373,0.8738532110091743,,
field_size_nm,7500.0,1,7500.0,60.0,0.5,300,0.5,150,150,0.5,0.48,0.7253942061703313,5.90678139310127,441.04820870786557,0.536183250656551,0.610813664127894,86.47185622937474,77.58054682847785,114.27392393531545,105.16433989837876,0.5728813559322034,-0.14585634371476633,0.6020066889632107,0.49978260869565216,3.860051982083129,0.0,0.6020066889632107,0.10033444816053516,1167,0.8942528735632184,0.9193548387096774,,
field_size_nm,7500.0,2,7500.0,60.0,0.5,300,0.5,150,150,0.5,0.5,0.22092068445375873,5.596657339495221,244.03024321033078,0.5955194252764913,0.5104452216655639,55.17515632835784,58.58504044591143,104.06039063480114,106.61980404637592,0.5260180995475113,-0.05233919288917109,0.6153846153846154,0.5045317725752508,3.7814462602476264,0.0,0.6161616161616161,0.11448937535894055,1090,0.9166666666666666,0.8947368421052632,,
field_size_nm,7500.0,3,7500.0,60.0,0.5,300,0.5,150,150,0.5466666666666666,0.52,0.7565939569733565,6.160836506783045,508.04100588179057,0.5081495685522531,0.4985618408437201,117.10802032355423,129.5558773166277,139.3725268366253,152.13602518766533,0.5736961451247166,-0.14741588979673698,0.6588628762541806,0.5010200668896321,5.77697757946538,0.0,0.6588628762541806,0.15719063545150502,1139,0.9078341013824884,0.9236111111111112,,
field_size_nm,7500.0,4,7500.0,60.0,0.5,300,0.5,150,150,0.5,0.49333333333333335,0.8646788079695503,4.107224337855364,248.80837062076372,0.4489388717576638,0.5246242556007185,58.18754486984915,50.26585241060337,100.78252066962372,94.30125595145995,0.5407239819004525,-0.08149778608174843,0.5819397993311036,0.5002508361204013,3.0966023650698378,0.0,0.5819397993311036,0.08026755852842804,1077,0.9032258064516129,0.8932714617169374,,
field_size_nm,7500.0,5,7500.0,60.0,0.5,300,0.5,150,150,0.49333333333333335,0.4666666666666667,1.3255241067225523,10.493732511553539,584.2378585618986,0.5033557046979866,0.5890332714550908,101.14292960382113,86.6565178185075,119.23339922639082,109.22383927425113,0.5266742338251986,-0.053349824778396185,0.568561872909699,0.5009030100334448,2.3458491064099616,0.005,0.5671140939597316,0.06544185315705597,1139,0.8865740740740741,0.8847926267281107,,
field_size_nm,7500.0,6,7500.0,60.0,0.5,300,0.5,150,150,0.5,0.5266666666666666,0.6282431964153763,5.172535650486599,385.3183849734722,0.4328859060402685,0.5738255033557047,102.6184897173477,106.35000622284667,123.18018411415068,124.65030626209023,0.5507900677200903,-0.1017204827136334,0.6053511705685619,0.5031270903010033,3.38874467191721,0.0,0.6060606060606061,0.1043883652579305,1162,0.9218390804597701,0.8983833718244804,,
field_size_nm,7500.0,7,7500.0,60.0,0.5,300,0.5,150,150,0.4666666666666667,0.49333333333333335,1.4970901701813222,8.127060923841464,654.4525158988832,0.47324040612631224,0.5075156691996229,135.45146583451566,124.46805099943515,141.7989186352424,131.80573470844809,0.5498866213151927,-0.10028383552200913,0.6321070234113713,0.5002842809364548,4.172618830601688,0.0,0.6296296296296297,0.12795738882695407,1120,0.8953488372093024,0.8967889908256881,,
field_size_nm,7500.0,8,7500.0,60.0,0.5,300,0.5,150,150,0.48,0.46,1.4813313262846768,6.031134685587612,418.5354106481584,0.49837198484949174,0.5999593247915396,106.23745686817665,97.25240077295933,106.23745686817665,101.17901315954029,0.5202702702702703,-0.04079924094435466,0.5652173913043478,0.5004515050167224,2.1238269104945373,0.03,0.5656565656565656,0.06398432485389005,1116,0.9057471264367816,0.8489702517162472,,
field_size_nm,7500.0,9,7500.0,60.0,0.5,300,0.5,150,150,0.43333333333333335,0.4266666666666667,0.9423647946230646,4.642019173513614,282.65076462416613,0.6677167511299823,0.456652598076524,99.07449535125357,99.11198791302343,109.4214689605721,109.01936161855167,0.5395927601809954,-0.07929739241721316,0.5819397993311036,0.4982943143812709,2.738169236123958,0.01,0.5791245791245792,0.07745233832190357,1177,0.8706697459584296,0.9011494252873563,,
field_size_nm,10000.0,0,10000.0,60.0,0.5,300,0.5,150,150,0.4866666666666667,0.5,2.233753587254671,9.094568176679733,864.1020484432788,0.3840033211098042,0.31459731543624164,178.70277026988015,184.31334391370655,189.96588639446105,196.20431291230568,0.5520361990950227,-0.10407804957950068,0.6254180602006689,0.5018896321070234,4.338298705599229,0.0,0.6301369863013698,0.12846474549869424,1128,0.9009216589861752,0.9145496535796767,,
field_size_nm,10000.0,1,10000.0,60.0,0.5,300,0.5,150,150,0.4533333333333333,0.4533333333333333,1.330746817938953,10.836081231788617,764.1672894496855,0.3828339162491729,0.5592841163310962,150.35446988080446,146.88054938822654,175.5007103678323,175.01574462664513,0.5374149659863946,-0.07485203905860348,0.5585284280936454,0.5013879598662208,2.1815378643361734,0.045,0.5679442508710801,0.06627201006840455,1130,0.8822170900692841,0.8983833718244804,,
field_size_nm,10000.0,2,10000.0,60.0,0.5,300,0.5,150,150,0.44,0.4533333333333333,2.2124797435665315,9.700872721791715,850.6684029410966,0.5510420346167433,0.23561330858203627,188.1739828943077,187.95217878852645,191.91472468940077,191.19509087771337,0.5551763367463026,-0.11042309524302621,0.6220735785953178,0.49918060200668896,4.287270497780748,0.0,0.6262975778546713,0.12462533705199574,1148,0.9095127610208816,0.9280742459396751,,
field_size_nm,10000.0,3,10000.0,60.0,0.5,300,0.5,150,150,0.4533333333333333,0.46,0.8429258819828949,9.609355054605,700.871097374901,0.25486364794834765,0.22937728315351288,147.68576616097369,153.4357382249974,166.2384209371378,170.68044991597242,0.551528878822197,-0.10319924986114476,0.6287625418060201,0.4995986622073578,4.50032748530728,0.0,0.6301369863013698,0.12846474549869424,1137,0.9078341013824884,0.8940092165898618,,
field_size_nm,10000.0,4,10000.0,60.0,0.5,300,0.5,150,150,0.46,0.4666666666666667,1.374617592156721,8.705911416992565,673.8486048251357,0.37285607755406414,0.45302013422818793,156.54186384303426,159.98100974054427,194.74317467664144,194.55188814650842,0.5402951191827469,-0.08075872377712472,0.6321070234113713,0.5025752508361204,4.555255719672056,0.0,0.6328671328671329,0.13119489206445734,1140,0.9262672811059908,0.9053117782909931,,
field_size_nm,10000.0,5,10000.0,60.0,0.5,300,0.5,150,150,0.47333333333333333,0.48,0.6873087960783605,9.794150344116636,854.6460049950962,0.257530825659435,0.4214140783518028,168.9015719697843,151.87356361373014,189.1828101973597,174.37907502393512,0.5396825396825397,-0.07937062937062903,0.6053511705685619,0.5026588628762542,3.661600760990933,0.0,0.6075085324232082,0.10583629162053265,1155,0.8657407407407407,0.8960739030023095,,
field_size_nm,10000.0,6,10000.0,60.0,0.5,300,0.5,150,150,0.42,0.44,0.960754231077278,9.492251803043507,474.39786996977756,0.32524522457408367,0.3997236478484011,135.11872769647908,139.73740381610497,159.37669422616494,165.81547285480292,0.5645714285714286,-0.12926232848797703,0.6254180602006689,0.5018227424749163,4.384573319307274,0.0,0.6441281138790036,0.142455873076328,1200,0.9350348027842227,0.9186046511627907,,
field_size_nm,10000.0,7,10000.0,60.0,0.5,300,0.5,150,150,0.44666666666666666,0.4266666666666667,1.9855587442263745,13.623139161775402,867.5920579435834,0.508544938767038,0.4358956618003183,186.5695323108866,180.62953400169926,186.5695323108866,180.62953400169926,0.5463800904977375,-0.09276157936157552,0.5886287625418061,0.5024581939799332,2.8755655414072825,0.01,0.6006944444444444,0.09902220364176884,1128,0.8845265588914549,0.9122401847575058,,
field_size_nm,10000.0,8,10000.0,60.0,0.5,300,0.5,150,150,0.4066666666666667,0.4266666666666667,1.21446796976953,9.88923918240903,686.3006946791879,0.3635346756152125,0.2896019122919923,135.14748829005163,145.56992674566038,158.46087623704506,164.55048602063187,0.5238095238095238,-0.047963912620810005,0.6387959866220736,0.5057859531772575,4.438701978829325,0.0,0.6341463414634146,0.13247410066073906,1183,0.9099307159353349,0.9243119266055045,,
field_size_nm,10000.0,9,10000.0,60.0,0.5,300,0.5,150,150,0.46,0.46,0.86747712126395,8.790434828808026,551.3596473353416,0.35855474855199043,0.2818791946308725,137.81290063526427,145.01171872899,157.85041091102437,162.70028510512202,0.5775764439411099,-0.1553321839788193,0.5953177257525084,0.5034949832775919,3.102915182255415,0.005,0.6097560975609756,0.10808385675830001,1167,0.903448275862069,0.9013761467889908,,
field_size_nm,12500.0,0,12500.0,60.0,0.5,300,0.5,150,150,0.44,0.44,0.5076712698306072,24.114385316953843,1328.9736584446828,0.1803065210858459,0.3050640634533252,199.39734871212625,200.14200100198428,222.36771553463728,225.79974859763956,0.5497737556561086,-0.09955313954024045,0.6020066889632107,0.5020735785953178,3.561498015593003,0.0,0.6332046332046332,0.13153239240195758,1139,0.9053117782909931,0.871264367816092,,
field_size_nm,12500.0,1,12500.0,60.0,0.5,300,0.5,150,150,0.42,0.4066666666666667,1.7145038498665244,18.614613227122263,1237.0347760867514,0.15100671140939595,0.17617449664429527,232.3719159932803,212.51263146350954,249.65169920506253,232.1687599190999,0.5385487528344671,-0.07783044655548348,0.6321070234113713,0.5041638795986623,4.326234117849971,0.0,0.6363636363636364,0.13469139556096077,1210,0.8940092165898618,0.9223744292237442,,
field_size_nm,12500.0,2,12500.0,60.0,0.5,300,0.5,150,150,0.44,0.44666666666666666,1.7931508154567322,14.60137092586196,1216.5429778702874,0.10738255033557047,0.2312715399963722,227.64675306819902,218.05436058677037,259.2822136879623,253.51694839545218,0.571753986332574,-0.14353170711457733,0.6956521739130435,0.502123745819398,7.042879367224181,0.0,0.7126436781609196,0.21097143735824397,1145,0.9260969976905312,0.9011494252873563,,
field_size_nm,12500.0,3,12500.0,60.0,0.5,300,0.5,150,150,0.44,0.4533333333333333,1.6153176767337503,17.53773477596643,1497.190672162424,0.26550630577476214,0.26550630577476214,249.364262183201,264.4672310489218,259.3483117671666,273.241022512646,0.5425652667423383,-0.085143116296808,0.6488294314381271,0.4976923076923077,5.319610872691839,0.0,0.6705426356589147,0.16887039485623911,1151,0.9147465437788018,0.9260969976905312,,
field_size_nm,12500.0,4,12500.0,60.0,0.5,300,0.5,150,150,0.44666666666666666,0.4533333333333333,0.728397908887393,15.684834971375196,1042.5309363359775,0.25167785234899326,0.27684563758389263,230.27006758108615,238.84699653763533,261.2269520522905,269.01733465000007,0.5590909090909091,-0.11864984833530567,0.6521739130434783,0.5018227424749163,5.199394497510155,0.0,0.6640316205533597,0.16235937975068415,1175,0.9057471264367816,0.9191685912240185,,
field_size_nm,12500.0,5,12500.0,60.0,0.5,300,0.5,150,150,0.42,0.4266666666666667,1.4958171343223248,9.473508517374723,991.3229180650427,0.24522457408363446,0.34406592473026926,230.53800069402297,231.46394612755557,238.6691711975826,237.8195070682973,0.5340909090909091,-0.06831977269792043,0.5819397993311036,0.49846153846153846,2.8053051529436934,0.005,0.596958174904943,0.09528593410226738,1155,0.8819444444444444,0.8935185185185185,,
field_size_nm,12500.0,6,12500.0,60.0,0.5,300,0.5,150,150,0.44,0.4533333333333333,1.656385075294778,22.47951173614341,1570.6735034234794,0.43299415457891316,0.3282754595856434,261.19890838368104,260.6113097293041,271.15303076008774,270.1579862897969,0.5412429378531074,-0.08248587570621468,0.6120401337792643,0.5061371237458194,3.2404105052656194,0.0,0.6273764258555133,0.12570418505283776,1149,0.9126436781609195,0.9122401847575058,,
field_size_nm,12500.0,7,12500.0,60.0,0.5,300,0.5,150,150,0.4266666666666667,0.4266666666666667,2.305479619872941,14.60137092586196,1202.8167815286395,0.3307766059443912,0.22686454296247283,211.45060335369254,204.42916443422467,232.11740245455923,224.96166368863646,0.5429864253393665,-0.08602288142100259,0.6822742474916388,0.5010200668896321,5.854372243096248,0.0,0.7,0.19832775919732437,1101,0.9101382488479263,0.9280742459396751,,
field_size_nm,12500.0,8,12500.0,60.0,0.5,300,0.5,150,150,0.4666666666666667,0.46,1.456795817774786,13.839560268860465,1396.7853984082656,0.3043546121429686,0.32358581016299137,247.95460450769673,225.8570790516738,271.0310290381928,253.14546452283992,0.5284090909090909,-0.05688505600173569,0.6220735785953178,0.49807692307692314,4.4035981683070755,0.0,0.6404494382022472,0.13877719739957162,1102,0.8888888888888888,0.9027777777777778,,
field_size_nm,12500.0,9,12500.0,60.0,0.5,300,0.5,150,150,0.42,0.41333333333333333,1.0061953095741765,19.117710881909353,1236.2946950824626,0.45172947857511614,0.22818791946308722,232.69773292741928,232.0900743589396,245.1579862897969,241.57343535952685,0.5430839002267573,-0.08633677165040504,0.6354515050167224,0.5035953177257525,4.901474297180912,0.0,0.6720647773279352,0.17039253652525965,1139,0.9027777777777778,0.9279069767441861,,
field_size_nm,15000.0,0,15000.0,60.0,0.5,300,0.5,150,150,0.44,0.4666666666666667,1.570607991038441,17.904931097838226,2096.6195247812793,0.31319910514541394,0.2745576571079927,329.4113030347844,322.93723052969267,343.24122420700326,339.6297431055235,0.5266138165345413,-0.05324924679961988,0.6254180602006689,0.5026421404682274,3.954017619259353,0.0,0.6869565217391305,0.18528428093645488,1156,0.9164733178654292,0.9016018306636155,,
field_size_nm,15000.0,1,15000.0,60.0,0.5,300,0.5,150,150,0.42,0.42,0.9806723065996119,24.843698433856833,1838.0493550963201,0.13604208235080723,0.18791946308724836,285.96199785196484,287.39111572062234,317.5385239187698,319.1691411975082,0.5361990950226244,-0.07239819004524883,0.6321070234113713,0.502190635451505,4.549722497267814,0.0,0.6912442396313364,0.18957199882866083,1092,0.9006928406466512,0.9099307159353349,,
field_size_nm,15000.0,2,15000.0,60.0,0.5,300,0.5,150,150,0.4266666666666667,0.44,0.6433210331293454,14.260282901033822,1571.2614546453956,0.30583637753801723,0.2548636479483477,299.32483295608756,317.7946654914133,320.76868476185246,338.2783799733961,0.5476190476190477,-0.0952395031384856,0.6454849498327759,0.5016220735785953,4.772350700604133,0.0,0.6972477064220184,0.1955754656193428,1137,0.9303944315545244,0.8876146788990825,,
field_size_nm,15000.0,3,15000.0,60.0,0.5,300,0.5,150,150,0.43333333333333335,0.41333333333333333,2.3851945084244797,17.264265013358138,1522.9930520717076,0.2042602859644004,0.23344032681645757,278.38956818137615,282.925184145715,290.7073648128416,294.4903300336098,0.5414301929625426,-0.08286038592508516,0.6220735785953178,0.5044147157190635,4.026444882464393,0.0,0.6810344827586207,0.17936224195594508,1167,0.8894009216589862,0.8909512761020881,,
field_size_nm,15000.0,4,15000.0,60.0,0.5,300,0.5,150,150,0.4266666666666667,0.42,0.3622303114467035,20.647127752462097,1429.7834204327041,0.23687327279905254,0.2960915909988157,290.8335940871398,290.8335940871398,324.4858626717247,328.7733736089539,0.5437997724687145,-0.08763473704919428,0.6020066889632107,0.5024247491638796,3.515787171999412,0.0,0.6271929824561403,0.12552074165346472,1134,0.9050925925925926,0.9002320185614849,,
field_size_nm,15000.0,5,15000.0,60.0,0.5,300,0.5,150,150,0.38666666666666666,0.4066666666666667,1.945527317931488,18.482509520349133,1692.9749484152076,0.16980674375353766,0.33557046979865773,315.3259182006168,321.02849486200853,319.5091889848454,325.25682609362525,0.5559322033898305,-0.11189989785495405,0.6555183946488294,0.4987458193979933,5.2503778297280395,0.0,0.6681034482758621,0.16643120747318652,1126,0.9191685912240185,0.897025171624714,,
field_size_nm,15000.0,6,15000.0,60.0,0.5,300,0.5,150,150,0.44,0.44666666666666666,1.362968290528274,38.84459628005581,2142.084705957788,0.17014840722185465,0.27964205816554816,285.992686505994,285.2372348458314,304.8937146448411,304.626504404032,0.5375,-0.07511245365282265,0.6053511705685619,0.5003678929765887,3.5104371388640914,0.0,0.6457399103139013,0.14406766951122574,1109,0.8850574712643678,0.8983833718244804,,
field_size_nm,15000.0,7,15000.0,60.0,0.5,300,0.5,150,150,0.4533333333333333,0.42,1.9774212083893812,18.78550147969912,1951.7812611635563,0.28763183125599234,0.2636625119846597,323.3639994756687,303.31785972142575,338.6025119029199,321.5198310111356,0.5429864253393665,-0.0861118363460444,0.6254180602006689,0.5052006688963211,4.00341326120142,0.0,0.6331877729257642,0.13151553212308864,1125,0.8919540229885058,0.9220183486238532,,
field_size_nm,15000.0,8,15000.0,60.0,0.5,300,0.5,150,150,0.43333333333333335,0.43333333333333335,0.9887106041946906,31.309169132831865,2153.9690830635186,0.21832295625454842,0.21832295625454842,319.9409002283751,319.9409002283751,341.7780547607099,341.7780547607099,0.55125284738041,-0.10259723411431973,0.6053511705685619,0.5023076923076923,3.5038407917068217,0.005,0.65,0.14832775919732444,1145,0.9186046511627907,0.8958333333333334,,
field_size_nm,15000.0,9,15000.0,60.0,0.5,300,0.5,150,150,0.47333333333333333,0.48,0.6591404027964605,20.87277942188791,1993.9419728344042,0.16107382550335572,0.32214765100671144,291.7780547607099,294.01220054740827,326.4362247069707,328.40091850493127,0.5412429378531074,-0.08373118588821805,0.6053511705685619,0.5003846153846154,3.3624609568834836,0.0,0.6652173913043479,0.1635451505016723,1224,0.9288990825688074,0.908256880733945,,
pair_jitter_nm,20.0,0,10000.0,20.0,0.5,300,0.5,150,150,0.54,0.5533333333333333,1.475506956718682,65.41414174786156,2259.7151458444955,0.30692421018169913,0.22937728315351288,149.55181823649696,151.49145829052577,246.22114066391163,250.73500793527995,0.5625,-0.12511768405527957,0.6086956521739131,0.5032107023411372,3.4176933988547415,0.0,0.6145833333333334,0.11291109253065779,1213,0.9259259259259259,0.9013761467889908,,
pair_jitter_nm,20.0,1,10000.0,20.0,0.5,300,0.5,150,150,0.5333333333333333,0.5466666666666666,0.5255890793540403,59.9171550463606,2164.6585768597465,0.37089367714588484,0.47067026932798744,147.63641018608166,142.6194985830707,250.73500793527995,244.52996331358054,0.5396825396825397,-0.07950384662854325,0.6321070234113713,0.5054013377926422,4.399807902869609,0.0,0.6398601398601399,0.13818789905746431,1165,0.8942528735632184,0.9126436781609195,,
pair_jitter_nm,20.0,2,10000.0,20.0,0.5,300,0.5,150,150,0.5533333333333333,0.5533333333333333,0.5154815970587704,42.44131815783875,1837.0794012891772,0.34847702632937533,0.32266391326794014,148.9422804014327,154.82381061293734,250.73500793527995,255.53725724359663,0.5520361990950227,-0.10453034826380174,0.6354515050167224,0.5015384615384616,4.702756148826215,0.0,0.6366782006920415,0.13500595988936592,1177,0.9237875288683602,0.9124423963133641,,
pair_jitter_nm,20.0,3,10000.0,20.0,0.5,300,0.5,150,150,0.5333333333333333,0.5266666666666666,0.3309264573710624,59.73222555547677,2004.725678882876,0.14804579549940783,0.3553099091985788,115.52914680441899,141.80499075901537,244.64596620842178,267.6235251862361,0.5372460496613995,-0.07462899543378992,0.6120401337792643,0.5058695652173912,3.71918598644386,0.0,0.6198630136986302,0.11819077289595459,1142,0.8878718535469108,0.8876146788990825,,
pair_jitter_nm,20.0,4,10000.0,20.0,0.5,300,0.5,150,150,0.5333333333333333,0.54,1.299638450766354,52.472902449691546,2203.316772217862,0.478437105455512,0.45302013422818793,191.41163709284677,206.1202442824782,262.3720478878209,275.35260748871485,0.5244040862656073,-0.04897170248956257,0.6020066889632107,0.5011371237458194,3.3697814026524986,0.0,0.607773851590106,0.10610161078743041,1176,0.8963133640552995,0.9006928406466512,,
pair_jitter_nm,20.0,5,10000.0,20.0,0.5,300,0.5,150,150,0.5466666666666666,0.5333333333333333,1.609912495318682,67.2943423043209,2147.2000213307397,0.2818791946308725,0.36607687614399026,128.6592552867553,162.56195861409617,237.25042113300293,260.7599609196415,0.5317460317460317,-0.06360280930727666,0.5919732441471572,0.4987458193979933,3.3080514410384265,0.005,0.6091549295774648,0.10748268877478917,1173,0.897025171624714,0.9032258064516129,,
pair_jitter_nm,20.0,6,10000.0,20.0,0.5,300,0.5,150,150,0.5333333333333333,0.5333333333333333,1.6411250845136363,51.96896100959847,1847.0267216251411,0.47459252157238735,0.5398307557630582,139.32780054601233,134.5797229149203,237.15669445487976,235.57614407390554,0.5284090909090909,-0.05688505600173569,0.5986622073578596,0.5029598662207357,3.6289129607066393,0.0,0.5993031358885017,0.09763089508582612,1144,0.9030023094688222,0.9046511627906977,,
pair_jitter_nm,20.0,7,10000.0,20.0,0.5,300,0.5,150,150,0.5733333333333334,0.5466666666666666,0.6807629980204714,48.50436360895857,2193.4721274737035,0.33557046979865773,0.3511783986265023,169.31887398789348,162.98737062754918,284.64561671719224,278.4742812058768,0.5351473922902494,-0.07038284524207443,0.6287625418060201,0.5027090301003344,4.180550601133633,0.0,0.6280701754385964,0.12639793463592086,1146,0.8976744186046511,0.9053117782909931,,
pair_jitter_nm,20.0,8,10000.0,20.0,0.5,300,0.5,150,150,0.54,0.54,1.5317167455460603,71.13973329313924,2532.690564081756,0.36830905221803895,0.44197086266164676,157.09119657714103,157.09119657714103,254.90440619507388,254.90440619507388,0.5327313769751693,-0.06551161842641648,0.6421404682274248,0.5022240802675585,4.608120203648158,0.0,0.643598615916955,0.1419263751142794,1203,0.9356321839080459,0.9111617312072893,,
pair_jitter_nm,20.0,9,10000.0,20.0,0.5,300,0.5,150,150,0.58,0.58,0.7148011479214949,71.3014145051691,2594.5901941117013,0.3271812080536913,0.3523489932885906,162.02581549140223,170.52208700336,265.81180736464097,272.32407616229375,0.5361990950226244,-0.07239819004524883,0.6321070234113713,0.502123745819398,4.887890879659307,0.0,0.6341463414634146,0.13247410066073906,1183,0.908256880733945,0.8888888888888888,,
pair_jitter_nm,40.0,0,10000.0,40.0,0.5,300,0.5,150,150,0.5266666666666666,0.5333333333333333,1.0211444970307069,16.168121202986192,1096.3358074383418,0.22371364653243847,0.28237027336716325,154.60131880684128,151.39733299130927,214.6899146275432,207.10591064118705,0.5588235294117647,-0.11769854879578194,0.6521739130434783,0.5037959866220736,5.212418649377014,0.0,0.6539792387543253,0.1523069979516497,1147,0.9046511627906977,0.9107551487414187,,
pair_jitter_nm,40.0,1,10000.0,40.0,0.5,300,0.5,150,150,0.5333333333333333,0.5466666666666666,0.9747288380747656,18.519847923420546,1264.5416958553822,0.4132815259625574,0.3840033211098042,178.0996711150911,182.58251242920323,212.19091115629737,214.84435989827932,0.5459704880817253,-0.09230124821982083,0.6187290969899666,0.5017391304347827,4.101032935002478,0.0,0.6164383561643836,0.114766115361708,1129,0.8986175115207373,0.9211136890951276,,
pair_jitter_nm,40.0,2,10000.0,40.0,0.5,300,0.5,150,150,0.5533333333333333,0.5333333333333333,0.52048627275837,19.77847836481806,1182.4998926145383,0.43326820151219103,0.37285607755406414,153.4357382249974,154.60131880684128,211.62174464093,211.41766960268797,0.5113378684807256,-0.022782232404225486,0.5752508361204013,0.49946488294314384,2.4291348236410646,0.015,0.5778546712802768,0.0761824304776012,1093,0.8637413394919169,0.8935185185185185,,
pair_jitter_nm,40.0,3,10000.0,40.0,0.5,300,0.5,150,150,0.5666666666666667,0.56,1.5539155389597714,26.57195571621209,1238.2300068300915,0.3131991051454139,0.3829880361832507,157.52266590500898,171.28597879917652,199.31567653035142,206.60457934912404,0.5368063420158551,-0.0736801600738803,0.6187290969899666,0.5014882943143812,4.287895968997099,0.0,0.627177700348432,0.12550545954575643,1159,0.8640552995391705,0.9216589861751152,,
pair_jitter_nm,40.0,4,10000.0,40.0,0.5,300,0.5,150,150,0.5333333333333333,0.54,1.8544369403623688,11.531226065526,982.331481891164,0.4609040187596022,0.33961348750707526,157.62944506730395,143.06652081437153,202.30787121774796,189.72135936405004,0.551528878822197,-0.103080393960032,0.6153846153846154,0.4997658862876254,3.9499391752613264,0.0,0.6183745583038869,0.1167023175012113,1175,0.8807339449541285,0.923963133640553,,
pair_jitter_nm,40.0,5,10000.0,40.0,0.5,300,0.5,150,150,0.5266666666666666,0.5333333333333333,0.8350480700017463,19.039095996039816,1258.7977817621902,0.44482597159356957,0.3274844343818226,162.98737062754918,157.62944506730395,208.25874828762147,203.7936197135009,0.5458663646659117,-0.09204786879188771,0.6454849498327759,0.5030100334448161,5.201103599399399,0.0,0.6537102473498233,0.15203800654714772,1159,0.9078341013824884,0.926605504587156,,
pair_jitter_nm,40.0,6,10000.0,40.0,0.5,300,0.5,150,150,0.5333333333333333,0.52,0.5470416948378787,11.548658002132996,941.7199053525115,0.3209804493726291,0.5177372962607861,136.53688427185784,120.86562100691918,197.39404774157504,182.10591064118705,0.5402951191827469,-0.08099274107069193,0.6421404682274248,0.5017224080267558,4.8854774552732065,0.0,0.6448275862068965,0.14315534540422092,1153,0.9076212471131639,0.9170506912442397,,
pair_jitter_nm,40.0,7,10000.0,40.0,0.5,300,0.5,150,150,0.5133333333333333,0.5266666666666666,1.5539155389597714,17.714637144141392,1271.882187206772,0.18729514593413454,0.29609159099881566,148.3636836061574,144.33007591096026,207.74086336199184,203.53106787117213,0.5566893424036281,-0.11355188910302483,0.5919732441471572,0.49903010033444817,3.2321486802649857,0.0,0.5951557093425606,0.09348346853988498,1168,0.9078341013824884,0.9103448275862069,,
pair_jitter_nm,40.0,8,10000.0,40.0,0.5,300,0.5,150,150,0.5266666666666666,0.54,1.504844521939989,17.87002869803737,1194.6567953135545,0.2668391687555592,0.4722843649018146,180.58280010021042,145.29889558897185,225.50884054329777,197.76019669290167,0.5311438278595696,-0.06248388483025363,0.6220735785953178,0.5001003344481605,4.262213578544619,0.0,0.6279863481228669,0.12631410732019133,1184,0.8853211009174312,0.9032258064516129,,
pair_jitter_nm,40.0,9,10000.0,40.0,0.5,300,0.5,150,150,0.54,0.5,0.7524222609699945,17.87002869803737,803.2396696716482,0.37345745832431265,0.3409828967308941,122.14610358001818,122.14610358001818,184.92160984989556,184.92160984989556,0.5460750853242321,-0.09246830723340801,0.6321070234113713,0.4992809364548495,4.464064047975933,0.0,0.6276595744680851,0.12598733366540948,1175,0.9048723897911833,0.8912037037037037,,
pair_jitter_nm,60.0,0,10000.0,60.0,0.5,300,0.5,150,150,0.5133333333333333,0.4666666666666667,0.5907447503483428,10.101735230956663,864.8435032298033,0.5183068642434714,0.299023190909695,170.86948242568138,203.96612960012874,206.5274546353399,239.00196982869676,0.5322033898305085,-0.06495065947050745,0.5986622073578596,0.5032107023411372,3.6246306293399426,0.0,0.6068965517241379,0.10522431092146234,1142,0.9147465437788018,0.8646788990825688,,
pair_jitter_nm,60.0,1,10000.0,60.0,0.5,300,0.5,150,150,0.4266666666666667,0.4,0.668038456001397,9.519547998019908,844.6133270527966,0.5247750963872626,0.34675615212527966,181.7690142053849,170.52208700336,208.1569428116449,196.4720258117269,0.5300113250283126,-0.06005663978329128,0.6120401337792643,0.5003678929765887,3.788787985602758,0.0,0.6258741258741258,0.12420188507145025,1151,0.8983833718244804,0.9006928406466512,,
pair_jitter_nm,60.0,2,10000.0,60.0,0.5,300,0.5,150,150,0.4866666666666667,0.4866666666666667,1.0211444970307069,12.934496962388954,905.3516035957294,0.28237027336716325,0.3192011785889671,157.09119657714103,147.73152713761226,173.20239203672406,166.34624815788777,0.5312145289443814,-0.062430426716140984,0.6354515050167224,0.49598662207357863,4.8584261763788605,0.0,0.6391752577319587,0.13750301692928313,1185,0.8960739030023095,0.9174311926605505,,
pair_jitter_nm,60.0,3,10000.0,60.0,0.5,300,0.5,150,150,0.47333333333333333,0.4866666666666667,1.1800962347760529,16.015591757675004,1202.0745702556774,0.47315436241610737,0.3492672236679907,197.43144387820746,201.5360048760469,206.4872584248252,210.1109815809295,0.5503963759909399,-0.10079416381937374,0.6454849498327759,0.5054347826086957,5.00648008816336,0.0,0.6480836236933798,0.1464113828907042,1203,0.9061784897025171,0.9223744292237442,,
pair_jitter_nm,60.0,4,10000.0,60.0,0.5,300,0.5,150,150,0.5333333333333333,0.52,1.654632286855312,12.575205380100371,767.3636810219829,0.40039658328248934,0.3980021851100359,165.82336872328386,162.98737062754918,204.61536035682906,206.26858778211897,0.5469988674971688,-0.09408754208754222,0.6053511705685619,0.5000167224080267,3.5578649215849363,0.0,0.6035087719298246,0.10183653112714897,1137,0.9057471264367816,0.8919540229885058,,
pair_jitter_nm,60.0,5,10000.0,60.0,0.5,300,0.5,150,150,0.49333333333333335,0.4866666666666667,0.8759817989234006,7.323207838999629,633.781636994558,0.3980021851100359,0.3818560518398519,172.98851335480083,184.0362699818927,201.1263890318375,208.72566962244747,0.5333333333333333,-0.06667892382178092,0.6354515050167224,0.5010535117056856,5.229602903596134,0.0,0.6398601398601399,0.13818789905746431,1221,0.9016018306636155,0.8672768878718535,,
pair_jitter_nm,60.0,6,10000.0,60.0,0.5,300,0.5,150,150,0.43333333333333335,0.44666666666666666,1.7349542425279,8.570673958087827,562.6305609820504,0.304662663369834,0.2781702578594137,145.70142833725401,136.43312990566932,158.5475090629543,147.70484897806574,0.5494880546075085,-0.09925496313653388,0.6354515050167224,0.5022742474916388,4.76804746839462,0.0,0.6426116838487973,0.14093944304612172,1126,0.9187935034802784,0.9118329466357309,,
pair_jitter_nm,60.0,7,10000.0,60.0,0.5,300,0.5,150,150,0.4866666666666667,0.4533333333333333,1.1476165218923082,9.344877392551654,799.9283252833657,0.4928691275167785,0.388003355704698,182.31649037601267,182.31649037601267,205.7319421851285,206.79503908778867,0.5368898978433598,-0.07378532951451838,0.6086956521739131,0.5011371237458194,3.8308310713824314,0.0,0.6188811188811189,0.11720887807844327,1132,0.8894009216589862,0.8906976744186047,,
pair_jitter_nm,60.0,8,10000.0,60.0,0.5,300,0.5,150,150,0.5066666666666667,0.49333333333333335,0.3340192280006985,7.706300760301831,651.5198720998598,0.4194630872483222,0.37234531580399005,127.87990151673665,135.94391192258382,183.25874828762147,188.03119286247448,0.5079185520361991,-0.015942409214525596,0.6053511705685619,0.5026254180602007,3.4441425492283497,0.005,0.6075085324232082,0.10583629162053265,1131,0.9030023094688222,0.9013761467889908,,
pair_jitter_nm,60.0,9,10000.0,60.0,0.5,300,0.5,150,150,0.46,0.5066666666666667,1.1800962347760529,9.609355054605,847.779191587254,0.2164970772894566,0.5033557046979866,181.4872584248252,170.52208700336,207.945155102566,201.834020470396,0.5565610859728507,-0.11394324352013122,0.6588628762541806,0.5013545150501673,5.223034382527188,0.0,0.6538461538461539,0.15217391304347827,1203,0.9241379310344827,0.9128440366972477,,
pair_jitter_nm,100.0,0,10000.0,100.0,0.5,300,0.5,150,150,0.28,0.29333333333333333,1.6245480634579428,5.144402200950152,334.7189353482976,0.4377006127808579,0.37934053107674354,114.84435989827932,121.66447087386075,127.55269137086862,137.51140884258814,0.5429864253393665,-0.08642329337423106,0.6187290969899666,0.5060869565217391,3.737064972660625,0.0,0.6262975778546713,0.12462533705199574,1117,0.9080459770114943,0.9099307159353349,,
pair_jitter_nm,100.0,1,10000.0,100.0,0.5,300,0.5,150,150,0.24,0.25333333333333335,1.336076912002794,5.288637776677726,325.2856622511297,0.41183648566198905,0.37751677852348997,111.79246118841911,106.26858778211897,124.76704521109929,120.3357347276488,0.5407239819004525,-0.08224567155004607,0.5919732441471572,0.5017558528428094,3.340434272938329,0.0,0.59375,0.09207775919732442,1129,0.8827586206896552,0.8891454965357968,,
pair_jitter_nm,100.0,2,10000.0,100.0,0.5,300,0.5,150,150,0.3,0.30666666666666664,1.5172665875692106,3.9422995095815385,304.3321902461379,0.5752636625119847,0.4458293384467881,124.3480037073208,120.86562100691918,134.98959748038322,132.10591064118705,0.5389830508474577,-0.07805419319909966,0.5919732441471572,0.5031103678929766,2.8318039838889546,0.005,0.5916955017301038,0.09002326092742818,1120,0.88558352402746,0.8986175115207373,,
pair_jitter_nm,100.0,3,10000.0,100.0,0.5,300,0.5,150,150,0.3333333333333333,0.31333333333333335,3.173182666006636,5.7117287988119445,594.4913473450865,0.4026845637583893,0.4646360351058338,172.48257356117455,165.2322904305733,181.70424790709006,171.0310290381928,0.5198187995469988,-0.039770956234631276,0.6020066889632107,0.5018394648829432,3.4699138337173174,0.0,0.607773851590106,0.10610161078743041,1098,0.871264367816092,0.8940092165898618,,
pair_jitter_nm,100.0,4,10000.0,100.0,0.5,300,0.5,150,150,0.3333333333333333,0.34,1.2651347750822917,8.012520242187847,725.1640239702485,0.5471257659760723,0.5973891879932148,165.65606903084608,158.01030837443136,172.17312631656392,164.6632834178659,0.5537938844847112,-0.10779236605968878,0.6153846153846154,0.5010033444816054,4.032760962887562,0.0,0.6143344709897611,0.11266223018708554,1157,0.9145496535796767,0.9099307159353349,,
pair_jitter_nm,100.0,5,10000.0,100.0,0.5,300,0.5,150,150,0.25333333333333335,0.2733333333333333,1.7709037448505502,5.098056235175826,422.3430554462711,0.49077181208053694,0.5914429530201343,141.07759723010827,159.98100974054427,141.58878042300324,160.65886596178063,0.5237020316027088,-0.04753750815394643,0.6220735785953178,0.5012876254180602,4.255546878838237,0.0,0.6198630136986302,0.11819077289595459,1109,0.8807339449541285,0.8827586206896552,,
pair_jitter_nm,100.0,6,10000.0,100.0,0.5,300,0.5,150,150,0.26,0.26666666666666666,0.9307306613561132,3.53677651315323,311.471290212815,0.3818560518398519,0.6291946308724833,108.06165474929674,107.46372226182336,126.70315957509729,127.50115802989438,0.5502824858757062,-0.10061556022875669,0.6287625418060201,0.4997157190635451,4.16577474313974,0.0,0.6283783783783784,0.12670613757570282,1150,0.9103448275862069,0.8878718535469108,,
pair_jitter_nm,100.0,7,10000.0,100.0,0.5,300,0.5,150,150,0.2733333333333333,0.2866666666666667,1.5814184688528647,4.8075121453127085,407.10097232612713,0.28358067870309106,0.3309736140479912,115.14838717315615,120.25560565463786,126.87356361373014,129.20328494875145,0.535673839184598,-0.07135317467951803,0.6321070234113713,0.5035117056856188,4.454697392535254,0.0,0.6423611111111112,0.14068887030843558,1132,0.8944954128440367,0.9055299539170507,,
pair_jitter_nm,100.0,8,10000.0,100.0,0.5,300,0.5,150,150,0.32,0.3466666666666667,1.6858517639657897,5.765613032763,507.1512204513038,0.32214765100671144,0.40548098434004476,137.486996850479,131.4617816071169,149.47073782988127,141.90203037656414,0.5509049773755657,-0.10243209157314528,0.6321070234113713,0.5017391304347827,4.5646337308011535,0.0,0.6366782006920415,0.13500595988936592,1164,0.9093023255813953,0.8581235697940504,,
pair_jitter_nm,100.0,9,10000.0,100.0,0.5,300,0.5,150,150,0.3,0.3333333333333333,2.4819484302829684,4.287001834125127,492.6823253708809,0.3553099091985788,0.4793863854266539,158.67401000609038,147.17312631656392,170.72340643417806,157.22481913989623,0.5452488687782805,-0.09050331946171998,0.6120401337792643,0.4997993311036789,3.612406186981167,0.0,0.6193771626297578,0.11770492182708225,1097,0.9006928406466512,0.9009216589861752,,
pair_jitter_nm,150.0,0,10000.0,150.0,0.5,300,0.5,150,150,0.29333333333333333,0.29333333333333333,1.08774087727184,6.326656122907641,307.7511858116497,0.39324664429530204,0.3460570469798658,93.6532859743125,116.69816290554417,114.80264102829426,132.55991128474193,0.5413363533408834,-0.08270742268464362,0.6053511705685619,0.5021571906354515,3.645110315872629,0.0,0.608843537414966,0.10717129661229041,1101,0.9006928406466512,0.8775981524249422,,
pair_jitter_nm,150.0,1,10000.0,150.0,0.5,300,0.5,150,150,0.17333333333333334,0.17333333333333334,0.6743407055863159,2.7455300156014295,281.8432131978827,0.3954937679769895,0.4095097258559891,84.82703341236504,96.96747875427792,107.45122971646879,112.79137838574513,0.5531674208144797,-0.10637023614369022,0.6187290969899666,0.5024581939799332,3.7689052472284152,0.0,0.6232876712328768,0.12161543043020118,1135,0.8853211009174312,0.9004629629629629,,
pair_jitter_nm,150.0,2,10000.0,150.0,0.5,300,0.5,150,150,0.24,0.22,1.6245480634579428,4.458481907490132,327.7941543403207,0.5611178347452965,0.5190855704697986,93.04256346222508,92.16881559612023,132.36579229513666,124.35446759045544,0.5418552036199095,-0.08394482437311765,0.5719063545150501,0.5042976588628763,2.3628371120390135,0.01,0.5758620689655173,0.0741898281628417,1113,0.8706697459584296,0.8807339449541285,,
pair_jitter_nm,150.0,3,10000.0,150.0,0.5,300,0.5,150,150,0.14,0.15333333333333332,1.639452174131869,2.265424822436765,225.74689195517692,0.5828329212292477,0.3992131451052997,83.12222837353687,82.99057511448314,108.14165161813492,106.92304053524356,0.5388127853881278,-0.07764804003336104,0.5986622073578596,0.5023913043478261,3.6290659191076644,0.0,0.5986394557823129,0.09696721497963734,1126,0.888631090487239,0.9030023094688222,,
pair_jitter_nm,150.0,4,10000.0,150.0,0.5,300,0.5,150,150,0.22666666666666666,0.22,1.1476165218923082,3.114959130850551,218.3278364677643,0.6644295302013423,0.5420753742901394,61.997552617131475,69.64596620842178,86.38784392729474,80.40464905191442,0.5421412300683371,-0.0843330980945661,0.5919732441471572,0.5022240802675585,3.1878261952214157,0.0,0.5898305084745763,0.08815826767190071,1058,0.8901869158878505,0.8863109048723898,,
pair_jitter_nm,150.0,5,10000.0,150.0,0.5,300,0.5,150,150,0.18666666666666668,0.20666666666666667,1.374617592156721,3.264716781372212,320.62458046839,0.44363553634398817,0.7756628892067334,96.96747875427792,108.000525998574,101.49145829052577,115.0741368196447,0.5248306997742663,-0.04967343408234774,0.5518394648829431,0.5022575250836121,1.60185916330405,0.11,0.5664335664335665,0.06476132563089088,1113,0.8899082568807339,0.8660508083140878,,
pair_jitter_nm,150.0,6,10000.0,150.0,0.5,300,0.5,150,150,0.18666666666666668,0.17333333333333334,0.6557808696527476,4.153278841134068,232.70423667816397,0.5719951189749848,0.5384735445606368,42.679647564346624,44.79425276970852,93.98632099603606,96.90972038833297,0.5457627118644067,-0.09152542372881356,0.6120401337792643,0.4998327759197324,4.007188221101519,0.0,0.621160409556314,0.11948816875363844,1135,0.9036697247706422,0.8755760368663594,,
pair_jitter_nm,150.0,7,10000.0,150.0,0.5,300,0.5,150,150,0.16,0.17333333333333334,1.7349542425279,3.2964130608030096,250.40133954181113,0.5033557046979866,0.9151921903599756,64.47160734172854,49.63262754202157,79.64332628887746,56.541863843034264,0.522083805209513,-0.044816190861198285,0.6187290969899666,0.49804347826086953,4.088515184874947,0.0,0.6224489795918368,0.12077673878916118,1102,0.8850574712643678,0.8896551724137931,,
pair_jitter_nm,150.0,8,10000.0,150.0,0.5,300,0.5,150,150,0.15333333333333332,0.16666666666666666,0.6873087960783605,6.529433562744424,263.714362048421,0.5273250239693194,0.39286298903257494,42.74360029045994,46.451577158167765,86.53029418705432,98.80160116594539,0.5532879818594104,-0.10658165364047685,0.6321070234113713,0.502675585284281,4.3898380678555835,0.0,0.6360544217687075,0.13438218096603194,1064,0.9145496535796767,0.8960739030023095,,
pair_jitter_nm,150.0,9,10000.0,150.0,0.5,300,0.5,150,150,0.21333333333333335,0.2,1.9462407492911988,3.361688566957525,176.31849556822533,0.44742729306487694,0.3988856527795366,86.83377077546203,83.70036526870632,88.8220544771201,85.92302776299005,0.5379388448471121,-0.07667308849935772,0.6120401337792643,0.4981438127090301,4.0016522464720286,0.0,0.6193771626297578,0.11770492182708225,1131,0.875,0.9013761467889908,,
integration_level,0.0,0,10000.0,60.0,0.0,300,0.5,150,150,0.13333333333333333,0.14,1.9146459319325753,1.9146459319325753,100.74339384286064,0.655533010769471,0.7779133618059793,35.43330788368519,45.402307565771196,57.297034522314334,50.974741255098365,0.5164212910532276,-0.03287570030166839,0.5217391304347826,0.5017725752508361,0.7095434124525896,0.505,0.5217391304347826,0.02006688963210701,1173,0.8922018348623854,0.8637413394919169,,
integration_level,0.0,1,10000.0,60.0,0.0,300,0.5,150,150,0.1,0.10666666666666667,1.2540371016166576,3.971117488452749,34.919286157374465,0.46254307999274447,0.9779482262703739,12.438695584992502,22.52946038220864,36.28931156782342,45.657265657655785,0.4909090909090909,0.017770864876316846,0.4983277591973244,0.4991638795986622,-0.02859436957290255,1.0,0.5,-0.0016722408026755842,1094,0.8709677419354839,0.8568129330254042,,
integration_level,0.0,2,10000.0,60.0,0.0,300,0.5,150,150,0.08666666666666667,0.08,0.8429258819828949,1.7795101952972225,-114.21076572078061,1.3795674869500374,0.9292720702116676,-17.507801889712596,-20.769997797615645,1.5527232329474714,2.1539272023723015,0.4824462061155153,0.035096449825569455,0.48494983277591974,0.4987290969899666,-0.49220245063804213,0.65,0.48484848484848486,-0.016823755954190722,1092,0.8275862068965517,0.8337182448036952,,
integration_level,0.0,3,10000.0,60.0,0.0,300,0.5,150,150,0.08,0.08,0.5255890793540403,1.90213190623367,-107.39433714784073,1.1897498474679684,1.2255617157864023,-36.06064178429514,-31.252415404899267,11.7261859845688,11.7261859845688,0.5079726651480638,-0.016282823878706488,0.5117056856187291,0.5035785953177258,0.2666301513646752,0.815,0.5067567567567568,0.005084515954081215,1062,0.8518518518518519,0.8811188811188811,,
integration_level,0.0,4,10000.0,60.0,0.0,300,0.5,150,150,0.08666666666666667,0.08,1.1582426007987183,1.946162737396486,-45.388280931279134,0.7864932885906041,0.8494127516778524,0.7509260212250126,-2.660810177380256,22.3540193587952,18.308197922581257,0.5022573363431151,-0.004802674920454411,0.5183946488294314,0.5004849498327759,0.660873128297372,0.5,0.5168918918918919,0.015219651089216302,1110,0.8899082568807339,0.8604118993135011,,
integration_level,0.0,5,10000.0,60.0,0.0,300,0.5,150,150,0.14666666666666667,0.14,1.5955382766104795,2.021015150373274,38.37116842567478,0.7158836689038032,0.6087092242859372,41.99585040950927,47.64257257502817,41.99585040950927,52.31242640037027,0.5096481271282634,-0.01942759654202435,0.5317725752508361,0.504180602006689,0.9858689959398593,0.36,0.5340136054421769,0.032341364639501324,1123,0.8963133640552995,0.8429561200923787,,
integration_level,0.0,6,10000.0,60.0,0.0,300,0.5,150,150,0.11333333333333333,0.10666666666666667,1.1168767936273356,1.8189136353359467,-68.27590088835461,0.9348034515819752,0.6112176414189837,-19.670567019109683,-7.451963681919921,12.056342755136328,16.67454072638604,0.4994350282485876,0.0010266311176487125,0.5551839464882943,0.5004515050167224,1.8371583916674519,0.06,0.5521885521885522,0.050516311385876644,1101,0.8775981524249422,0.8669724770642202,,
integration_level,0.0,7,10000.0,60.0,0.0,300,0.5,150,150,0.12,0.12666666666666668,1.299638450766354,3.086641320570091,52.790177509052526,0.8541793776693106,0.9151921903599756,2.313252202015974,8.25084697308938,48.392221188465555,58.819385375457955,0.5164212910532276,-0.03342709894667693,0.4882943143812709,0.5009197324414716,-0.4353474151894666,0.695,0.4863013698630137,-0.015370870939661885,1113,0.8816705336426914,0.8371559633027523,,
integration_level,0.0,8,10000.0,60.0,0.0,300,0.5,150,150,0.05333333333333334,0.06,1.1269387467230774,1.5016092910881527,-77.49771542825638,1.9676632092739477,1.4185478950579624,-44.917177851969825,-39.139066424783095,12.028482695424941,41.04417400672003,0.498868778280543,0.0021079306571444158,0.4782608695652174,0.49973244147157186,-0.7478675312047128,0.485,0.47635135135135137,-0.025320889451324213,1107,0.8486238532110092,0.8709677419354839,,
integration_level,0.0,9,10000.0,60.0,0.0,300,0.5,150,150,0.09333333333333334,0.10666666666666667,1.2651347750822917,2.003130060546962,63.53762856680885,1.2390294269488902,0.9272341928647121,20.627867816210482,25.81526580114496,35.72624918462577,50.02281768517628,0.4988662131519274,0.0021854832489138255,0.5016722408026756,0.5018561872909699,-0.006566126836072321,1.0,0.4965986394557823,-0.005073601346893275,1119,0.8993135011441648,0.8548387096774194,,
integration_level,0.25,0,10000.0,60.0,0.25,300,0.5,150,150,0.30666666666666664,0.28,0.9927793721131872,6.9163629590552045,393.51218735122336,0.8149568552253117,0.4314477468839885,101.83402047039601,92.45008881714466,122.3540193587952,114.42314959596814,0.5266742338251986,-0.05336068192828214,0.5384615384615384,0.5018729096989967,1.2644171270840483,0.21,0.5363321799307958,0.034659939128120265,1155,0.9097222222222222,0.8922018348623854,,
integration_level,0.25,1,10000.0,60.0,0.25,300,0.5,150,150,0.29333333333333333,0.28,0.3722922645424452,10.610329539459688,580.849152184411,0.5674191580231849,0.3111653447223917,98.6784946618335,91.63375848129613,128.18782415610409,118.75775971438176,0.5232690124858116,-0.04654341840632765,0.5719063545150501,0.5012374581939799,2.6008618173331137,0.005,0.5728813559322034,0.07120911512952777,1138,0.8775981524249422,0.896551724137931,,
integration_level,0.25,2,10000.0,60.0,0.25,300,0.5,150,150,0.28,0.28,1.2764306212883836,6.929194801279797,438.8943381613228,0.4592016955139527,0.6711409395973155,101.32076852613818,89.40810769820541,119.30415392243015,109.32482483056413,0.5294784580498866,-0.05902362204724413,0.5585284280936454,0.49871237458193984,2.1782022987999095,0.025,0.5620689655172414,0.06039672471456581,1108,0.8914549653579676,0.8663594470046083,,
integration_level,0.25,3,10000.0,60.0,0.25,300,0.5,150,150,0.24666666666666667,0.25333333333333335,0.9164117281044806,4.836617453884759,366.35714826869304,0.6004945249028611,0.6223306894447834,71.53179947990634,69.96933095090918,88.81890835472814,95.73008005476925,0.5210466439135382,-0.04209463657071863,0.5451505016722408,0.5021739130434782,1.5445696936474378,0.135,0.5467128027681661,0.045040561965490555,1122,0.888631090487239,0.8732718894009217,,
integration_level,0.25,4,10000.0,60.0,0.25,300,0.5,150,150,0.2866666666666667,0.2866666666666667,0.9117361580631312,4.850436360895857,397.25368925199274,0.6406345332519829,0.5674191580231849,95.1022104348167,80.26982021368241,121.33502310538137,113.46417369140562,0.5192743764172335,-0.03857011368953639,0.5719063545150501,0.4994147157190635,2.6879463973748994,0.0,0.5675675675675675,0.06589532676489196,1132,0.8436781609195402,0.9078341013824884,,
integration_level,0.25,5,10000.0,60.0,0.25,300,0.5,150,150,0.26,0.2733333333333333,0.850953747525589,9.700872721791715,496.6242821506763,0.4758999389871873,0.6471716203259829,83.40040982357846,75.73500793527995,104.82280835859612,99.11268551027266,0.5214932126696833,-0.04301979317431737,0.5451505016722408,0.49954849498327764,1.5139974342745628,0.14,0.5395189003436426,0.037846659540967,1143,0.8868360277136259,0.8761467889908257,,
integration_level,0.25,6,10000.0,60.0,0.25,300,0.5,150,150,0.22666666666666666,0.22666666666666666,1.8544369403623688,6.406236703070002,250.20078481344433,0.48471290082028334,0.9527804410354747,78.7936197135009,81.71229563565811,84.86394958068965,87.58444048127257,0.5347776510832383,-0.06955530216647665,0.5652173913043478,0.5008026755852844,2.2332889689960362,0.03,0.5665529010238908,0.06488066022121519,1172,0.8752886836027713,0.8752886836027713,,
integration_level,0.25,7,10000.0,60.0,0.25,300,0.5,150,150,0.26666666666666666,0.26,0.6807629980204714,5.081409520938519,137.10404834312934,0.46607009694258017,0.4026845637583893,80.35559344463474,96.876526554169,112.85694566104229,124.49218571216329,0.5366403607666291,-0.07329299913569574,0.568561872909699,0.49954849498327764,2.3660306103084117,0.02,0.5675675675675675,0.06589532676489196,1102,0.8937644341801386,0.8819444444444444,,
integration_level,0.25,8,10000.0,60.0,0.25,300,0.5,150,150,0.2866666666666667,0.28,1.1476165218923082,9.344877392551652,565.5320688918512,0.5845421086815329,0.4290901089228738,97.42577095036984,99.45512895402163,108.54088294547108,110.65886596178063,0.5209513023782559,-0.04190394106360484,0.5317725752508361,0.5040468227424749,0.9670088724397424,0.335,0.5358361774744027,0.034163936671727124,1117,0.8761467889908257,0.8963133640552995,,
integration_level,0.25,9,10000.0,60.0,0.25,300,0.5,150,150,0.2733333333333333,0.2733333333333333,1.2263745184927608,6.657461671817844,386.02199347334414,0.42098840756558875,0.6074982642906734,88.2678265581419,95.68044991597242,105.97476163882936,107.85041091102437,0.5368063420158551,-0.07364710952410262,0.5551839464882943,0.49993311036789295,1.9704254639222911,0.055,0.5567010309278351,0.05502879012515949,1142,0.8873563218390804,0.9147465437788018,,
integration_level,0.5,0,10000.0,60.0,0.5,300,0.5,150,150,0.47333333333333333,0.49333333333333335,1.423276621967578,9.443327428292822,950.5096013023135,0.42186001917545546,0.430051475858474,194.05305463997382,182.2202553748479,205.26431760781054,193.82226870202516,0.5657596371882087,-0.13184663989538412,0.6622073578595318,0.5001839464882943,5.6919650518942415,0.0,0.6584507042253521,0.15677846342267654,1189,0.9193548387096774,0.919908466819222,,
integration_level,0.5,1,10000.0,60.0,0.5,300,0.5,150,150,0.44666666666666666,0.44666666666666666,0.9488510813117188,9.014085272461328,743.779164208188,0.4535732723652187,0.6565509191712868,163.3908964774293,175.16888096254513,180.26431760781054,188.96714479417489,0.549263873159683,-0.09855028967272196,0.6220735785953178,0.5036120401337794,4.461838631579302,0.0,0.6354166666666666,0.13374442586399105,1165,0.9101382488479263,0.9006928406466512,,
integration_level,0.5,2,10000.0,60.0,0.5,300,0.5,150,150,0.5066666666666667,0.47333333333333333,1.448921245786814,12.235334964421984,941.645678509225,0.4524545660206621,0.3579418344519016,162.48954756332097,164.80043145732645,177.1989928754249,180.10748556626714,0.5497737556561086,-0.09963756987529959,0.6321070234113713,0.5002006688963211,4.889987176713392,0.0,0.6344827586206897,0.13281051781801412,1157,0.930715935334873,0.9061784897025171,,
integration_level,0.5,3,10000.0,60.0,0.5,300,0.5,150,150,0.46,0.46,1.5030865260031432,12.692730664026543,923.5734736606009,0.5091414024531359,0.43971302939134466,165.38152036905882,171.33000722368922,174.20930864407615,178.85216037446753,0.5453514739229025,-0.09110829630867966,0.6086956521739131,0.5034615384615384,3.686920867133607,0.0,0.6167247386759582,0.11505249787328264,1165,0.8845265588914549,0.9057471264367816,,
integration_level,0.5,4,10000.0,60.0,0.5,300,0.5,150,150,0.43333333333333335,0.4066666666666667,1.2385168404580358,6.72337713391505,539.3496970610917,0.3530027019959906,0.3489932885906041,152.2204150522831,152.99255967696877,164.90035214524687,165.60206750915853,0.5418552036199095,-0.08394482437311765,0.6020066889632107,0.5073411371237458,3.044000736156623,0.01,0.59375,0.09207775919732442,1168,0.8899082568807339,0.91415313225058,,
integration_level,0.5,5,10000.0,60.0,0.5,300,0.5,150,150,0.4866666666666667,0.5066666666666667,0.7148011479214949,13.581221810508401,749.8346688901481,0.4194630872483222,0.2818791946308725,140.88200952233592,152.99255967696877,188.51375012865378,191.95052605837083,0.5344632768361582,-0.06958751362200288,0.6153846153846154,0.4988127090301004,3.988292911462203,0.0,0.6161616161616161,0.11448937535894055,1114,0.8830275229357798,0.8912037037037037,,
integration_level,0.5,6,10000.0,60.0,0.5,300,0.5,150,150,0.42,0.4266666666666667,2.5251127508096283,11.07164821508837,825.5170565191785,0.21766733176129152,0.4614093959731544,163.14393373570476,142.85120087445904,184.40120920223825,168.3548462428352,0.5431818181818182,-0.08638608235707357,0.6053511705685619,0.5008026755852844,3.74456246446163,0.0,0.6122448979591837,0.1105726571565081,1185,0.8925233644859814,0.9011494252873563,,
integration_level,0.5,7,10000.0,60.0,0.5,300,0.5,150,150,0.4666666666666667,0.44666666666666666,0.6807629980204714,12.934496962388955,855.012245773842,0.45875456630702577,0.3523489932885906,149.57502033972122,155.9810993631976,183.40040982357846,189.66815736554605,0.5340136054421769,-0.06802858380585225,0.5719063545150501,0.5017725752508361,2.453776936173975,0.015,0.5714285714285714,0.06975633062589581,1151,0.8853211009174312,0.8839907192575406,,
integration_level,0.5,8,10000.0,60.0,0.5,300,0.5,150,150,0.4666666666666667,0.48,1.0615858632497448,7.843939989567559,597.1736978532301,0.3261177805085547,0.33557046979865773,136.2317052738423,130.7529638099266,161.83377077546203,158.70036526870632,0.5475113122171946,-0.09502262443438914,0.6254180602006689,0.5018729096989967,4.458060368210091,0.0,0.6347517730496454,0.13307953224696978,1186,0.9107551487414187,0.9200913242009132,,
integration_level,0.5,9,10000.0,60.0,0.5,300,0.5,150,150,0.41333333333333333,0.4266666666666667,1.04097254551674,9.88923918240903,720.4753663173256,0.4278523489932886,0.261483482959993,155.9810993631976,150.24388999473422,170.68044991597242,169.36323269079605,0.5476190476190477,-0.09540847746794501,0.5953177257525084,0.5022742474916388,3.3273337993351717,0.0,0.6020761245674741,0.10040388376479847,1138,0.8870967741935484,0.9191685912240185,,
integration_level,0.75,0,10000.0,60.0,0.75,300,0.5,150,150,0.6133333333333333,0.6133333333333333,1.3167389566974903,14.296022958429896,1263.2511286406457,0.3559080740288794,0.28313758389261745,220.2569565016688,213.07703935354908,244.13272521213145,241.09454412116042,0.571590909090909,-0.14383320046669146,0.6521739130434783,0.49994983277591976,5.318539305681236,0.0,0.647887323943662,0.1462150831409864,1201,0.9214780600461894,0.8868360277136259,,
integration_level,0.75,1,10000.0,60.0,0.75,300,0.5,150,150,0.6733333333333333,0.6733333333333333,0.3191076553220959,21.220659078919375,1433.1706715704609,0.43510408372198844,0.24511234315728045,222.83697085786707,214.71761280665845,271.0310290381928,264.80364535956954,0.5369738339021616,-0.0743495193901226,0.6387959866220736,0.4981103678929766,4.960151208038195,0.0,0.6512455516014235,0.14957331079874792,1124,0.9055299539170507,0.9084507042253521,,
integration_level,0.75,2,10000.0,60.0,0.75,300,0.5,150,150,0.6466666666666666,0.6466666666666666,1.890099189215491,16.32358390686106,1289.3086877284154,0.338621110433191,0.2352129461205545,223.76078216684374,228.90980165965942,233.29134501283687,240.11352849067157,0.5673839184597962,-0.1347911239712035,0.6956521739130435,0.5054180602006689,6.932866247387949,0.0,0.7118055555555556,0.21013331475288,1169,0.9333333333333333,0.9354838709677419,,
integration_level,0.75,3,10000.0,60.0,0.75,300,0.5,150,150,0.6266666666666667,0.6533333333333333,1.0020576840020956,14.808185774697632,983.9470114230487,0.2516778523489933,0.29254861469626575,229.64126520294423,225.0901457267746,247.55687436533572,241.41163709284677,0.5654627539503386,-0.13144583150127134,0.6622073578595318,0.498494983277592,5.534034998990376,0.0,0.6702508960573477,0.16857865525467208,1213,0.9178082191780822,0.9353348729792148,,
integration_level,0.75,4,10000.0,60.0,0.75,300,0.5,150,150,0.6,0.6066666666666667,1.38796339402232,9.88923918240903,1058.1302709871688,0.21295818275684048,0.3127647097152538,212.88967254864917,212.9114899866246,223.29621960438544,225.24388999473422,0.5634920634920635,-0.12698557569322405,0.7090301003344481,0.5014882943143812,7.085850310583928,0.0,0.71875,0.21707775919732442,1154,0.9399538106235565,0.9399538106235565,,
integration_level,0.75,5,10000.0,60.0,0.75,300,0.5,150,150,0.6533333333333333,0.6666666666666666,1.5539155389597714,15.746344128125683,1392.602219348587,0.3407330924109448,0.3745902918682691,239.78128927809678,248.8591549435207,248.3636836061574,257.58251242920323,0.5819209039548022,-0.16432345852157537,0.7123745819397993,0.49954849498327764,7.451670448415833,0.0,0.7224199288256228,0.2207476880229472,1162,0.9379310344827586,0.9308755760368663,,
integration_level,0.75,6,10000.0,60.0,0.75,300,0.5,150,150,0.5933333333333334,0.62,1.567546377020822,12.906131837471435,1167.9488144305674,0.26791513314570253,0.24972686124551272,230.4385538404636,233.70587068142476,243.30295759765937,240.09576822059336,0.5764439411098528,-0.15291154112044414,0.6956521739130435,0.49704013377926426,6.820646344425557,0.0,0.696113074204947,0.19444083340227136,1159,0.923963133640553,0.9330254041570438,,
integration_level,0.75,7,10000.0,60.0,0.75,300,0.5,150,150,0.6,0.5866666666666667,0.9211354998988335,14.701322578385385,975.0116654357084,0.3068072866730585,0.38719669592152817,229.27879703495296,217.45027206349891,251.06075371301688,239.6556523008179,0.5544217687074829,-0.10885636605541721,0.6789297658862876,0.5013043478260869,6.625347435699572,0.0,0.6898954703832753,0.18822322958059967,1161,0.9234338747099768,0.930715935334873,,
integration_level,0.75,8,10000.0,60.0,0.75,300,0.5,150,150,0.6533333333333333,0.6333333333333333,1.5814184688528647,12.018780363281772,1209.670718935627,0.2337008628954938,0.21049420378279438,208.61602278750684,204.50279151387554,242.4163903362699,240.01626757455244,0.579185520361991,-0.15851929210244745,0.725752508361204,0.5037625418060201,8.176776208908196,0.0,0.7307692307692307,0.22909698996655514,1149,0.9330254041570438,0.9243119266055045,,
integration_level,0.75,9,10000.0,60.0,0.75,300,0.5,150,150,0.6,0.6133333333333333,1.336076912002794,9.519547998019908,939.0062677278605,0.30478418816575337,0.31692766592095456,214.94415699275334,214.9843962205748,228.26865937342575,230.16640472300855,0.5369738339021616,-0.07398241817409981,0.7023411371237458,0.5017224080267558,7.319568019828007,0.0,0.7117437722419929,0.21007153143931734,1197,0.9285714285714286,0.923963133640553,,
integration_level,1.0,0,10000.0,60.0,1.0,300,0.5,150,150,0.8666666666666667,0.8666666666666667,1.0309631941175408,29.382451032349906,1736.6419517225993,0.11647900604581508,0.08531452621999773,246.8845002525975,245.47340912331816,287.95217878852645,285.1109815809295,0.5797266514806378,-0.15957514436243775,0.7591973244147158,0.5027591973244147,9.371956156799694,0.0,0.7785714285714286,0.276899187768753,1145,0.9395348837209302,0.9305555555555556,,
integration_level,1.0,1,10000.0,60.0,1.0,300,0.5,150,150,0.7933333333333333,0.7866666666666666,1.5614588182751101,29.66771754722709,1841.4221779838333,0.21155529617741464,0.3057419835943326,283.21255282885045,277.3849182572952,301.0550366608959,301.0550366608959,0.5898305084745763,-0.17991561267648837,0.7558528428093646,0.5051839464882943,8.292739234249385,0.0,0.7741935483870968,0.27252130758442117,1181,0.9333333333333333,0.9425287356321839,,
integration_level,1.0,2,10000.0,60.0,1.0,300,0.5,150,150,0.8533333333333334,0.8466666666666667,1.654632286855312,15.719006725125464,1697.2704923380738,0.2206490760319941,0.27581134503999266,285.6042127667964,285.6042127667964,304.4689493126327,306.5136022955121,0.5732122587968218,-0.14644815079656526,0.7157190635451505,0.5026588628762542,7.121631479477629,0.0,0.7411347517730497,0.23946251097037408,1182,0.9191685912240185,0.9237875288683602,,
integration_level,1.0,3,10000.0,60.0,1.0,300,0.5,150,150,0.8266666666666667,0.8266666666666667,0.8197260870659345,20.76639420567034,1405.0935638736628,0.18967026553837177,0.21354484441732766,268.32926314830036,268.9789345081431,297.2422759694337,296.8845002525975,0.5722411831626849,-0.14448829139686575,0.68561872909699,0.5026086956521739,6.309793022889423,0.0,0.696113074204947,0.19444083340227136,1130,0.9305555555555556,0.9395348837209302,,
integration_level,1.0,4,10000.0,60.0,1.0,300,0.5,150,150,0.8066666666666666,0.8133333333333334,0.9927793721131872,15.719006725125466,1460.8058296446302,0.199805317895384,0.21683014971605577,257.34478919560166,257.7608606549339,292.0130815203315,292.0720589887135,0.5881683731513083,-0.17639155842895174,0.7491638795986622,0.5015551839464883,8.787658213511106,0.0,0.7607142857142857,0.2590420449116101,1187,0.9399538106235565,0.9444444444444444,,
integration_level,1.0,5,10000.0,60.0,1.0,300,0.5,150,150,0.8333333333333334,0.8066666666666666,1.3167389566974903,25.018040177252317,1660.2353333158683,0.20134228187919465,0.13131018383425738,256.8349460468242,256.8349460468242,288.0770393535491,292.87589332103636,0.5840909090909091,-0.16827837011323263,0.7792642140468228,0.503428093645485,9.802257740322677,0.0,0.7913669064748201,0.2896946656721445,1130,0.9232558139534883,0.9303944315545244,,
integration_level,1.0,6,10000.0,60.0,1.0,300,0.5,150,150,0.8866666666666667,0.8666666666666667,1.1168767936273356,16.02376297795953,1721.853933199752,0.2785868051158668,0.2803500127431824,298.86935681682587,299.5997015411923,318.81275324279903,318.8855672143871,0.5782312925170068,-0.15651610514624217,0.7290969899665551,0.5017056856187291,8.207485862997675,0.0,0.7454545454545455,0.2437823046518699,1181,0.9241379310344827,0.9241379310344827,,
integration_level,1.0,7,10000.0,60.0,1.0,300,0.5,150,150,0.84,0.8266666666666667,1.1406401296619597,14.44810830905149,1360.143024051554,0.17661603673613563,0.14503469457399615,257.3035868737572,255.4839842143295,280.73189151365654,278.55316189284133,0.5790671217292378,-0.15851809654511684,0.7324414715719063,0.4998829431438127,8.932247632620602,0.0,0.7429577464788732,0.24128550567619766,1226,0.9399538106235565,0.9494252873563218,,
integration_level,1.0,8,10000.0,60.0,1.0,300,0.5,150,150,0.7666666666666667,0.76,1.4891690581697807,31.830988618379067,1849.525910268429,0.2597964927473479,0.14027945868632413,273.54577619285146,274.8019289611025,292.8012898136944,297.75170587279774,0.6040723981900452,-0.20864591387883208,0.7190635451505016,0.5011538461538462,7.246822479412239,0.0,0.7352941176470589,0.2336218768443833,1222,0.9310344827586207,0.9496567505720824,,
integration_level,1.0,9,10000.0,60.0,1.0,300,0.5,150,150,0.7466666666666667,0.74,1.374617592156721,16.32358390686106,1414.566398281167,0.3033924795439919,0.3013285851253253,295.8071145562453,292.4817955906707,315.0322693642528,310.1503367265563,0.6040723981900452,-0.2082004555808654,0.7424749163879598,0.5007859531772576,9.180285524180738,0.0,0.7636363636363637,0.2619641228336881,1224,0.9429223744292238,0.9336384439359268,,
n_total,100.0,0,10000.0,60.0,0.5,100,0.5,50,50,0.4,0.4,2.82158347863748,35.74005739607475,2658.7913922865946,0.08873114463176575,0.08873114463176575,370.7435008128807,347.6020122010067,376.29559998682464,357.60716200384735,0.5916955017301038,-0.18390129963466456,0.696969696969697,0.5081818181818182,3.7441084441095023,0.0,0.7910447761194029,0.28599427106889785,417,0.9078014184397163,0.9148936170212766,,
n_total,100.0,1,10000.0,60.0,0.5,100,0.5,50,50,0.46,0.48,1.5767672380621212,29.958577523180303,2559.2174775978206,0.22675736961451246,0.11337868480725623,330.5462919834889,378.60425307722403,374.01406247478803,413.2532233941804,0.5177304964539007,-0.03629499119053614,0.5757575757575758,0.501969696969697,1.377257004634003,0.2,0.5846153846153846,0.07956487956487956,328,0.8467153284671532,0.8270676691729323,,
n_total,100.0,2,10000.0,60.0,0.5,100,0.5,50,50,0.42,0.42,5.025945571323011,25.46479089470326,1770.0238153688422,0.10741138560687433,0.5370569280343717,364.8113449207418,346.45461527912255,364.8113449207418,346.45461527912255,0.5804195804195804,-0.16083916083916083,0.6464646464646465,0.5106565656565657,2.9309970389830076,0.0,0.7222222222222222,0.21717171717171713,351,0.9264705882352942,0.875,,
n_total,100.0,3,10000.0,60.0,0.5,100,0.5,50,50,0.42,0.42,0.0,29.10261816537515,2609.479485086073,0.0927643784786642,0.1943634596695821,382.5828007256506,386.4916914813771,432.5828007256506,436.4916914813771,0.527972027972028,-0.055956965584693596,0.6565656565656566,0.5122727272727273,3.1599686810215553,0.0,0.671875,0.16682449494949492,335,0.9264705882352942,0.8444444444444444,,
n_total,100.0,4,10000.0,60.0,0.5,100,0.5,50,50,0.36,0.36,4.986984752940662,31.584236768624194,2037.0875982843736,0.0,0.0,370.42959763184035,409.9863252482288,384.4883885589305,429.72323718694474,0.5296167247386759,-0.059555037404060915,0.6666666666666666,0.5052020202020202,3.29870424535411,0.0,0.7971014492753623,0.2920509442248572,367,0.9214285714285714,0.8840579710144928,,
n_total,100.0,5,10000.0,60.0,0.5,100,0.5,50,50,0.38,0.4,2.8978424915736283,82.58851100984839,3642.5114673887074,0.2915451895043732,0.10204081632653061,351.1029326730046,361.9495232776587,354.07600117594984,372.34429313897397,0.5400696864111498,-0.08019182905360284,0.6565656565656566,0.4969191919191919,3.6897048756655892,0.0,0.7377049180327869,0.23265441298228184,342,0.8646616541353384,0.8467153284671532,,
n_total,100.0,6,10000.0,60.0,0.5,100,0.5,50,50,0.4,0.4,2.493492376470331,31.584236768624194,2361.8576990919782,0.0,0.08873114463176575,333.5388184703136,379.07600117594984,369.15275401843905,411.6163958451625,0.5298245614035088,-0.0660011642164451,0.6464646464646465,0.4996969696969697,3.0254802724867655,0.0,0.6986301369863014,0.1935796319357963,346,0.9347826086956522,0.8676470588235294,,
n_total,100.0,7,10000.0,60.0,0.5,100,0.5,50,50,0.4,0.42,1.41079173931874,26.805043047056053,2447.93806232458,0.24489795918367346,0.1774622892635315,397.1698367586756,370.7435008128807,409.09435079161585,382.09912032304976,0.5331010452961672,-0.06625386996903998,0.5656565656565656,0.5043434343434343,1.2566517838713043,0.2,0.6268656716417911,0.121815166591286,376,0.8840579710144928,0.8714285714285714,,
n_total,100.0,8,10000.0,60.0,0.5,100,0.5,50,50,0.42,0.42,1.374617592156721,31.341281101173244,2481.330248640293,0.08873114463176575,0.25510204081632654,362.73357167516485,353.1440350921074,396.3770017573521,375.5926557410579,0.545774647887324,-0.09156282933482138,0.6060606060606061,0.5044444444444445,1.9784269173651412,0.07,0.734375,0.22932449494949492,371,0.8832116788321168,0.9259259259259259,,
n_total,100.0,9,10000.0,60.0,0.5,100,0.5,50,50,0.38,0.36,1.374617592156721,34.82364566797026,2686.83843764192,0.1855287569573284,0.3246753246753247,349.26525508404325,349.26525508404325,371.3770017573521,371.3770017573521,0.5492957746478874,-0.10302245680426271,0.7373737373737373,0.5003535353535353,4.659056347632267,0.0,0.75,0.24494949494949492,358,0.9044117647058824,0.9051094890510949,,
n_total,200.0,0,10000.0,60.0,0.5,200,0.5,100,100,0.38,0.41,2.1444034437644848,11.317684842090335,1252.194582063301,0.21426385062748698,0.5562875128092519,279.2567428401228,267.5385239187698,283.14309460874335,270.38727573834035,0.5582191780821918,-0.11649073422472431,0.5376884422110553,0.5002763819095478,1.0833966773914825,0.29,0.5480225988700564,0.045510036055986136,776,0.8666666666666667,0.897887323943662,,
n_total,200.0,1,10000.0,60.0,0.5,200,0.5,100,100,0.4,0.4,0.7550716351283397,19.128481423251273,811.5260418136822,0.2195871761089152,0.2195871761089152,204.12436660503892,204.12436660503892,219.14239234425565,219.14239234425565,0.5376712328767124,-0.07565785614566112,0.628140703517588,0.4977386934673367,3.642260184092625,0.0,0.632768361581921,0.13025579876785065,757,0.9052631578947369,0.897887323943662,,
n_total,200.0,2,10000.0,60.0,0.5,200,0.5,100,100,0.45,0.43,0.7658583727730303,14.551309082687572,1042.7295954177616,0.25789813023855573,0.12626262626262624,212.30114876774178,238.6025119029199,227.35802631908064,253.3149910828633,0.5667244367417678,-0.13350334772147684,0.6030150753768844,0.5048492462311558,2.7843318576039118,0.01,0.6208791208791209,0.11836655806505059,789,0.9074733096085409,0.8434163701067615,,
n_total,200.0,3,10000.0,60.0,0.5,200,0.5,100,100,0.41,0.41,0.7769577694798858,14.762197620117828,1129.8928493906249,0.37329819938515585,0.42648709315375977,210.65886596178063,208.962142458244,240.17478774237685,232.71365765350748,0.5429553264604811,-0.08602607709750566,0.5527638190954773,0.49766331658291457,1.5778162374066158,0.145,0.5885714285714285,0.08605886575735822,770,0.9045936395759717,0.9059233449477352,,
n_total,200.0,4,10000.0,60.0,0.5,200,0.5,100,100,0.42,0.41,0.0,21.82696362403136,1203.257967608086,0.41440041440041436,0.20202020202020202,171.1224043496793,192.5867224424302,213.1407971598016,226.84901484505866,0.5452991452991452,-0.09105738114657048,0.6130653266331658,0.5008291457286432,3.034815013826669,0.005,0.6464088397790055,0.14389627696493523,763,0.9017543859649123,0.9157894736842105,,
n_total,200.0,5,10000.0,60.0,0.5,200,0.5,100,100,0.46,0.48,0.38292918638651513,14.551309082687576,895.6517602422414,0.24050024050024046,0.2754820936639118,187.01937223683166,214.1888705802478,248.9422804014327,269.87463152005205,0.576068376068376,-0.15348497037957987,0.592964824120603,0.5030653266331658,2.302313760003922,0.015,0.6123595505617978,0.1098469877477275,738,0.9042553191489362,0.9125874125874126,,
n_total,200.0,6,10000.0,60.0,0.5,200,0.5,100,100,0.41,0.4,1.9146459319325755,12.126090902239644,987.8755427205988,0.21491510853212978,0.31565656565656564,212.30114876774178,210.65886596178063,231.82482323055422,229.44519249626006,0.5515463917525774,-0.10335663220559711,0.678391959798995,0.5062814070351759,5.616760770600708,0.0,0.7041420118343196,0.20162944902024926,757,0.8916083916083916,0.9151943462897526,,
n_total,200.0,7,10000.0,60.0,0.5,200,0.5,100,100,0.44,0.43,0.352697934829685,17.870028698037373,1490.3092710749804,0.4561746497230368,0.30609121518212423,259.58203904607507,268.9789345081431,288.6025119029199,298.9335171940558,0.5665529010238908,-0.13343586875466076,0.6331658291457286,0.500251256281407,3.6578065881846737,0.0,0.6706586826347305,0.1681461198206602,800,0.9027777777777778,0.9059233449477352,,
n_total,200.0,8,10000.0,60.0,0.5,200,0.5,100,100,0.42,0.43,0.8122740317289715,15.43320660285046,1063.5653087793823,0.1443001443001443,0.2525252525252525,200.0675912153776,210.65886596178063,242.85120087445904,242.85120087445904,0.5146299483648882,-0.029857869073555338,0.6331658291457286,0.5050502512562813,3.46395526566869,0.0,0.6206896551724138,0.1181770923583435,727,0.8825622775800712,0.8345070422535211,,
n_total,200.0,9,10000.0,60.0,0.5,200,0.5,100,100,0.47,0.48,1.374617592156721,17.41182283398513,1195.864800190607,0.23448773448773447,0.3673094582185491,228.04829745126682,236.39662022225048,264.0019698286967,275.0439598842023,0.5667808219178082,-0.13383092602096933,0.6884422110552764,0.5021859296482413,5.2145610279980845,0.0,0.7052023121387283,0.202689749324658,772,0.9090909090909091,0.8780487804878049,,
n_total,300.0,0,10000.0,60.0,0.5,300,0.5,150,150,0.4666666666666667,0.48,0.6807629980204714,7.545123228060223,632.4966413975131,0.4278523489932886,0.3231419338801889,152.09602339473827,143.51424134771247,183.40040982357846,174.26441348150036,0.536281179138322,-0.07259682812293096,0.6086956521739131,0.5005016722408027,3.418062211330432,0.0,0.6068965517241379,0.10522431092146234,1171,0.9126436781609195,0.896551724137931,,
n_total,300.0,1,10000.0,60.0,0.5,300,0.5,150,150,0.43333333333333335,0.43333333333333335,0.4582058640522403,8.705911416992565,732.302366103765,0.5153403643336529,0.2636625119846597,140.32480038727988,145.4273019251794,173.7075447203634,176.1263890318375,0.5520361990950227,-0.10427588466579289,0.6454849498327759,0.4999665551839465,5.111677101083743,0.0,0.6529209621993127,0.15124872139663714,1137,0.9018691588785047,0.8942528735632184,,
n_total,300.0,2,10000.0,60.0,0.5,300,0.5,150,150,0.42,0.44,0.9323493233758627,14.762197620117828,1043.382868234598,0.415815582141815,0.4486431281003793,162.02581549140223,175.16888096254513,179.22969916567064,190.52914680441899,0.5238095238095238,-0.04761904761904767,0.5986622073578596,0.4993311036789298,3.448809725322617,0.0,0.6083916083916084,0.10671936758893286,1216,0.8988505747126436,0.8827586206896552,,
n_total,300.0,3,10000.0,60.0,0.5,300,0.5,150,150,0.44,0.46,1.8544369403623688,8.968731384298001,835.8181711655233,0.29489526133821437,0.42838783378552053,195.18866562529212,177.78949138270082,196.66447087386075,180.7319421851285,0.545045045045045,-0.09011220907818106,0.6387959866220736,0.5044314381270902,4.643386526112055,0.0,0.6466431095406361,0.1449708687379605,1136,0.8944954128440367,0.896551724137931,,
n_total,300.0,4,10000.0,60.0,0.5,300,0.5,150,150,0.4,0.42,1.8720982445562961,9.700872721791715,789.8121919465729,0.4194630872483222,0.3604275416355953,162.02581549140223,148.9422804014327,162.02581549140223,151.834020470396,0.5519187358916479,-0.1038501274543401,0.6254180602006689,0.5029598662207357,4.153686485777806,0.0,0.6398601398601399,0.13818789905746431,1171,0.896551724137931,0.8947368421052632,,
n_total,300.0,5,10000.0,60.0,0.5,300,0.5,150,150,0.47333333333333333,0.4666666666666667,0.5255890793540403,8.559593578051516,584.6558684696668,0.33557046979865773,0.22226096051599406,145.01171872899,138.96714479417489,198.3505105844722,190.52914680441899,0.5536723163841808,-0.10758362109478764,0.6187290969899666,0.5012541806020067,4.11519761903922,0.0,0.6172413793103448,0.11556913850766926,1120,0.8995433789954338,0.9009216589861752,,
n_total,300.0,6,10000.0,60.0,0.5,300,0.5,150,150,0.4666666666666667,0.49333333333333335,0.7604267531079733,14.44810830905149,869.0165783373949,0.2694016447679365,0.6096984592116457,150.35446988080446,125.24656001627045,192.62352518623612,171.13616527139334,0.5340136054421769,-0.06802858380585225,0.5719063545150501,0.49906354515050166,2.7937895333650355,0.005,0.5901060070671378,0.0884337662644622,1183,0.9103448275862069,0.8804597701149425,,
n_total,300.0,7,10000.0,60.0,0.5,300,0.5,150,150,0.47333333333333333,0.48,0.44305856276125716,14.030187820773142,948.946642615956,0.44742729306487694,0.3050640634533252,166.68162220341281,183.09983680904276,199.568923174002,214.32780054601233,0.5401129943502825,-0.0815530306904062,0.6254180602006689,0.5022909698996656,4.531241517206546,0.0,0.6332179930795848,0.13154575227690923,1164,0.9359267734553776,0.9055299539170507,,
n_total,300.0,8,10000.0,60.0,0.5,300,0.5,150,150,0.47333333333333333,0.47333333333333333,1.1168767936273356,8.084060601493096,854.5417860864193,0.3212908753391404,0.3463953236631306,172.02127923440634,166.07199258329922,192.74116416830725,186.97053385340058,0.5785310734463277,-0.15771400539612468,0.6321070234113713,0.5044816053511706,4.325665548176395,0.0,0.6357388316151202,0.13406659081244465,1221,0.9380733944954128,0.9200913242009132,,
n_total,300.0,9,10000.0,60.0,0.5,300,0.5,150,150,0.43333333333333335,0.44,0.5307929316248724,13.4467542678301,946.5313972344727,0.38413987990109505,0.490449148167269,149.60005872182057,132.72560102179813,196.06380220685003,177.17313858334745,0.5316027088036117,-0.06323927890329706,0.6220735785953178,0.5027591973244147,3.8999491901524994,0.0,0.631578947368421,0.12990670656574543,1130,0.8610478359908884,0.9069767441860465,,
n_total,500.0,0,10000.0,60.0,0.5,500,0.5,250,250,0.52,0.492,1.304795746205903,5.030082152040149,430.10657141421007,0.4859864991882424,0.5047215890589385,105.87959025030528,113.77338588557376,126.57201754605376,134.5975087313318,0.5395003376097232,-0.07909710395706664,0.6132264529058116,0.4995991983967936,4.980239738972543,0.0,0.6149193548387096,0.11391735083069365,1914,0.9249658935879945,0.8814713896457765,,
n_total,500.0,1,10000.0,60.0,0.5,500,0.5,250,250,0.52,0.524,0.9960343864479846,6.679289415004131,614.4457065191693,0.5930457581621824,0.5151496036502029,116.4444672991333,113.54889707935774,144.90661955586268,141.74183048286346,0.5434929197572488,-0.0879004659967962,0.6112224448897795,0.500691382765531,4.760366400884923,0.0,0.6104417670682731,0.10943976306025716,2016,0.9103260869565217,0.9063772048846676,,
n_total,500.0,2,10000.0,60.0,0.5,500,0.5,250,250,0.528,0.516,1.0432232969665058,5.505900733989892,485.27514501672914,0.5047815571678982,0.40378906932076136,102.9461773507702,108.78004237748519,125.14747880429695,126.14209431128461,0.5587044534412956,-0.11780791969173876,0.6312625250501002,0.5009919839679359,6.349311157237871,0.0,0.6305220883534136,0.12952008434539763,1952,0.9263301500682128,0.9155313351498637,,
n_total,500.0,3,10000.0,60.0,0.5,500,0.5,250,250,0.476,0.48,1.1556665265796622,6.912597927504276,528.1368005133311,0.3804036019855821,0.4988899698171569,100.35616326695106,87.46733726915556,124.32041074801046,114.42503275268956,0.5293720459149224,-0.05885271136856093,0.6132264529058116,0.5008416833667334,4.705403104497466,0.0,0.6144578313253012,0.11345582731728521,1965,0.9017735334242838,0.9141689373297003,,
n_total,500.0,4,10000.0,60.0,0.5,500,0.5,250,250,0.48,0.468,0.9906211560868541,6.642988929053022,439.11417775509676,0.5103286072466663,0.5269697574829706,103.90397063778079,111.8578619721552,121.76722874601086,125.87555815034975,0.5425675675675675,-0.08519508245296588,0.6192384769539078,0.5033867735470942,5.4183711969180175,0.0,0.6192384769539078,0.11823647294589179,1964,0.9261285909712722,0.9061224489795918,,
n_total,500.0,5,10000.0,60.0,0.5,500,0.5,250,250,0.504,0.52,0.9859326178227514,5.853974918322586,485.1201188597705,0.4178203497218689,0.4989282282504251,93.23642759946398,102.5255720047333,131.12036816523084,138.2770523435119,0.55,-0.10009843831898772,0.6472945891783567,0.5009819639278558,6.532710929982684,0.0,0.6472945891783567,0.14629258517034072,1960,0.9084699453551912,0.9098360655737705,,
n_total,500.0,6,10000.0,60.0,0.5,500,0.5,250,250,0.496,0.492,1.0070402912706142,6.37792184471389,417.0571455905919,0.6058717629137239,0.504909812661049,99.85686164133455,111.0229067452409,116.54863250586499,127.08142350944718,0.5423956931359354,-0.08484051418054296,0.6372745490981964,0.5015230460921843,6.418349524942536,0.0,0.6378269617706237,0.13682495776260772,1928,0.9072305593451568,0.9144021739130435,,
n_total,500.0,7,10000.0,60.0,0.5,500,0.5,250,250,0.54,0.512,0.9747288380747656,7.625819733173166,578.4066495428915,0.6790446811400191,0.4467631290713092,125.42174911867522,127.23102104029886,138.12338416705074,140.29035385816576,0.543978349120433,-0.08796466691203522,0.6152304609218436,0.4976653306613227,5.4231671621627395,0.0,0.613682092555332,0.11268008854731604,1960,0.91268758526603,0.9167803547066848,,
n_total,500.0,8,10000.0,60.0,0.5,500,0.5,250,250,0.468,0.448,0.9243118292088295,5.619815921589684,350.0093522219888,0.5215667866270276,0.5152187698161066,85.69184854224534,88.40245183528589,96.3268866890732,98.16228681267921,0.5426251691474966,-0.0852821343880755,0.6012024048096193,0.5032765531062124,4.330557437377096,0.0,0.6012024048096193,0.1002004008016033,1917,0.8931506849315068,0.9123287671232877,,
n_total,500.0,9,10000.0,60.0,0.5,500,0.5,250,250,0.48,0.476,0.9425949203360371,5.59665733949522,394.1055064331632,0.6421032969085646,0.43355239138371676,96.8834570848648,112.00397389937689,115.18354616959334,127.4449147386843,0.5407407407407407,-0.08181310553768587,0.5891783567134269,0.5036172344689379,3.9465274604497567,0.0,0.5903614457831325,0.08935944177511657,1950,0.9199457259158752,0.9116847826086957,,
n_total,800.0,0,10000.0,60.0,0.5,800,0.5,400,400,0.56,0.5675,0.9883154360874986,4.121998526121031,273.6848029977835,0.6632434745400085,0.6178969436169038,56.414696821664165,56.71321475059477,80.74332268214533,82.03560024706692,0.5492010092514719,-0.09840279546161917,0.5932415519399249,0.4984167709637046,5.720650341222473,0.0,0.5932415519399249,0.09261576971214014,3024,0.9033078880407125,0.8964346349745331,,
n_total,800.0,1,10000.0,60.0,0.5,800,0.5,400,400,0.575,0.5775,1.2709287651621406,4.68317993465807,374.41921284592263,0.6552006552006552,0.6104369835479788,84.18986405727975,88.8494108458529,97.24516501680489,101.17901315954032,0.5415966386554621,-0.08348421359523993,0.6408010012515645,0.49964330413016267,7.4534715266986735,0.0,0.6416040100250626,0.14097822779727787,3147,0.9196277495769881,0.9053254437869822,,
n_total,800.0,2,10000.0,60.0,0.5,800,0.5,400,400,0.56,0.555,1.1487875591595453,4.547284088339867,323.432512454654,0.5948017676503236,0.572860723236663,69.42086145417267,64.07468448947662,88.9089669436976,85.26104350168,0.5418242959226566,-0.0837106315126012,0.6020025031289111,0.5026282853566959,5.448953812206521,0.0,0.6020025031289111,0.10137672090112637,3194,0.9101694915254237,0.9195596951735817,,
n_total,800.0,3,10000.0,60.0,0.5,800,0.5,400,400,0.5225,0.5175,0.9970734005392825,3.9651058486562154,263.17713787868996,0.6514803328796769,0.6505940367142043,54.621882079190755,58.74625563358762,70.84374357662304,71.98873596378684,0.5331654072208228,-0.06633758015667574,0.5994993742177722,0.4990362953692115,5.20327301256285,0.0,0.5994993742177722,0.09887359198998746,3107,0.9087066779374472,0.9061707523245984,,
n_total,800.0,4,10000.0,60.0,0.5,800,0.5,400,400,0.54,0.5375,0.7337146819449651,3.3457389496690415,256.03546651289844,0.6040337436651566,0.6205991168397184,53.423642555343065,48.67383951253316,74.47114020071635,71.25076675733777,0.5294117647058824,-0.05882652023591611,0.6182728410513142,0.5015456821026283,6.851216729640842,0.0,0.6182728410513142,0.11764705882352944,3068,0.9052453468697124,0.9128595600676819,,
n_total,800.0,5,10000.0,60.0,0.5,800,0.5,400,400,0.54,0.5375,1.2164004683069993,4.53827956539266,352.84745559344606,0.6150038437740235,0.6250039062744142,74.5233422062521,76.14192253232858,88.17744344796432,89.9188149178151,0.5504625735912532,-0.10098141423037384,0.639549436795995,0.5010075093867334,7.52638013665481,0.0,0.639549436795995,0.1389236545682102,3190,0.9138513513513513,0.9028716216216216,,
n_total,800.0,6,10000.0,60.0,0.5,800,0.5,400,400,0.5575,0.545,1.2550064324151688,3.8992023749251157,266.8347376015717,0.5475429999801615,0.5921539600296076,76.4535947515335,77.72208087994164,88.91854936164333,89.99225373579435,0.5538267451640033,-0.10784175872221818,0.6182728410513142,0.4996996245306633,7.16790184753294,0.0,0.6182728410513142,0.11764705882352944,3084,0.9210526315789473,0.902376910016978,,
n_total,800.0,7,10000.0,60.0,0.5,800,0.5,400,400,0.54,0.51,1.1130907705980906,4.172197378228217,289.93463733271307,0.608949429276108,0.6205991168397184,68.90015850468433,66.65061842335643,83.43165262751242,80.9045385777095,0.5319059613769941,-0.06381661005950216,0.5944931163954944,0.49973717146433044,5.055345815290165,0.0,0.5944931163954944,0.09386733416770965,3147,0.9105485232067511,0.9019442096365173,,
n_total,800.0,8,10000.0,60.0,0.5,800,0.5,400,400,0.5425,0.53,1.029203871260685,5.214632947720802,342.3368112242504,0.6998628647089421,0.6586386811355566,67.43017798574766,68.13140311940083,87.68015679404547,86.8081163628735,0.5243697478991597,-0.04881355932203396,0.5944931163954944,0.5007571964956196,4.809302863673354,0.0,0.5944931163954944,0.09386733416770965,3130,0.9180743243243243,0.9033898305084745,,
n_total,800.0,9,10000.0,60.0,0.5,800,0.5,400,400,0.5325,0.56,1.0898244145429365,5.2868077982082875,387.116191811214,0.5880333909709674,0.6226907474872748,76.43869207346705,71.88652675563225,93.25751097829203,88.69038973624362,0.5571428571428572,-0.114666689271667,0.6357947434292867,0.5002377972465581,8.31304741183656,0.0,0.6357947434292867,0.1351689612015019,3143,0.9196956889264581,0.9265202702702703,,
me3_fraction,0.3,0,10000.0,60.0,0.5,300,0.3,90,210,0.5222222222222223,0.23333333333333334,0.4326883461994521,5.754755004452714,277.80518555456473,0.36300777873811585,0.43062200956937796,66.53498253243771,66.75556108697486,113.37302538433897,115.01671614384435,0.43968432919954903,-0.08089613798275187,0.4916387959866221,0.42066889632107024,2.7652808179835002,0.01,0.49310344827586206,0.07169876600161457,1006,0.9446640316205533,0.7714748784440842,,
me3_fraction,0.3,1,10000.0,60.0,0.5,300,0.3,90,210,0.4111111111111111,0.18095238095238095,1.3537900528816191,8.084060601493096,550.6932738813456,0.6367041198501873,0.4447407639814887,130.37653963109113,130.51833890521743,141.50386042159795,142.32228522403403,0.43148357870894677,-0.051629147891649914,0.46488294314381273,0.4209030100334448,1.7471206885372574,0.075,0.4726027397260274,0.05119805745177991,1023,0.9133858267716536,0.7495934959349594,,
me3_fraction,0.3,2,10000.0,60.0,0.5,300,0.3,90,210,0.5222222222222223,0.23333333333333334,1.8234723161262623,8.982289557214552,704.8988236580234,0.45880149812734083,0.520334928229665,166.20892593983967,163.40614034772517,171.84077161653306,169.50511695643763,0.43148357870894677,-0.037310084869227614,0.47491638795986624,0.42264214046822746,2.0569028737330957,0.05,0.4808362369337979,0.05943155465955041,1025,0.9523809523809523,0.7716150081566069,,
me3_fraction,0.3,3,10000.0,60.0,0.5,300,0.3,90,210,0.4888888888888889,0.21904761904761905,1.1966537074578598,11.368210220849669,872.3673523051391,0.3932584269662921,0.35462989023360536,145.36425045353172,143.90583686838204,169.1204098381612,169.4606618150233,0.4557823129251701,-0.10880945679707316,0.48494983277591974,0.4209866220735786,2.3942112011321863,0.01,0.4915254237288136,0.0701207414545661,984,0.9647058823529412,0.7993421052631579,,
me3_fraction,0.3,4,10000.0,60.0,0.5,300,0.3,90,210,0.5222222222222223,0.21904761904761905,1.8498994511425852,7.0296179143418245,381.611541662319,0.5598933536469244,0.2870813397129186,110.01191688009072,135.0097986240989,119.24512018168508,139.13446906853108,0.44835414301929627,-0.0837505158010296,0.5050167224080268,0.41663879598662207,3.3504330604265693,0.0,0.5138888888888888,0.09248420661464135,1061,0.953307392996109,0.7875816993464052,,
me3_fraction,0.3,5,10000.0,60.0,0.5,300,0.3,90,210,0.5111111111111111,0.2619047619047619,2.7849395373564736,10.288804401900304,671.2316344517394,0.5898876404494382,0.5245759025663331,142.85120087445904,116.26983479154535,167.29064690095595,149.97971324263193,0.42517006802721086,-0.033136909772710055,0.47491638795986624,0.4209030100334448,2.0270833276124285,0.06,0.47079037800687284,0.049385695732625357,996,0.9446640316205533,0.7549019607843137,,
me3_fraction,0.3,6,10000.0,60.0,0.5,300,0.3,90,210,0.5222222222222223,0.24285714285714285,0.5891218252100233,6.218508154994691,413.18267247166506,0.6606741573033709,0.5403884041654939,91.46306960804776,97.93311299925472,123.17045568643817,129.87728007477028,0.4332579185520362,-0.03994409761416587,0.4782608695652174,0.41918060200668894,2.1687584651580343,0.04,0.4812286689419795,0.05982398666773203,1027,0.953307392996109,0.7792207792207793,,
me3_fraction,0.3,7,10000.0,60.0,0.5,300,0.3,90,210,0.4888888888888889,0.24285714285714285,1.8234723161262623,7.217911251333123,638.4789448696436,0.43695380774032455,0.5382775119617225,132.31231060416525,112.44445750247417,150.29632787052896,140.96152026762178,0.44431818181818183,-0.08072284804769175,0.5150501672240803,0.4176254180602007,3.575241828006003,0.0,0.5190311418685121,0.09762645959426458,1093,0.9727626459143969,0.7973856209150327,,
me3_fraction,0.3,8,10000.0,60.0,0.5,300,0.3,90,210,0.4888888888888889,0.21904761904761905,0.7735943159323538,11.023719002036042,630.7983333348438,0.5415361945109597,0.4784688995215311,124.29012229936643,116.73851039567074,155.40603103820519,149.3475298046912,0.4292185730464326,-0.02283254351875773,0.46488294314381273,0.42060200668896325,1.7392145830544177,0.095,0.4657534246575342,0.04434874238328673,1054,0.9453125,0.7658536585365854,,
me3_fraction,0.3,9,10000.0,60.0,0.5,300,0.3,90,210,0.5,0.22857142857142856,1.2352554399565003,9.127165195234141,653.9286273467729,0.7150153217568949,0.5398843105048918,151.69048015146916,139.74352709322596,171.1127607983388,161.68712713055135,0.42565266742338254,-0.04841512002627544,0.4782608695652174,0.42103678929765886,2.1808005527692074,0.035,0.4793103448275862,0.05790566255333873,1054,0.9375,0.7862969004893964,,
me3_fraction,0.4,0,10000.0,60.0,0.5,300,0.4,120,180,0.49166666666666664,0.35,0.7264239308145273,10.351541014107013,814.9753215846927,0.3063503882565684,0.5049698904447508,162.7579345377198,136.11753026577207,187.6993709960679,167.3042059815141,0.5130237825594564,-0.0839009149501471,0.5953177257525084,0.48155518394648833,4.022351234574708,0.0,0.6041666666666666,0.12256131549609806,1109,0.9331395348837209,0.8571428571428571,,
me3_fraction,0.4,1,10000.0,60.0,0.5,300,0.4,120,180,0.44166666666666665,0.3111111111111111,1.3030229258985582,6.063045451119823,486.86474695002585,0.30724789915966383,0.5107741420590582,126.1263890318375,111.32643033006929,142.28018055125648,125.0981842412562,0.4853273137697517,-0.012442266501549287,0.5217391304347826,0.4800501672240803,1.4657568837732544,0.16,0.5236486486486487,0.04204329747808011,1084,0.9014492753623189,0.8413001912045889,,
me3_fraction,0.4,2,10000.0,60.0,0.5,300,0.4,120,180,0.49166666666666664,0.34444444444444444,1.7728203073449773,4.491144778607276,426.7387053488929,0.2941176470588235,0.2717801600483165,139.32780054601233,156.14098690442592,140.18780918378775,156.14098690442592,0.5011389521640092,-0.04227708080399301,0.5819397993311036,0.482257525083612,3.6046249703684414,0.0,0.5945017182130584,0.11289636704248984,1111,0.9536231884057971,0.8326923076923077,,
me3_fraction,0.4,3,10000.0,60.0,0.5,300,0.4,120,180,0.4,0.2833333333333333,1.1330634138248334,8.20122090006546,576.1118826428403,0.3102779573367808,0.41117318435754185,137.20610736314796,147.3560225074134,153.08691579116527,165.27536837606806,0.49035187287173665,-0.023922518159806408,0.5585284280936454,0.48105351170568567,2.7052540414242263,0.01,0.5665529010238908,0.0849475498533222,1118,0.9446064139941691,0.8565965583173997,,
me3_fraction,0.4,4,10000.0,60.0,0.5,300,0.4,120,180,0.39166666666666666,0.3111111111111111,1.1168767936273356,7.07355302630646,468.3302009081318,0.20509898874804156,0.4692737430167597,111.13520172163408,117.2561373440347,139.82484742925197,142.2706700942552,0.49943246311010214,-0.04921831016413324,0.5618729096989966,0.4842976588628763,2.9044655825851726,0.005,0.5665529010238908,0.0849475498533222,1092,0.9411764705882353,0.8240917782026769,,
me3_fraction,0.4,5,10000.0,60.0,0.5,300,0.4,120,180,0.49166666666666664,0.35555555555555557,0.8970897940781813,7.304874037493763,630.297293771295,0.42925278219395857,0.39329608938547483,147.06867329120837,152.1726350032062,182.85220379119528,188.08026467704127,0.5039817974971559,-0.05208168691007397,0.5518394648829431,0.483695652173913,2.503715547598056,0.005,0.554006968641115,0.07240161747054641,1098,0.9279538904899135,0.8467432950191571,,
me3_fraction,0.4,6,10000.0,60.0,0.5,300,0.4,120,180,0.4583333333333333,0.31666666666666665,0.5655072372796637,9.550788896278764,527.84486454556,0.43217286914765896,0.43006219036576365,104.05381549089225,95.16867210330673,141.6534135021957,132.2731757365542,0.5022675736961452,-0.0607249750581975,0.5618729096989966,0.48023411371237457,2.8090995740486147,0.005,0.5620689655172414,0.08046361434667282,1075,0.9300291545189504,0.8266666666666667,,
me3_fraction,0.4,7,10000.0,60.0,0.5,300,0.4,120,180,0.425,0.28888888888888886,0.6846754290435775,9.756624863870979,604.8853773242602,0.32579185520361986,0.3758252920264093,113.48447243073923,125.74703806387896,131.3035310988226,143.00854777223134,0.5079185520361991,-0.05437278770612091,0.5652173913043478,0.4790133779264214,3.3097242922923744,0.0,0.565068493150685,0.0834631419801164,1116,0.936231884057971,0.8694817658349329,,
me3_fraction,0.4,8,10000.0,60.0,0.5,300,0.4,120,180,0.4,0.2777777777777778,1.2121143496730775,13.160098653593414,840.5206065380399,0.2551381998582565,0.4800331057314297,163.12229353278622,158.1145655138293,173.9332135481281,168.39315596951866,0.5261958997722096,-0.10073430046076959,0.6354515050167224,0.4819063545150502,5.337947773570525,0.0,0.6366782006920415,0.15507284952147293,1126,0.9418604651162791,0.8639846743295019,,
me3_fraction,0.4,9,10000.0,60.0,0.5,300,0.4,120,180,0.4583333333333333,0.31666666666666665,1.3364337701523676,9.673234907769517,565.5566551194635,0.2599789915966386,0.36179835062516624,130.9180011715681,121.63108233937544,162.2307969353194,153.4355080965703,0.518140589569161,-0.09069359977811263,0.5551839464882943,0.48130434782608694,2.496669796625848,0.0,0.5544217687074829,0.07281641753691437,1122,0.9156976744186046,0.8432122370936902,,
me3_fraction,0.5,0,10000.0,60.0,0.5,300,0.5,150,150,0.43333333333333335,0.4533333333333333,0.884654886041454,10.085065700872574,710.0741844715552,0.2206490760319941,0.3973860826563052,141.63380965825343,141.91472468940077,166.69816290554417,167.8848180059307,0.5457627118644067,-0.091614623302233,0.6521739130434783,0.5025919732441472,5.00829768167654,0.0,0.6517241379310345,0.15005189712835887,1159,0.9030023094688222,0.9124423963133641,,
me3_fraction,0.5,1,10000.0,60.0,0.5,300,0.5,150,150,0.43333333333333335,0.44666666666666666,1.639452174131869,12.459836523402204,818.8166162476389,0.2974374618669921,0.5091414024531359,163.9115270160766,152.42655861158528,174.23736778200953,164.09783524205955,0.5418552036199095,-0.08394482437311765,0.6555183946488294,0.49792642140468224,5.157418362297652,0.0,0.6550522648083623,0.15338002400568673,1172,0.8922018348623854,0.929384965831435,,
me3_fraction,0.5,2,10000.0,60.0,0.5,300,0.5,150,150,0.46,0.44,1.0211444970307069,12.934496962388955,679.210164122485,0.30760626398210295,0.3828339162491729,131.4617816071169,138.15805989355363,152.28245136240275,160.36471656731078,0.5135746606334841,-0.027170352170352137,0.6053511705685619,0.5013377926421405,3.2534356100601927,0.0,0.6116838487972509,0.11001160799457532,1111,0.8888888888888888,0.8899082568807339,,
me3_fraction,0.5,3,10000.0,60.0,0.5,300,0.5,150,150,0.5533333333333333,0.5266666666666666,1.1913352465358247,10.77874746865746,754.6693857353292,0.42505592841163314,0.4026845637583893,176.48723724584613,182.71365765350748,203.98155223562566,209.1494394976424,0.5479143179255919,-0.09623130912419886,0.6488294314381271,0.5023913043478261,5.130520583742093,0.0,0.6585365853658537,0.1568643445631781,1122,0.8835616438356164,0.9191685912240185,,
me3_fraction,0.5,4,10000.0,60.0,0.5,300,0.5,150,150,0.49333333333333335,0.5,0.9659474971912093,21.41183618773847,1050.3326134500765,0.25432709290003536,0.29671494171670787,176.166931352186,190.27554882593137,203.6592552867553,218.79442240232413,0.5322763306908267,-0.06461956800574613,0.6120401337792643,0.5063879598662208,3.7335665932199253,0.0,0.6245733788395904,0.12290113803691483,1197,0.9170506912442397,0.8873563218390804,,
me3_fraction,0.5,5,10000.0,60.0,0.5,300,0.5,150,150,0.46,0.46,1.336076912002794,9.519547998019908,750.83685109073,0.36288434524738566,0.3889566809029896,162.98737062754918,169.7278991613793,177.87990151673665,182.28559322682355,0.55125284738041,-0.10436233413202907,0.6120401337792643,0.501371237458194,3.6622248214323885,0.0,0.6180555555555556,0.11638331475288,1122,0.9076212471131639,0.9027777777777778,,
me3_fraction,0.5,6,10000.0,60.0,0.5,300,0.5,150,150,0.42,0.4533333333333333,1.5172665875692106,9.609355054605,725.8999984048371,0.29264866552208524,0.568495854717726,164.93085134152926,160.57926047427497,182.28559322682355,177.87990151673665,0.5349887133182845,-0.07089963280293766,0.6153846153846154,0.5025585284280936,4.033413410228501,0.0,0.6188811188811189,0.11720887807844327,1122,0.8963133640552995,0.8870967741935484,,
me3_fraction,0.5,7,10000.0,60.0,0.5,300,0.5,150,150,0.47333333333333333,0.5066666666666667,1.21446796976953,13.185652243212038,1029.7262019266211,0.3318828822184527,0.3540084076996829,182.99364063825607,167.09851237492455,195.68044991597242,180.10748556626714,0.5610859728506787,-0.12237876802096988,0.6789297658862876,0.500685618729097,6.490946584781383,0.0,0.6851211072664359,0.18344886646376035,1150,0.9220183486238532,0.9288990825688074,,
me3_fraction,0.5,8,10000.0,60.0,0.5,300,0.5,150,150,0.4533333333333333,0.46,0.6807629980204714,12.934496962388955,899.3481692852918,0.38969473912102187,0.30639042894660057,183.53709066781641,179.16116461448667,201.1263890318375,196.66447087386075,0.5395927601809954,-0.0803481870063984,0.6153846153846154,0.5049498327759196,3.9698074299174424,0.0,0.6153846153846154,0.11371237458193983,1165,0.8896551724137931,0.9006928406466512,,
me3_fraction,0.5,9,10000.0,60.0,0.5,300,0.5,150,150,0.47333333333333333,0.48,1.2027903931371307,9.141206987842194,773.5835855862804,0.3939305515027721,0.4425105096246036,183.2680635921625,163.3908964774293,205.62029264529752,184.96871501789093,0.5339366515837104,-0.06796076745090814,0.6287625418060201,0.4966722408026756,4.8928931459547265,0.0,0.6326530612244898,0.13098082042181425,1168,0.9246575342465754,0.9288990825688074,,
me3_fraction,0.6,0,10000.0,60.0,0.5,300,0.6,180,120,0.26666666666666666,0.375,0.7091281229379909,7.410388884702005,527.8799787448955,0.4002334695238889,0.1418067226890756,125.5662600702235,123.79741066965335,139.1828101973597,136.93643270127626,0.5244040862656073,-0.09829032153612045,0.6153846153846154,0.4818394648829431,5.195342245914149,0.0,0.6109215017064846,0.12931615053591605,1134,0.8416030534351145,0.9507246376811594,,
me3_fraction,0.6,1,10000.0,60.0,0.5,300,0.6,180,120,0.3111111111111111,0.44166666666666665,1.0153425396612143,11.574904952137842,546.6636801442444,0.5665276575655047,0.31606672519754164,127.7257997436459,134.84089762951584,153.58435975406076,153.18782415610409,0.5170068027210885,-0.07895118064609602,0.5719063545150501,0.48070234113712373,3.3423045747153877,0.005,0.5709342560553633,0.08932890488479472,1100,0.8304761904761905,0.9473684210526315,,
me3_fraction,0.6,2,10000.0,60.0,0.5,300,0.6,180,120,0.3,0.43333333333333335,1.0309631941175408,9.141206987842194,703.8356611496954,0.46143800333744467,0.4235294117647059,146.3767085785159,149.74256662279043,162.95607270217073,166.93069457908535,0.5238636363636363,-0.09190104310355267,0.5785953177257525,0.4781438127090301,3.4980655404488386,0.0,0.5778546712802768,0.09624932010970821,1123,0.8659003831417624,0.938953488372093,,
me3_fraction,0.6,3,10000.0,60.0,0.5,300,0.6,180,120,0.2833333333333333,0.375,0.33590279507589044,15.955382766104796,705.1890777179034,0.4283054003724394,0.43217286914765896,128.94385454172914,131.61757568410724,148.64367946402757,151.1263890318375,0.5056433408577878,-0.06673546611627118,0.5618729096989966,0.4789297658862876,2.96013219109795,0.0,0.5597269624573379,0.07812161128676931,1038,0.8212927756653993,0.9117647058823529,,
me3_fraction,0.6,4,10000.0,60.0,0.5,300,0.6,180,120,0.34444444444444444,0.49166666666666664,1.4647564506588011,6.957593140629305,621.0704960123354,0.21121910155353177,0.4701339995457642,148.39690450680718,151.94086381983345,166.2521168253997,170.3282422594259,0.5,-0.05679163300508765,0.5785953177257525,0.47959866220735786,3.6462854091998755,0.0,0.5847750865051903,0.1031697353346217,1104,0.8646034816247582,0.9156976744186046,,
me3_fraction,0.6,5,10000.0,60.0,0.5,300,0.6,180,120,0.3388888888888889,0.48333333333333334,1.126262312901515,8.559593578051516,574.5266281210216,0.3965693602958533,0.3315298722228617,147.82322551712377,128.72937087948418,175.14046541205005,157.1059106411871,0.5175537938844847,-0.07116246043175009,0.5618729096989966,0.4798996655518395,2.9938140246245593,0.0,0.571917808219178,0.09031245704860946,1129,0.8145315487571702,0.9365994236311239,,
me3_fraction,0.6,6,10000.0,60.0,0.5,300,0.6,180,120,0.3277777777777778,0.475,0.5361008609411212,9.05414787367227,422.8261781194424,0.4772275352712811,0.2653693056169836,103.83878895003068,102.76357036109886,133.96919639266093,138.03024907569448,0.497737556561086,-0.04694229112833759,0.5618729096989966,0.4811538461538462,2.9797477365500282,0.01,0.5620689655172414,0.08046361434667282,1096,0.833969465648855,0.9098837209302325,,
me3_fraction,0.6,7,10000.0,60.0,0.5,300,0.6,180,120,0.29444444444444445,0.425,1.0309631941175408,9.794150344116638,632.6863733443515,0.5307262569832402,0.4972948083342925,133.29134501283687,135.2038462139725,151.50325572263796,155.0375771511717,0.5147392290249433,-0.07957682684841652,0.5919732441471572,0.4830936454849498,4.145694258079427,0.0,0.5972222222222222,0.11561687105165364,1078,0.859344894026975,0.9279538904899135,,
me3_fraction,0.6,8,10000.0,60.0,0.5,300,0.6,180,120,0.3333333333333333,0.4583333333333333,1.0309631941175408,13.058867125488849,862.7713689930882,0.42661249365159976,0.3063503882565684,146.3767085785159,146.1935066162626,166.03597366903256,164.475005916594,0.48295454545454547,-0.008576949162598038,0.5418060200668896,0.48324414715719066,1.9969502835690018,0.07,0.5470383275261324,0.06543297635556378,1067,0.8314176245210728,0.9235294117647059,,
me3_fraction,0.6,9,10000.0,60.0,0.5,300,0.6,180,120,0.3333333333333333,0.44166666666666665,0.5235359970128136,9.94718394324346,853.4136271259861,0.464804469273743,0.3781512605042016,144.23945656565002,126.1263890318375,175.0981842412562,160.28844031222542,0.49206349206349204,-0.027894736842105312,0.5351170568561873,0.4820401337792642,2.001859013026778,0.04,0.5371621621621622,0.0555568109915936,1133,0.8279158699808795,0.9358600583090378,,
me3_fraction,0.7,0,10000.0,60.0,0.5,300,0.7,210,90,0.22380952380952382,0.5333333333333333,1.5991077134709057,5.4255440278477165,479.40630311880625,0.4236764932860009,0.30944925400626266,133.62466260052844,145.87158320484946,142.32228522403403,154.11697420586853,0.4501133786848073,-0.07425843573927864,0.4816053511705686,0.4230602006688963,2.2540416287783627,0.045,0.4847457627118644,0.06334108043761694,1060,0.800978792822186,0.9446640316205533,,
me3_fraction,0.7,1,10000.0,60.0,0.5,300,0.7,210,90,0.2,0.4444444444444444,0.6078241053754208,5.132736889836886,264.4320911429861,0.4133971291866028,0.9149277688603531,96.840771616533,107.848712919729,114.07767685964672,131.30353109882265,0.4074492099322799,-0.00702898333981396,0.4882943143812709,0.42150501672240803,2.49352810493984,0.02,0.49146757679180886,0.07006289451756137,1038,0.7601957585644372,0.9266409266409267,,
me3_fraction,0.7,2,10000.0,60.0,0.5,300,0.7,210,90,0.20476190476190476,0.4666666666666667,0.5839878659489337,9.862906180470882,427.2871477811907,0.508133971291866,0.3701255783212161,89.97195737647706,92.23824215980443,129.41171712273817,128.58435975406076,0.41496598639455784,0.0019416275043284948,0.47491638795986624,0.4223244147157191,2.0651627243637405,0.045,0.4793103448275862,0.05790566255333873,1000,0.747557003257329,0.9604743083003953,,
me3_fraction,0.7,3,10000.0,60.0,0.5,300,0.7,210,90,0.22857142857142856,0.45555555555555555,0.6382153106441919,8.084060601493096,393.21744917662073,0.8781311567689275,0.3701255783212161,108.94249655940183,115.07871022320307,138.886107658012,140.1325166952575,0.4435665914221219,-0.06139320088703949,0.44816053511705684,0.4243979933110368,1.0401703277754375,0.31,0.44912280701754387,0.02771812474329638,1017,0.7487765089722676,0.9609375,,
me3_fraction,0.7,4,10000.0,60.0,0.5,300,0.7,210,90,0.23809523809523808,0.45555555555555555,0.6162078861392197,7.805299891096783,513.612976553483,0.5821371610845295,0.3561585753656985,112.92483472787887,122.16827911331774,152.6016994806052,160.2244194245311,0.4301929625425653,-0.04952654863779626,0.47157190635451507,0.4238963210702341,1.9138562797482044,0.07,0.47440273037542663,0.05299804810117914,1042,0.8075040783034257,0.94140625,,
me3_fraction,0.7,5,10000.0,60.0,0.5,300,0.7,210,90,0.23809523809523808,0.5,0.7588122589400158,7.20871645993015,728.7390703322906,0.5248205741626794,0.32175689479060265,129.70294863037736,133.5596624030744,150.181537988476,150.14046541205005,0.4374295377677565,-0.06526099445324897,0.5083612040133779,0.42222408026755853,3.477573532914722,0.0,0.513986013986014,0.09258133171176647,1111,0.778675282714055,0.9649805447470817,,
me3_fraction,0.7,6,10000.0,60.0,0.5,300,0.7,210,90,0.20952380952380953,0.4666666666666667,1.4182562458759818,8.982289557214552,402.3173489015005,0.49952153110047837,0.7223113964686999,96.840771616533,101.83402047039601,130.0681402898778,135.74969063662635,0.4292185730464326,-0.05105016449305481,0.46153846153846156,0.42431438127090304,1.5399882027681215,0.135,0.4589041095890411,0.03749942731479361,1085,0.7817589576547231,0.932806324110672,,
me3_fraction,0.7,7,10000.0,60.0,0.5,300,0.7,210,90,0.21428571428571427,0.4888888888888889,1.2324157722784395,11.707949836645174,780.5928335063435,0.4759506421556283,0.4213483146067416,122.86982220362302,114.18281019735969,154.4469349603873,146.02356964558783,0.4546485260770975,-0.08508219831599674,0.5050167224080268,0.42290969899665554,3.3033116768464654,0.0,0.49828178694158076,0.07687710466733327,1047,0.7980456026058632,0.9496124031007752,,
me3_fraction,0.7,8,10000.0,60.0,0.5,300,0.7,210,90,0.23809523809523808,0.5333333333333333,0.206829035856914,11.789255043844099,570.6407836927065,0.5770334928229665,0.2359550561797753,100.43507250279998,108.40529122483997,147.3540193587952,154.11697420586853,0.42164599774520856,-0.02445185596936552,0.4782608695652174,0.42055183946488295,2.505541672419118,0.01,0.4861111111111111,0.06470642883686362,1049,0.7837398373983739,0.9536679536679536,,
me3_fraction,0.7,9,10000.0,60.0,0.5,300,0.7,210,90,0.20952380952380953,0.4888888888888889,1.1679757318978674,9.862906180470882,482.0091184611362,0.5382775119617225,0.6232775068899724,109.79250078160368,96.27086332388859,146.38068116835615,135.3837663910125,0.4211123723041998,-0.02980064116196816,0.46488294314381273,0.41978260869565215,1.7553765800070587,0.095,0.47058823529411764,0.04918355301987015,1003,0.745928338762215,0.9409448818897638,,
