sigma_nm,repeat,n_me3,n_ac,coloc_frac_me3,coloc_frac_ac,gcross_at_ref,gcross_peak,gcross_auc,sncr_me3_norm_at_ref,sncr_ac_norm_at_ref,ripley_Lab_at_ref,ripley_Lba_at_ref,ripley_Lab_max,ripley_Lba_max,delaunay_heterotypic_fraction,delaunay_assortativity,fr_observed_fraction,fr_null_fraction,fr_z,fr_p,mst_heterotypic_overall,mst_heterotypic_minus_chance,mesh_n_crossings,mesh_me3_crossing_fraction,mesh_ac_crossing_fraction,mesh_z,mesh_p
0.0,0,150,150,0.4533333333333333,0.46,0.6807629980204714,6.467248481194477,599.879756356628,0.45424783106891475,0.42257022122793936,157.09119657714103,162.53543326873717,184.10168702734046,186.2317052738423,0.5644796380090498,-0.12903007011710935,0.6321070234113713,0.49799331103678934,4.191542796158662,0.0,0.6411149825783972,0.13944274177572158,1148,0.9243119266055045,0.9170506912442397,,
2.5,0,150,150,0.44666666666666666,0.4533333333333333,1.0211444970307069,6.467248481194478,645.7597678771084,0.4487749656343495,0.4174169258471108,159.56593789154607,165.0741368196447,184.10168702734046,186.2317052738423,0.5622171945701357,-0.12450489949539749,0.6187290969899666,0.5011036789297659,4.238592548863775,0.0,0.6206896551724138,0.11901741436973823,1148,0.926605504587156,0.9170506912442397,,
2.5,1,150,150,0.44666666666666666,0.4533333333333333,0.5105722485153534,5.38937373432873,584.3636267105268,0.46652479947618275,0.42257022122793936,157.09119657714103,162.53543326873717,186.72357198342888,188.94213645873936,0.5622171945701357,-0.1244703627063681,0.6254180602006689,0.5047157190635452,4.685225351334749,0.0,0.6341463414634146,0.13247410066073906,1144,0.9243119266055045,0.9170506912442397,,
2.5,2,150,150,0.4533333333333333,0.46,0.850953747525589,7.545123228060223,603.1964116208214,0.45424783106891475,0.42257022122793936,157.09119657714103,162.53543326873717,181.82482323055422,185.92302776299005,0.5622171945701357,-0.12455095184770434,0.6321070234113713,0.49625418060200666,5.142200784285953,0.0,0.6366782006920415,0.13500595988936592,1146,0.9243119266055045,0.9147465437788018,,
2.5,3,150,150,0.4533333333333333,0.46,0.3403814990102357,6.467248481194477,597.5893471805546,0.45985582898334576,0.4278523489932886,154.60131880684128,159.98100974054427,184.10168702734046,186.2317052738423,0.5638418079096045,-0.1277757702439219,0.6287625418060201,0.5033444816053512,4.17030863110883,0.0,0.6376306620209059,0.13595842121823032,1138,0.9243119266055045,0.9193548387096774,,
2.5,4,150,150,0.44,0.44666666666666666,0.6807629980204714,5.748665316617313,578.5072610872712,0.45424783106891475,0.42257022122793936,157.09119657714103,162.53543326873717,184.10168702734046,186.2317052738423,0.5644796380090498,-0.12903007011710935,0.6287625418060201,0.49642140468227425,4.190250059588151,0.0,0.6332179930795848,0.13154575227690923,1146,0.9243119266055045,0.9124423963133641,,
2.5,5,150,150,0.44,0.44666666666666666,1.0211444970307069,5.38937373432873,590.5889485897474,0.4487749656343495,0.44197086266164676,159.56593789154607,165.0741368196447,184.10168702734046,186.2317052738423,0.5610859728506787,-0.12217768973654172,0.6187290969899666,0.5088963210702341,4.160043513259253,0.0,0.6306620209059234,0.1289897801032478,1154,0.9220183486238532,0.9080459770114943,,
2.5,6,150,150,0.4533333333333333,0.46,0.850953747525589,6.467248481194478,624.2296967107841,0.4487749656343495,0.44197086266164676,159.56593789154607,165.0741368196447,181.4617816071169,185.92302776299005,0.5633484162895928,-0.12674873947429027,0.6287625418060201,0.5023411371237457,4.567668214784651,0.0,0.629757785467128,0.12808554466445243,1155,0.9243119266055045,0.9147465437788018,,
2.5,7,150,150,0.44666666666666666,0.4533333333333333,0.6807629980204714,6.467248481194477,595.1093994153462,0.45424783106891475,0.4722843649018146,157.09119657714103,162.53543326873717,184.64561671719224,188.8220544771201,0.5622171945701357,-0.12450489949539749,0.6187290969899666,0.5000334448160535,3.751305842274612,0.0,0.6228373702422145,0.12116512943953894,1155,0.9243119266055045,0.9172413793103448,,
2.5,8,150,150,0.44,0.44666666666666666,0.6807629980204714,6.107956898905895,588.0982558582471,0.45424783106891475,0.42257022122793936,157.09119657714103,162.53543326873717,184.10168702734046,186.2317052738423,0.5622171945701357,-0.12444733935890723,0.6254180602006689,0.5013377926421405,4.105870216388247,0.0,0.629757785467128,0.12808554466445243,1152,0.9243119266055045,0.9193548387096774,,
2.5,9,150,150,0.44666666666666666,0.4533333333333333,1.0211444970307069,8.62299797492597,558.4308116092171,0.4487749656343495,0.44197086266164676,159.56593789154607,165.0741368196447,186.72357198342888,188.94213645873936,0.5610859728506787,-0.12217768973654172,0.6287625418060201,0.504180602006689,4.5474708133465445,0.0,0.6354166666666666,0.13374442586399105,1149,0.9243119266055045,0.9170506912442397,,
2.5,10,150,150,0.44666666666666666,0.4533333333333333,0.3403814990102357,6.467248481194477,590.9863569823389,0.4656040268456376,0.43326820151219103,152.09602339473827,157.41057054711752,186.72357198342888,188.94213645873936,0.5622171945701357,-0.12444733935890723,0.6354515050167224,0.4993645484949833,4.359797050280057,0.0,0.6445993031358885,0.14292706233321295,1151,0.9220183486238532,0.9170506912442397,,
2.5,11,150,150,0.44666666666666666,0.4533333333333333,0.3403814990102357,6.467248481194478,656.2792915688643,0.45985582898334576,0.4278523489932886,154.60131880684128,159.98100974054427,184.64561671719224,188.8220544771201,0.5610859728506787,-0.12219492219492215,0.6254180602006689,0.50438127090301,4.549895825066173,0.0,0.6354166666666666,0.13374442586399105,1150,0.926605504587156,0.9147465437788018,,
2.5,12,150,150,0.4533333333333333,0.46,0.5105722485153534,6.467248481194477,605.2631238038995,0.45985582898334576,0.45302013422818793,154.60131880684128,159.98100974054427,186.72357198342888,188.94213645873936,0.5622171945701357,-0.12444733935890723,0.6387959866220736,0.5014046822742475,5.0591697247429135,0.0,0.6458333333333334,0.1441610925306578,1161,0.9243119266055045,0.9126436781609195,,
2.5,13,150,150,0.44666666666666666,0.4533333333333333,0.5105722485153534,6.467248481194477,599.484191052871,0.4487749656343495,0.4174169258471108,159.56593789154607,165.0741368196447,186.72357198342888,188.94213645873936,0.5610859728506787,-0.12226385732129333,0.6254180602006689,0.5088628762541806,3.7097566790240744,0.0,0.6275862068965518,0.12591396609387617,1149,0.9243119266055045,0.9170506912442397,,
2.5,14,150,150,0.44,0.44,0.6807629980204714,5.38937373432873,594.9751663810042,0.4487749656343495,0.44197086266164676,159.56593789154607,165.0741368196447,186.72357198342888,188.94213645873936,0.5622171945701357,-0.12443582803872263,0.6287625418060201,0.5024080267558528,4.494493168139653,0.0,0.6354166666666666,0.13374442586399105,1150,0.9243119266055045,0.9124423963133641,,
2.5,15,150,150,0.44,0.44666666666666666,0.5105722485153534,6.467248481194477,596.133227251954,0.45985582898334576,0.4278523489932886,154.60131880684128,159.98100974054427,184.10168702734046,186.2317052738423,0.5622171945701357,-0.12444733935890723,0.6254180602006689,0.5032107023411372,3.977563041762595,0.0,0.629757785467128,0.12808554466445243,1148,0.9243119266055045,0.9170506912442397,,
2.5,16,150,150,0.44666666666666666,0.4533333333333333,0.850953747525589,6.467248481194477,601.4280924626837,0.4487749656343495,0.4174169258471108,159.56593789154607,165.0741368196447,184.10168702734046,186.2317052738423,0.5633484162895928,-0.12678911481049207,0.6287625418060201,0.5027424749163879,4.688677116284855,0.0,0.6332179930795848,0.13154575227690923,1147,0.9243119266055045,0.9193548387096774,,
2.5,17,150,150,0.4533333333333333,0.46,0.6807629980204714,7.545123228060223,613.8010213158757,0.45424783106891475,0.44742729306487694,157.09119657714103,162.53543326873717,186.72357198342888,188.94213645873936,0.5627118644067797,-0.12559762177182082,0.6321070234113713,0.5056856187290969,4.506921730045708,0.0,0.6344827586206897,0.13281051781801412,1145,0.926605504587156,0.9170506912442397,,
2.5,18,150,150,0.4533333333333333,0.46,0.850953747525589,5.748665316617313,593.8003335947819,0.4487749656343495,0.4174169258471108,159.56593789154607,165.0741368196447,184.64561671719224,188.8220544771201,0.5610859728506787,-0.1222236441350361,0.6220735785953178,0.5033444816053512,4.0397752626429435,0.0,0.6262975778546713,0.12462533705199574,1155,0.926605504587156,0.9170506912442397,,
2.5,19,150,150,0.44666666666666666,0.4533333333333333,0.5105722485153534,5.38937373432873,583.399707735403,0.45424783106891475,0.42257022122793936,157.09119657714103,162.53543326873717,184.10168702734046,186.2317052738423,0.5610859728506787,-0.12219492219492215,0.6321070234113713,0.5020735785953178,4.533168036150407,0.0,0.6366782006920415,0.13500595988936592,1148,0.9243119266055045,0.9147465437788018,,
2.5,20,150,150,0.44,0.44666666666666666,1.0211444970307069,7.545123228060223,545.2378069123157,0.4487749656343495,0.4174169258471108,159.56593789154607,165.0741368196447,186.72357198342888,188.94213645873936,0.5644796380090498,-0.12903007011710935,0.6287625418060201,0.5008026755852844,4.515564732327642,0.0,0.6376306620209059,0.13595842121823032,1155,0.9243119266055045,0.9216589861751152,,
2.5,21,150,150,0.44666666666666666,0.4533333333333333,0.6807629980204714,7.545123228060223,606.2782633800572,0.45424783106891475,0.42257022122793936,157.09119657714103,162.53543326873717,181.82482323055422,185.92302776299005,0.5599547511312217,-0.11997972887368565,0.6321070234113713,0.5008695652173912,3.9723969329436115,0.0,0.6388888888888888,0.13721664808621326,1150,0.9243119266055045,0.9170506912442397,,
2.5,22,150,150,0.4533333333333333,0.46,0.850953747525589,5.38937373432873,596.7552427240697,0.4487749656343495,0.4174169258471108,159.56593789154607,165.0741368196447,186.72357198342888,188.94213645873936,0.5633484162895928,-0.12671990171990166,0.6187290969899666,0.5019063545150502,4.112356479164283,0.0,0.627177700348432,0.12550545954575643,1159,0.9220183486238532,0.9149425287356322,,
2.5,23,150,150,0.44666666666666666,0.4533333333333333,0.5105722485153534,7.545123228060223,608.2480272260149,0.45424783106891475,0.42257022122793936,157.09119657714103,162.53543326873717,184.10168702734046,186.2317052738423,0.5627118644067797,-0.12545965270684373,0.6354515050167224,0.5010702341137123,4.528786832368291,0.0,0.6401384083044983,0.13846616750182272,1148,0.9243119266055045,0.9170506912442397,,
2.5,24,150,150,0.44666666666666666,0.4533333333333333,0.6807629980204714,5.38937373432873,593.0700818000591,0.4487749656343495,0.4174169258471108,159.56593789154607,165.0741368196447,184.10168702734046,186.2317052738423,0.5622171945701357,-0.124608522592742,0.6254180602006689,0.49759197324414717,4.368728452315586,0.0,0.6332179930795848,0.13154575227690923,1150,0.9243119266055045,0.9193548387096774,,
2.5,25,150,150,0.44666666666666666,0.4533333333333333,0.6807629980204714,6.467248481194478,651.7604840462234,0.45424783106891475,0.44742729306487694,157.09119657714103,162.53543326873717,186.72357198342888,188.94213645873936,0.5633484162895928,-0.12671990171990166,0.6321070234113713,0.5000334448160535,4.969701784912691,0.0,0.6388888888888888,0.13721664808621326,1152,0.9243119266055045,0.9193548387096774,,
2.5,26,150,150,0.4533333333333333,0.46,0.850953747525589,6.467248481194477,590.5677780748305,0.45424783106891475,0.4722843649018146,157.09119657714103,162.53543326873717,181.82482323055422,185.92302776299005,0.5633484162895928,-0.12674873947429027,0.6321070234113713,0.5013043478260869,5.131914611356994,0.0,0.6344827586206897,0.13281051781801412,1167,0.926605504587156,0.9149425287356322,,
2.5,27,150,150,0.4533333333333333,0.4533333333333333,0.6807629980204714,6.467248481194477,600.6547921778613,0.4487749656343495,0.4174169258471108,159.56593789154607,165.0741368196447,186.72357198342888,188.94213645873936,0.5644796380090498,-0.12903007011710935,0.6287625418060201,0.5008361204013378,4.5675496113678244,0.0,0.6354166666666666,0.13374442586399105,1149,0.9243119266055045,0.9193548387096774,,
2.5,28,150,150,0.4533333333333333,0.46,0.5105722485153534,5.748665316617313,583.7954995007716,0.45985582898334576,0.45302013422818793,154.60131880684128,159.98100974054427,186.72357198342888,188.94213645873936,0.5622171945701357,-0.12450489949539749,0.6254180602006689,0.5015384615384616,4.385606264389732,0.0,0.6319444444444444,0.13027220364176884,1148,0.9243119266055045,0.9170506912442397,,
2.5,29,150,150,0.44666666666666666,0.4533333333333333,0.5105722485153534,6.467248481194478,635.895132606977,0.45985582898334576,0.45302013422818793,154.60131880684128,159.98100974054427,186.72357198342888,188.94213645873936,0.5610859728506787,-0.1222236441350361,0.6354515050167224,0.5032775919732441,4.952145147529368,0.0,0.6411149825783972,0.13944274177572158,1151,0.9243119266055045,0.9147465437788018,,
2.5,30,150,150,0.4533333333333333,0.46,0.6807629980204714,7.545123228060223,615.1148342468957,0.45985582898334576,0.4278523489932886,154.60131880684128,159.98100974054427,184.64561671719224,188.8220544771201,0.5633484162895928,-0.12684103020902115,0.6354515050167224,0.505752508361204,4.107838156516175,0.0,0.6423611111111112,0.14068887030843558,1149,0.9220183486238532,0.9193548387096774,,
2.5,31,150,150,0.4266666666666667,0.43333333333333335,0.5105722485153534,5.38937373432873,567.257467462486,0.45424783106891475,0.42257022122793936,157.09119657714103,162.53543326873717,186.72357198342888,188.94213645873936,0.5633484162895928,-0.12671990171990166,0.6254180602006689,0.5083277591973244,4.316378318557957,0.0,0.6275862068965518,0.12591396609387617,1158,0.9221967963386728,0.9147465437788018,,
2.5,32,150,150,0.4533333333333333,0.46,0.5105722485153534,6.467248481194477,586.9005303242975,0.45424783106891475,0.42257022122793936,157.09119657714103,162.53543326873717,184.10168702734046,186.2317052738423,0.5588235294117647,-0.1177900982394708,0.6254180602006689,0.4961538461538461,4.767437795549862,0.0,0.6341463414634146,0.13247410066073906,1145,0.9220183486238532,0.9170506912442397,,
2.5,33,150,150,0.4533333333333333,0.46,0.6807629980204714,5.38937373432873,597.4492181827719,0.45424783106891475,0.44742729306487694,157.09119657714103,162.53543326873717,181.4617816071169,183.50211838318666,0.5610859728506787,-0.1222236441350361,0.6220735785953178,0.49973244147157186,4.255720844944447,0.0,0.629757785467128,0.12808554466445243,1145,0.926605504587156,0.9147465437788018,,
2.5,34,150,150,0.4533333333333333,0.46,0.850953747525589,6.467248481194477,596.3864682265034,0.45424783106891475,0.42257022122793936,157.09119657714103,162.53543326873717,184.10168702734046,186.2317052738423,0.5633484162895928,-0.12678911481049207,0.6287625418060201,0.5079933110367892,3.9995761421644525,0.0,0.6376306620209059,0.13595842121823032,1148,0.926605504587156,0.9193548387096774,,
2.5,35,150,150,0.4533333333333333,0.46,0.6807629980204714,5.38937373432873,577.7588614261222,0.45424783106891475,0.42257022122793936,157.09119657714103,162.53543326873717,184.10168702734046,188.8220544771201,0.5599547511312217,-0.12008293497667465,0.6287625418060201,0.4991304347826087,5.030112621946573,0.0,0.6332179930795848,0.13154575227690923,1149,0.9243119266055045,0.9170506912442397,,
2.5,36,150,150,0.4533333333333333,0.46,0.5105722485153534,6.467248481194477,601.215816608121,0.4487749656343495,0.4174169258471108,159.56593789154607,165.0741368196447,181.4617816071169,183.50211838318666,0.5644796380090498,-0.12899539434703758,0.6254180602006689,0.5033110367892977,4.0380800901413725,0.0,0.6319444444444444,0.13027220364176884,1149,0.9243119266055045,0.9216589861751152,,
2.5,37,150,150,0.4533333333333333,0.4533333333333333,0.5105722485153534,6.467248481194478,635.6706014485413,0.45985582898334576,0.4278523489932886,154.60131880684128,159.98100974054427,184.10168702734046,188.94213645873936,0.5610859728506787,-0.12231556422424597,0.6254180602006689,0.5029096989966555,4.31044840975663,0.0,0.6341463414634146,0.13247410066073906,1144,0.9220183486238532,0.9170506912442397,,
2.5,38,150,150,0.4533333333333333,0.46,0.5105722485153534,6.467248481194477,589.6563104069544,0.45985582898334576,0.45302013422818793,154.60131880684128,159.98100974054427,186.72357198342888,188.94213645873936,0.5610859728506787,-0.1222236441350361,0.6321070234113713,0.5079264214046822,4.490911646208788,0.0,0.6354166666666666,0.13374442586399105,1149,0.9243119266055045,0.9124423963133641,,
2.5,39,150,150,0.44,0.44666666666666666,0.850953747525589,7.545123228060223,605.4640601092199,0.45424783106891475,0.42257022122793936,157.09119657714103,162.53543326873717,186.72357198342888,188.94213645873936,0.5588235294117647,-0.11766994266994264,0.6321070234113713,0.49668896321070233,4.349579701743635,0.0,0.6366782006920415,0.13500595988936592,1145,0.9220183486238532,0.9170506912442397,,
5.0,0,150,150,0.44,0.44666666666666666,0.850953747525589,6.467248481194477,589.9890319015975,0.45424783106891475,0.3977131493910017,157.09119657714103,162.53543326873717,181.4617816071169,183.50211838318666,0.5588235294117647,-0.11766994266994264,0.6287625418060201,0.4993311036789298,4.704609415636388,0.0,0.6354166666666666,0.13374442586399105,1164,0.9220183486238532,0.9149425287356322,,
5.0,1,150,150,0.44,0.44,0.5105722485153534,5.38937373432873,592.2710634803911,0.45985582898334576,0.47818791946308725,154.60131880684128,159.98100974054427,184.10168702734046,188.94213645873936,0.5565610859728507,-0.11317345345652778,0.6287625418060201,0.5015719063545151,4.396685375889442,0.0,0.6354166666666666,0.13374442586399105,1163,0.9243119266055045,0.9172413793103448,,
5.0,2,150,150,0.44666666666666666,0.46,0.6807629980204714,6.467248481194477,605.3788091894259,0.47880176788345064,0.4278523489932886,157.09119657714103,159.98100974054427,186.72357198342888,188.94213645873936,0.5599547511312217,-0.11991093537055877,0.6220735785953178,0.495752508361204,4.475885376647811,0.0,0.6293706293706294,0.1276983885679538,1148,0.926605504587156,0.9124423963133641,,
5.0,3,150,150,0.4266666666666667,0.43333333333333335,0.6807629980204714,7.545123228060223,603.5914104149593,0.46652479947618275,0.42257022122793936,157.09119657714103,162.53543326873717,184.10168702734046,186.2317052738423,0.5622171945701357,-0.12443582803872263,0.6187290969899666,0.5002006688963211,4.398649164630437,0.0,0.6284722222222222,0.12679998141954663,1154,0.9220183486238532,0.9170506912442397,,
5.0,4,150,150,0.44666666666666666,0.46,0.5105722485153534,6.005302161109158,560.5639722238598,0.48471290082028334,0.45875456630702577,154.60131880684128,157.41057054711752,184.10168702734046,186.2317052738423,0.5588235294117647,-0.11766994266994264,0.6254180602006689,0.49989966555183946,3.8273885331437065,0.0,0.6284722222222222,0.12679998141954663,1154,0.9197247706422018,0.9193548387096774,,
5.0,5,150,150,0.4533333333333333,0.4533333333333333,0.5105722485153534,6.467248481194477,598.9282327953632,0.46652479947618275,0.45302013422818793,157.09119657714103,159.98100974054427,181.4617816071169,183.50211838318666,0.5627118644067797,-0.12543666115094684,0.6120401337792643,0.5057859531772575,3.5067447284235373,0.0,0.6180555555555556,0.11638331475288,1146,0.9243119266055045,0.9197247706422018,,
5.0,6,150,150,0.44666666666666666,0.4533333333333333,0.6807629980204714,7.545123228060223,558.8994907291036,0.46652479947618275,0.44742729306487694,157.09119657714103,162.53543326873717,187.44445750247417,191.69816290554417,0.5633484162895928,-0.12670259977580195,0.6187290969899666,0.4991304347826087,3.9277424304221795,0.0,0.6215277777777778,0.1198555369751022,1154,0.9267734553775744,0.9078341013824884,,
5.0,7,150,150,0.44666666666666666,0.4533333333333333,0.850953747525589,9.700872721791715,703.8496909622952,0.4851621250101076,0.4174169258471108,159.56593789154607,165.0741368196447,184.64561671719224,188.8220544771201,0.5622171945701357,-0.12450489949539749,0.6254180602006689,0.5035117056856188,4.410803307242707,0.0,0.629757785467128,0.12808554466445243,1146,0.9220183486238532,0.9147465437788018,,
5.0,8,150,150,0.44666666666666666,0.4533333333333333,0.0,7.545123228060223,621.6887700689241,0.4404362416107383,0.43326820151219103,152.09602339473827,157.41057054711752,184.10168702734046,186.2317052738423,0.5615819209039548,-0.12330726256983217,0.6287625418060201,0.49989966555183946,4.678390921821924,0.0,0.6310344827586207,0.12936224195594515,1137,0.926605504587156,0.9147465437788018,,
5.0,9,150,150,0.44666666666666666,0.4533333333333333,0.5105722485153534,6.467248481194477,594.6857819347782,0.47880176788345064,0.44742729306487694,157.09119657714103,162.53543326873717,190.22185028368176,197.38374479426182,0.5615819209039548,-0.12316384180790962,0.6187290969899666,0.5052842809364549,3.956819113488273,0.0,0.6284722222222222,0.12679998141954663,1137,0.9243119266055045,0.9078341013824884,,
5.0,10,150,150,0.43333333333333335,0.44666666666666666,0.6807629980204714,5.820523633075029,556.9698987252498,0.4296938942543788,0.42257022122793936,157.09119657714103,162.53543326873717,192.97828071098075,200.1942280224289,0.5599547511312217,-0.12015174961313826,0.6287625418060201,0.5009030100334448,4.148916496089489,0.0,0.6344827586206897,0.13281051781801412,1164,0.9267734553775744,0.9078341013824884,,
5.0,11,150,150,0.44666666666666666,0.44,0.5105722485153534,5.820523633075029,572.8223922166247,0.45985582898334576,0.4278523489932886,154.60131880684128,159.98100974054427,181.4617816071169,183.50211838318666,0.5576923076923077,-0.11538604270239493,0.6387959866220736,0.5040802675585284,5.519665609968975,0.0,0.6379310344827587,0.1362587936800831,1144,0.926605504587156,0.9122401847575058,,
5.0,12,150,150,0.4533333333333333,0.46,0.6807629980204714,6.467248481194478,650.4320982283322,0.45985582898334576,0.4278523489932886,154.60131880684128,159.98100974054427,190.22185028368176,197.38374479426182,0.5576923076923077,-0.11542029942502915,0.6120401337792643,0.5039464882943144,3.741892906913337,0.0,0.615916955017301,0.11424471421462545,1163,0.9243119266055045,0.9174311926605505,,
5.0,13,150,150,0.44666666666666666,0.4533333333333333,0.850953747525589,7.545123228060223,547.9968725712844,0.45424783106891475,0.44742729306487694,157.09119657714103,162.53543326873717,187.44445750247417,191.69816290554417,0.5581920903954802,-0.11649964757439245,0.6387959866220736,0.49799331103678934,5.724267961711696,0.0,0.643598615916955,0.1419263751142794,1127,0.926605504587156,0.9170506912442397,,
5.0,14,150,150,0.4533333333333333,0.46,0.3403814990102357,5.38937373432873,596.3567843537206,0.45985582898334576,0.4278523489932886,154.60131880684128,159.98100974054427,184.64561671719224,188.8220544771201,0.5588235294117647,-0.11769854879578194,0.6287625418060201,0.49973244147157186,3.881525111824339,0.0,0.6354166666666666,0.13374442586399105,1148,0.9243119266055045,0.9126436781609195,,
5.0,15,150,150,0.44666666666666666,0.4533333333333333,0.850953747525589,6.467248481194478,640.9990400241487,0.4487749656343495,0.4174169258471108,159.56593789154607,165.0741368196447,184.10168702734046,188.94213645873936,0.559322033898305,-0.11869548729616954,0.6254180602006689,0.5003010033444816,4.372104371201192,0.0,0.629757785467128,0.12808554466445243,1156,0.9311926605504587,0.9218390804597701,,
5.0,16,150,150,0.43333333333333335,0.43333333333333335,0.6807629980204714,5.748665316617313,576.1997046902982,0.45424783106891475,0.44742729306487694,157.09119657714103,162.53543326873717,189.32780054601233,191.63380965825343,0.5615819209039548,-0.12321546906302275,0.6354515050167224,0.505752508361204,4.828803244222497,0.0,0.6423611111111112,0.14068887030843558,1151,0.9151376146788991,0.9151376146788991,,
5.0,17,150,150,0.4533333333333333,0.46,0.6807629980204714,6.467248481194477,593.5698582410112,0.4487749656343495,0.39286298903257494,159.56593789154607,165.0741368196447,184.64561671719224,191.69816290554417,0.5644796380090498,-0.12899539434703758,0.6254180602006689,0.5036120401337794,4.353537762901031,0.0,0.6341463414634146,0.13247410066073906,1152,0.926605504587156,0.9193548387096774,,
5.0,18,150,150,0.44666666666666666,0.4533333333333333,0.5105722485153534,6.107956898905895,569.5287851435726,0.45424783106891475,0.42257022122793936,157.09119657714103,162.53543326873717,184.10168702734046,186.2317052738423,0.5588235294117647,-0.11764705882352944,0.6254180602006689,0.4991304347826087,4.399056688897426,0.0,0.6332179930795848,0.13154575227690923,1152,0.9220183486238532,0.9103448275862069,,
5.0,19,150,150,0.44666666666666666,0.4533333333333333,0.5105722485153534,9.700872721791717,567.4840567774847,0.4349987571464081,0.47818791946308725,154.60131880684128,159.98100974054427,184.10168702734046,186.2317052738423,0.5599547511312217,-0.11997972887368565,0.6321070234113713,0.5024749163879599,4.318736572607679,0.0,0.6366782006920415,0.13500595988936592,1156,0.926605504587156,0.9147465437788018,,
5.0,20,150,150,0.4666666666666667,0.47333333333333333,0.5105722485153534,9.700872721791715,706.8073847116782,0.45424783106891475,0.45302013422818793,157.09119657714103,159.98100974054427,184.10168702734046,193.01472248799087,0.5576923076923077,-0.11538604270239493,0.6321070234113713,0.5012709030100334,4.166725628620301,0.0,0.6344827586206897,0.13281051781801412,1168,0.9288990825688074,0.9126436781609195,,
5.0,21,150,150,0.44666666666666666,0.4533333333333333,0.5105722485153534,6.467248481194478,635.7682365506143,0.4656040268456376,0.45875456630702577,152.09602339473827,157.41057054711752,184.64561671719224,188.8220544771201,0.559322033898305,-0.11866692032394933,0.6287625418060201,0.4963210702341137,4.627471790558402,0.0,0.6284722222222222,0.12679998141954663,1137,0.9267734553775744,0.9122401847575058,,
5.0,22,150,150,0.44,0.44666666666666666,0.6807629980204714,7.113973329313925,637.9936533178922,0.45424783106891475,0.4722843649018146,157.09119657714103,162.53543326873717,181.82482323055422,185.92302776299005,0.5565610859728507,-0.11317345345652778,0.6187290969899666,0.5005016722408027,3.569647700336703,0.0,0.6236933797909407,0.12202113898826517,1155,0.9243119266055045,0.9124423963133641,,
5.0,23,150,150,0.44666666666666666,0.4533333333333333,0.5105722485153534,6.467248481194477,603.9313330356066,0.45424783106891475,0.44742729306487694,157.09119657714103,162.53543326873717,184.10168702734046,188.94213645873936,0.5633484162895928,-0.12678911481049207,0.6421404682274248,0.5023411371237457,4.346038402100369,0.0,0.6470588235294118,0.1453865827267362,1161,0.9220183486238532,0.9195402298850575,,
5.0,24,150,150,0.44666666666666666,0.4533333333333333,0.5105722485153534,6.467248481194478,622.0924608310645,0.45985582898334576,0.4278523489932886,154.60131880684128,159.98100974054427,184.10168702734046,186.2317052738423,0.5588235294117647,-0.11765277969728148,0.6254180602006689,0.498561872909699,4.332336529493504,0.0,0.6332179930795848,0.13154575227690923,1176,0.9220183486238532,0.9151376146788991,,
5.0,25,150,150,0.4533333333333333,0.46,0.5105722485153534,5.820523633075029,587.7710893147,0.46652479947618275,0.3977131493910017,157.09119657714103,162.53543326873717,186.72357198342888,188.94213645873936,0.5588235294117647,-0.1177900982394708,0.6287625418060201,0.5041137123745819,4.731094646083003,0.0,0.6332179930795848,0.13154575227690923,1143,0.926605504587156,0.9147465437788018,,
5.0,26,150,150,0.4533333333333333,0.4533333333333333,0.3403814990102357,6.467248481194478,641.6797402457797,0.45985582898334576,0.4278523489932886,154.60131880684128,159.98100974054427,186.72357198342888,188.94213645873936,0.5627118644067797,-0.12543666115094684,0.6321070234113713,0.4963210702341137,4.586366359168273,0.0,0.6388888888888888,0.13721664808621326,1151,0.9243119266055045,0.9078341013824884,,
5.0,27,150,150,0.44666666666666666,0.4533333333333333,0.6807629980204714,6.467248481194478,641.6157103097449,0.4851621250101076,0.44197086266164676,159.56593789154607,165.0741368196447,184.10168702734046,186.2317052738423,0.5633484162895928,-0.1269044888597641,0.6354515050167224,0.4993645484949833,4.280609858285262,0.0,0.6366782006920415,0.13500595988936592,1158,0.9243119266055045,0.9264367816091954,,
5.0,28,150,150,0.4533333333333333,0.46,0.6807629980204714,6.467248481194478,645.2544440321728,0.45424783106891475,0.3977131493910017,157.09119657714103,162.53543326873717,186.72357198342888,188.94213645873936,0.5599547511312217,-0.11997972887368565,0.6254180602006689,0.5004682274247492,4.306994445484837,0.0,0.6341463414634146,0.13247410066073906,1159,0.926605504587156,0.9126436781609195,,
5.0,29,150,150,0.44666666666666666,0.4533333333333333,0.850953747525589,5.38937373432873,589.0389449146801,0.4730330718848549,0.4174169258471108,159.56593789154607,165.0741368196447,184.10168702734046,186.2317052738423,0.5599547511312217,-0.11994533106569863,0.6187290969899666,0.5006020066889633,4.432608702029739,0.0,0.6206896551724138,0.11901741436973823,1173,0.9288990825688074,0.9105504587155964,,
5.0,30,150,150,0.44,0.44,0.6807629980204714,6.467248481194477,527.8471350769526,0.45985582898334576,0.45302013422818793,154.60131880684128,159.98100974054427,181.82482323055422,185.92302776299005,0.5570621468926553,-0.11417550552931632,0.6220735785953178,0.4991638795986622,4.299552078584207,0.0,0.629757785467128,0.12808554466445243,1135,0.9243119266055045,0.9101382488479263,,
5.0,31,150,150,0.44,0.43333333333333335,0.850953747525589,6.467248481194478,647.4186617054698,0.4296938942543788,0.44742729306487694,157.09119657714103,162.53543326873717,187.44445750247417,191.69816290554417,0.5615819209039548,-0.12321546906302275,0.6254180602006689,0.5022073578595317,4.567864034146073,0.0,0.6341463414634146,0.13247410066073906,1144,0.9288990825688074,0.9193548387096774,,
5.0,32,150,150,0.44666666666666666,0.4533333333333333,1.0211444970307069,6.467248481194477,598.168123667152,0.45424783106891475,0.44742729306487694,157.09119657714103,162.53543326873717,184.10168702734046,188.94213645873936,0.5633484162895928,-0.12669683257918551,0.6321070234113713,0.4991638795986622,4.826583304998408,0.0,0.6388888888888888,0.13721664808621326,1157,0.9243119266055045,0.9124423963133641,,
5.0,33,150,150,0.44,0.44666666666666666,0.3403814990102357,6.107956898905895,566.9719518240421,0.45424783106891475,0.42257022122793936,157.09119657714103,162.53543326873717,178.98155223562566,183.000525998574,0.5610859728506787,-0.12217768973654172,0.6187290969899666,0.4987290969899666,4.376990777936323,0.0,0.6262975778546713,0.12462533705199574,1160,0.926605504587156,0.9103448275862069,,
5.0,34,150,150,0.44666666666666666,0.46,0.5105722485153534,5.820523633075029,553.1645434851991,0.4656040268456376,0.45875456630702577,152.09602339473827,157.41057054711752,184.10168702734046,186.2317052738423,0.559322033898305,-0.11866692032394933,0.6187290969899666,0.5046822742474917,4.2461127830806085,0.0,0.6206896551724138,0.11901741436973823,1132,0.9243119266055045,0.9168591224018475,,
5.0,35,150,150,0.44666666666666666,0.46,0.5105722485153534,6.467248481194478,617.0110709629116,0.45985582898334576,0.4278523489932886,154.60131880684128,159.98100974054427,186.72357198342888,188.94213645873936,0.56045197740113,-0.12101988906254789,0.6254180602006689,0.5061538461538462,3.74913626721016,0.0,0.6262975778546713,0.12462533705199574,1155,0.9311926605504587,0.9126436781609195,,
5.0,36,150,150,0.4533333333333333,0.4666666666666667,0.3403814990102357,5.030082152040149,560.0862838244035,0.4349987571464081,0.4278523489932886,154.60131880684128,159.98100974054427,181.4617816071169,183.70036526870632,0.5576923076923077,-0.11550023996160615,0.6153846153846154,0.500133779264214,4.2849577657801445,0.0,0.625,0.12332775919732442,1146,0.9220183486238532,0.9101382488479263,,
5.0,37,150,150,0.44,0.44666666666666666,0.850953747525589,5.173798784955582,569.0045778160621,0.4487749656343495,0.4174169258471108,159.56593789154607,165.0741368196447,192.97828071098075,197.38374479426182,0.5633484162895928,-0.12674873947429027,0.6287625418060201,0.5016722408026756,4.1989850066813155,0.0,0.6354166666666666,0.13374442586399105,1150,0.926605504587156,0.9170506912442397,,
5.0,38,150,150,0.4533333333333333,0.4666666666666667,0.5105722485153534,5.820523633075029,595.9643004880222,0.4487749656343495,0.44197086266164676,159.56593789154607,165.0741368196447,184.10168702734046,186.2317052738423,0.5588235294117647,-0.11773859983209457,0.6287625418060201,0.5045484949832776,4.019086446496904,0.0,0.6332179930795848,0.13154575227690923,1162,0.9220183486238532,0.9172413793103448,,
5.0,39,150,150,0.44666666666666666,0.46,1.1913352465358247,7.545123228060223,676.3772326213659,0.4487749656343495,0.44197086266164676,159.56593789154607,165.0741368196447,184.10168702734046,186.2317052738423,0.5588235294117647,-0.11764705882352944,0.6254180602006689,0.5023076923076923,4.0566503678525,0.0,0.6319444444444444,0.13027220364176884,1162,0.9220183486238532,0.9124423963133641,,
10.0,0,150,150,0.44666666666666666,0.44666666666666666,0.6873087960783605,6.166687253703067,577.9436591060845,0.47818791946308725,0.4278523489932886,154.0245525566616,159.98100974054427,183.29134501283687,186.2317052738423,0.5576923076923077,-0.1154545582519738,0.6254180602006689,0.5023745819397993,4.713760182039824,0.0,0.6284722222222222,0.12679998141954663,1140,0.9220183486238532,0.9101382488479263,,
10.0,1,150,150,0.43333333333333335,0.44,0.5105722485153534,6.467248481194478,636.5381520530084,0.42257022122793936,0.45424783106891475,154.60131880684128,163.03444812791616,181.82482323055422,192.73589736222374,0.5661016949152542,-0.13222651935817903,0.6254180602006689,0.5023411371237457,4.729410885863834,0.0,0.6275862068965518,0.12591396609387617,1165,0.9288990825688074,0.9172413793103448,,
10.0,2,150,150,0.46,0.4666666666666667,0.6807629980204714,6.467248481194477,583.2108412934227,0.47880176788345064,0.42257022122793936,157.09119657714103,162.53543326873717,186.72357198342888,191.63380965825343,0.5570621468926553,-0.11417550552931632,0.6387959866220736,0.4991304347826087,4.799702162027173,0.0,0.6413793103448275,0.13970706954215195,1151,0.9174311926605505,0.9216589861751152,,
10.0,3,150,150,0.44666666666666666,0.44666666666666666,1.0309631941175408,6.529433562744424,608.2126651347389,0.47880176788345064,0.46652479947618275,159.0436835416553,165.0741368196447,180.67931522394326,183.000525998574,0.5588235294117647,-0.11766994266994264,0.6287625418060201,0.5032441471571907,4.373259951576686,0.0,0.6363636363636364,0.13469139556096077,1170,0.9220183486238532,0.9126436781609195,,
10.0,4,150,150,0.44666666666666666,0.4666666666666667,0.3403814990102357,6.467248481194478,629.3543601468199,0.4722843649018146,0.45302013422818793,154.60131880684128,159.98100974054427,184.10168702734046,186.2317052738423,0.5554298642533937,-0.11087252238475548,0.6220735785953178,0.5052508361204013,3.6955518015860007,0.0,0.627177700348432,0.12550545954575643,1142,0.9151376146788991,0.9193548387096774,,
10.0,5,150,150,0.44,0.44666666666666666,0.5105722485153534,5.38937373432873,571.2273735301151,0.47880176788345064,0.45302013422818793,157.09119657714103,159.98100974054427,189.32780054601233,191.63380965825343,0.5622171945701357,-0.1244703627063681,0.6254180602006689,0.5013043478260869,3.8656355921434638,0.0,0.629757785467128,0.12808554466445243,1171,0.9220183486238532,0.9331797235023042,,
10.0,6,150,150,0.43333333333333335,0.44666666666666666,1.1913352465358247,6.467248481194477,588.7102996634982,0.45985582898334576,0.43326820151219103,154.60131880684128,157.41057054711752,187.44445750247417,194.55188814650842,0.5588235294117647,-0.11769854879578194,0.6220735785953178,0.4993311036789298,4.509527811851528,0.0,0.625,0.12332775919732442,1168,0.9220183486238532,0.9080459770114943,,
10.0,7,150,150,0.4666666666666667,0.46,1.0211444970307069,6.467248481194478,635.3977275869546,0.4730330718848549,0.39286298903257494,159.56593789154607,165.0741368196447,186.72357198342888,188.94213645873936,0.5581920903954802,-0.11645402821332619,0.6354515050167224,0.4994983277591973,5.25730470852798,0.0,0.6332179930795848,0.13154575227690923,1145,0.9288990825688074,0.9151376146788991,,
10.0,8,150,150,0.44666666666666666,0.4533333333333333,0.5105722485153534,6.467248481194477,586.6845796203357,0.4722843649018146,0.4026845637583893,154.60131880684128,159.98100974054427,184.64561671719224,188.8220544771201,0.5576923076923077,-0.11542029942502915,0.6287625418060201,0.5002675585284281,4.5379231645739715,0.0,0.6284722222222222,0.12679998141954663,1164,0.9197247706422018,0.9103448275862069,,
10.0,9,150,150,0.4533333333333333,0.4533333333333333,0.850953747525589,5.38937373432873,554.1722882885982,0.45424783106891475,0.45302013422818793,157.09119657714103,159.98100974054427,178.80347896568009,180.7529638099266,0.5583238958097395,-0.11669935214768609,0.6254180602006689,0.5010367892976588,3.9282488380158274,0.0,0.6319444444444444,0.13027220364176884,1150,0.9244851258581236,0.8986175115207373,,
10.0,10,150,150,0.44666666666666666,0.4533333333333333,0.6807629980204714,6.467248481194478,661.3692209485207,0.4851621250101076,0.4174169258471108,159.56593789154607,165.0741368196447,184.10168702734046,186.2317052738423,0.5599547511312217,-0.12002559590465525,0.6086956521739131,0.50438127090301,3.5946453484442786,0.0,0.6103448275862069,0.10867258678353131,1170,0.9220183486238532,0.9103448275862069,,
10.0,11,150,150,0.44666666666666666,0.4533333333333333,0.850953747525589,9.700872721791715,729.2249759653157,0.4609040187596022,0.44197086266164676,159.56593789154607,165.0741368196447,181.4617816071169,183.70036526870632,0.5581920903954802,-0.11638560616120047,0.6153846153846154,0.5017056856187291,3.5404018848489023,0.0,0.6185567010309279,0.11688446022825227,1155,0.926605504587156,0.9195402298850575,,
10.0,12,150,150,0.46,0.46,0.850953747525589,9.700872721791715,688.6579023662102,0.4609040187596022,0.3715244487056568,159.56593789154607,168.04110908524103,184.10168702734046,189.70930754646412,0.5576923076923077,-0.11538604270239493,0.6254180602006689,0.504314381270903,4.224174606489469,0.0,0.6319444444444444,0.13027220364176884,1151,0.9288990825688074,0.9149425287356322,,
10.0,13,150,150,0.46,0.4666666666666667,0.5105722485153534,6.467248481194478,586.0333207596392,0.44197086266164676,0.44742729306487694,157.09119657714103,162.53543326873717,184.64561671719224,189.93829512010694,0.5486425339366516,-0.09728647202973938,0.6287625418060201,0.5036789297658862,4.33407613595467,0.0,0.6310344827586207,0.12936224195594515,1147,0.9220183486238532,0.9080459770114943,,
10.0,14,150,150,0.44,0.44666666666666666,0.5105722485153534,6.467248481194478,661.7479196154517,0.44742729306487694,0.45302013422818793,154.60131880684128,159.98100974054427,178.80347896568009,180.7529638099266,0.56045197740113,-0.12097408500771213,0.6387959866220736,0.49779264214046826,5.013309464225217,0.0,0.6357388316151202,0.13406659081244465,1154,0.9197247706422018,0.9216589861751152,,
10.0,15,150,150,0.4533333333333333,0.4533333333333333,0.5105722485153534,6.826540063483058,579.9869179316437,0.45985582898334576,0.4278523489932886,154.60131880684128,159.98100974054427,184.10168702734046,188.94213645873936,0.5610859728506787,-0.12217194570135748,0.6187290969899666,0.5026421404682274,3.9655748941948588,0.0,0.6215277777777778,0.1198555369751022,1158,0.9220183486238532,0.9101382488479263,,
10.0,16,150,150,0.43333333333333335,0.43333333333333335,0.33717035279315793,12.81247340614,766.7071485048293,0.49107873629071863,0.45302013422818793,155.16640472300855,159.98100974054427,184.8950814942869,188.94213645873936,0.5633484162895928,-0.12674873947429027,0.6120401337792643,0.5008026755852844,3.5904758986841863,0.0,0.6215277777777778,0.1198555369751022,1169,0.9288990825688074,0.9170506912442397,,
10.0,17,150,150,0.4666666666666667,0.47333333333333333,0.6873087960783605,9.794150344116636,682.1336922875457,0.4722843649018146,0.4278523489932886,156.54186384303426,159.98100974054427,183.53622308845007,188.8220544771201,0.5502824858757062,-0.10102043553399441,0.6053511705685619,0.5022408026755852,3.2648050540112314,0.0,0.6048109965635738,0.10313875576089826,1155,0.9197247706422018,0.9218390804597701,,
10.0,18,150,150,0.46,0.4666666666666667,1.0211444970307069,6.467248481194477,591.7847469531712,0.4674017257909876,0.38812970000808605,162.02581549140223,167.5974070931495,180.35559344463474,189.93829512010694,0.5559322033898305,-0.11186582637917131,0.6354515050167224,0.5004013377926422,5.707389902039442,0.0,0.6401384083044983,0.13846616750182272,1171,0.931350114416476,0.9216589861751152,,
10.0,19,150,150,0.4533333333333333,0.46,0.6743407055863159,7.11804078118889,602.6498147769427,0.4487749656343495,0.42257022122793936,157.62944506730395,162.53543326873717,182.945155102566,185.92302776299005,0.5615819209039548,-0.12318678666869257,0.6254180602006689,0.49859531772575255,4.068673691494463,0.0,0.6319444444444444,0.13027220364176884,1143,0.9243119266055045,0.9262672811059908,,
10.0,20,150,150,0.4533333333333333,0.46,0.3403814990102357,10.77874746865746,634.0177103571941,0.509569972657221,0.4278523489932886,154.60131880684128,159.98100974054427,181.82482323055422,185.92302776299005,0.5610859728506787,-0.12219492219492215,0.6287625418060201,0.5044481605351171,4.419729538276648,0.0,0.6319444444444444,0.13027220364176884,1163,0.9334862385321101,0.9078341013824884,,
10.0,21,150,150,0.43333333333333335,0.44,0.6807629980204714,6.467248481194477,537.465792906254,0.44197086266164676,0.42257022122793936,157.09119657714103,162.53543326873717,178.80347896568009,183.50211838318666,0.5649717514124294,-0.12995648709934424,0.6220735785953178,0.5034782608695652,4.287805262481147,0.0,0.629757785467128,0.12808554466445243,1142,0.9220183486238532,0.9124423963133641,,
10.0,22,150,150,0.43333333333333335,0.44,0.3403814990102357,7.113973329313925,631.1311246588357,0.4656040268456376,0.45875456630702577,152.09602339473827,157.41057054711752,181.82482323055422,188.8220544771201,0.5542986425339367,-0.10864835811727362,0.6254180602006689,0.5021404682274248,4.360528934170261,0.0,0.6306620209059234,0.1289897801032478,1160,0.9267734553775744,0.9237875288683602,,
10.0,23,150,150,0.44666666666666666,0.44666666666666666,1.5317167455460603,6.467248481194478,616.3153498270251,0.4674017257909876,0.4123878062585914,162.02581549140223,167.5974070931495,176.11525767583748,185.92302776299005,0.551528878822197,-0.10314830848164189,0.6254180602006689,0.5006354515050168,4.573894659663863,0.0,0.6332179930795848,0.13154575227690923,1154,0.9288990825688074,0.9122401847575058,,
10.0,24,150,150,0.41333333333333333,0.42,0.5057555291897369,5.94864836713643,581.6033710321668,0.5033557046979866,0.4174169258471108,160.07769197505428,165.0741368196447,180.13769877568706,183.000525998574,0.5548022598870056,-0.10969519677307744,0.6220735785953178,0.49762541806020066,4.284083805263805,0.0,0.6306620209059234,0.1289897801032478,1143,0.9288990825688074,0.9147465437788018,,
10.0,25,150,150,0.44,0.4533333333333333,0.3403814990102357,6.467248481194478,632.3182556589321,0.49714143673875216,0.4278523489932886,154.60131880684128,159.98100974054427,184.10168702734046,186.2317052738423,0.5610859728506787,-0.12217194570135748,0.6086956521739131,0.5017725752508361,3.579123224332064,0.0,0.6137931034482759,0.11212086264560028,1169,0.926605504587156,0.9151376146788991,,
10.0,26,150,150,0.43333333333333335,0.44,1.0211444970307069,6.467248481194477,517.2066363804537,0.45985582898334576,0.4026845637583893,154.60131880684128,159.98100974054427,173.43010775211457,180.0539695045067,0.5638418079096045,-0.1277066530134358,0.6220735785953178,0.49712374581939794,4.638972277378842,0.0,0.6262975778546713,0.12462533705199574,1166,0.9221967963386728,0.9149425287356322,,
10.0,27,150,150,0.43333333333333335,0.43333333333333335,0.34365439803918024,9.794150344116636,698.3459361303538,0.45875456630702577,0.43326820151219103,151.49145829052577,157.41057054711752,183.53622308845007,188.94213645873936,0.5559322033898305,-0.11193397141894025,0.6387959866220736,0.5004013377926422,5.61038480013601,0.0,0.6411149825783972,0.13944274177572158,1162,0.9221967963386728,0.9124423963133641,,
10.0,28,150,150,0.43333333333333335,0.44666666666666666,0.850953747525589,6.929194801279798,552.2729677321261,0.4487749656343495,0.42257022122793936,159.56593789154607,162.53543326873717,176.1263890318375,183.50211838318666,0.5576923076923077,-0.11542029942502915,0.6153846153846154,0.5008361204013378,4.211133091745767,0.0,0.627177700348432,0.12550545954575643,1161,0.9220183486238532,0.9218390804597701,,
10.0,29,150,150,0.4533333333333333,0.46,0.5105722485153534,6.467248481194478,605.117482523716,0.42257022122793936,0.4278523489932886,154.60131880684128,159.98100974054427,176.1263890318375,183.000525998574,0.5622171945701357,-0.12444733935890723,0.6254180602006689,0.5007023411371238,4.818748631880819,0.0,0.6280701754385964,0.12639793463592086,1173,0.9244851258581236,0.9124423963133641,,
10.0,30,150,150,0.44,0.44,0.850953747525589,6.467248481194478,628.8912071296411,0.4730330718848549,0.3954937679769895,159.56593789154607,168.04110908524103,173.43010775211457,181.6175756841073,0.5672316384180791,-0.13446472528931708,0.6053511705685619,0.5046822742474917,3.4737777289202234,0.0,0.6132404181184669,0.11156817731579127,1141,0.9197247706422018,0.9124423963133641,,
10.0,31,150,150,0.43333333333333335,0.44666666666666666,0.6807629980204714,6.467248481194478,649.803656352824,0.42451685938384415,0.44197086266164676,159.56593789154607,165.0741368196447,181.4617816071169,188.8220544771201,0.5638418079096045,-0.12768937502952535,0.6120401337792643,0.5063545150501673,4.1718675522168045,0.0,0.6172413793103448,0.11556913850766926,1122,0.9197247706422018,0.9124423963133641,,
10.0,32,150,150,0.4666666666666667,0.47333333333333333,0.850953747525589,6.467248481194477,585.5513918583745,0.4793863854266539,0.4609040187596022,162.02581549140223,167.5974070931495,181.4617816071169,186.2317052738423,0.5622171945701357,-0.1244703627063681,0.6387959866220736,0.5020066889632107,4.316813788811553,0.0,0.6445993031358885,0.14292706233321295,1183,0.9311926605504587,0.9221967963386728,,
10.0,33,150,150,0.44,0.43333333333333335,0.5105722485153534,6.467248481194477,595.4876841584717,0.44742729306487694,0.4278523489932886,154.60131880684128,159.98100974054427,184.64561671719224,188.8220544771201,0.5615819209039548,-0.12316957793521864,0.6354515050167224,0.5004682274247492,4.563657080258298,0.0,0.6310344827586207,0.12936224195594515,1165,0.9334862385321101,0.9170506912442397,,
10.0,34,150,150,0.44666666666666666,0.46,1.0211444970307069,6.467248481194477,601.7593961001005,0.4434324065196549,0.4123878062585914,162.02581549140223,167.5974070931495,181.82482323055422,188.8220544771201,0.5622171945701357,-0.12475823412025379,0.6187290969899666,0.4988628762541806,4.3698521483974675,0.0,0.627177700348432,0.12550545954575643,1157,0.9176201372997712,0.9149425287356322,,
10.0,35,150,150,0.4266666666666667,0.44,0.6807629980204714,5.820523633075029,516.822499558355,0.4609040187596022,0.34375511540350306,159.56593789154607,165.0741368196447,181.82482323055422,188.8220544771201,0.5644796380090498,-0.1289607207068865,0.6120401337792643,0.5006020066889633,3.5134669082867074,0.0,0.6180555555555556,0.11638331475288,1171,0.9243119266055045,0.9055299539170507,,
10.0,36,150,150,0.4533333333333333,0.47333333333333333,0.850953747525589,8.62299797492597,610.5868308310468,0.42451685938384415,0.42257022122793936,159.56593789154607,162.53543326873717,178.80347896568009,183.70036526870632,0.5644796380090498,-0.12907630779075344,0.6120401337792643,0.4997658862876254,3.866057299143211,0.0,0.6180555555555556,0.11638331475288,1159,0.9174311926605505,0.9172413793103448,,
10.0,37,150,150,0.42,0.4266666666666667,0.6873087960783605,6.529433562744424,642.578772661382,0.4174169258471108,0.4194630872483222,159.0436835416553,168.04110908524103,183.53622308845007,192.73589736222374,0.5576923076923077,-0.11538604270239493,0.6187290969899666,0.5027424749163879,3.8497919437803563,0.0,0.6284722222222222,0.12679998141954663,1152,0.9311926605504587,0.9013761467889908,,
10.0,38,150,150,0.44,0.44666666666666666,0.850953747525589,7.545123228060223,690.970099323949,0.46652479947618275,0.47818791946308725,157.09119657714103,159.98100974054427,192.97828071098075,197.38374479426182,0.5570621468926553,-0.1141470539792061,0.6220735785953178,0.5046822742474917,4.383005849192869,0.0,0.6236933797909407,0.12202113898826517,1155,0.9288990825688074,0.9101382488479263,,
10.0,39,150,150,0.43333333333333335,0.44666666666666666,0.850953747525589,7.18583164577164,632.1280967415208,0.44197086266164676,0.44742729306487694,157.09119657714103,162.53543326873717,178.98155223562566,188.8220544771201,0.5588235294117647,-0.11765277969728148,0.6153846153846154,0.5082608695652174,3.4280294213789113,0.0,0.625,0.12332775919732442,1161,0.9243119266055045,0.9147465437788018,,
20.0,0,150,150,0.41333333333333333,0.4266666666666667,1.0115110583794737,6.406236703070002,560.7652926110856,0.5336783375111184,0.38812970000808605,157.62944506730395,167.5974070931495,167.6194985830707,179.82381061293734,0.5570621468926553,-0.1141470539792061,0.6120401337792643,0.5017391304347827,4.0533709941645535,0.0,0.6180555555555556,0.11638331475288,1148,0.9153318077803204,0.9124423963133641,,
20.0,1,150,150,0.41333333333333333,0.43333333333333335,0.6807629980204714,6.467248481194478,430.2937058300295,0.42451685938384415,0.3954937679769895,159.56593789154607,168.04110908524103,178.80347896568009,189.70930754646412,0.5560588901472253,-0.11216913165215774,0.6254180602006689,0.5079264214046822,4.044954646685744,0.0,0.629757785467128,0.12808554466445243,1152,0.9153318077803204,0.9170506912442397,,
20.0,2,150,150,0.44,0.43333333333333335,1.0115110583794737,9.609355054605,645.7507562374685,0.45424783106891475,0.4026845637583893,155.16640472300855,159.98100974054427,180.13769877568706,183.000525998574,0.5509049773755657,-0.10182264440198753,0.6153846153846154,0.5068896321070234,3.6724789782275002,0.0,0.6241379310344828,0.1224656902318072,1173,0.919908466819222,0.8967889908256881,,
20.0,3,150,150,0.41333333333333333,0.4266666666666667,1.0309631941175408,6.529433562744424,574.425868170693,0.45985582898334576,0.45302013422818793,156.54186384303426,159.98100974054427,166.19509087771337,172.38374479426182,0.5486425339366516,-0.09729770541060362,0.6053511705685619,0.5009698996655518,3.6338994559146736,0.0,0.6013745704467354,0.09970232964405978,1158,0.9128440366972477,0.908256880733945,,
20.0,4,150,150,0.4266666666666667,0.4266666666666667,1.5317167455460603,6.467248481194478,547.2422039509717,0.4434324065196549,0.4123878062585914,162.02581549140223,167.5974070931495,176.1263890318375,183.000525998574,0.5554298642533937,-0.11087252238475548,0.6187290969899666,0.5014046822742475,4.066504302028189,0.0,0.615916955017301,0.11424471421462545,1162,0.9174311926605505,0.9080459770114943,,
20.0,5,150,150,0.4266666666666667,0.43333333333333335,1.5172665875692106,12.81247340614,773.0065102048756,0.40025875313333875,0.42451685938384415,157.62944506730395,165.54531896385902,169.52996331358054,175.73500793527995,0.5622171945701357,-0.12444733935890723,0.6120401337792643,0.4959531772575251,3.9755464591101504,0.0,0.6103448275862069,0.10867258678353131,1187,0.9244851258581236,0.9153318077803204,,
20.0,6,150,150,0.42,0.43333333333333335,1.0309631941175408,6.529433562744424,531.5463702146463,0.45424783106891475,0.39286298903257494,159.0436835416553,165.0741368196447,174.89552626670996,183.000525998574,0.5509049773755657,-0.10182264440198753,0.6220735785953178,0.5022073578595317,3.9082469771507884,0.0,0.6258741258741258,0.12420188507145025,1151,0.9243119266055045,0.9285714285714286,,
20.0,7,150,150,0.4266666666666667,0.43333333333333335,0.6807629980204714,6.467248481194478,617.7456521009977,0.4296938942543788,0.3977131493910017,157.09119657714103,162.53543326873717,178.80347896568009,183.50211838318666,0.5622171945701357,-0.12444733935890723,0.5953177257525084,0.5035451505016723,3.1242842923217906,0.0,0.6027874564459931,0.10111521564331749,1152,0.9197247706422018,0.9076212471131639,,
20.0,8,150,150,0.4666666666666667,0.4666666666666667,0.850953747525589,9.700872721791715,677.0048701279112,0.4656040268456376,0.4152684563758389,152.09602339473827,157.96634885177247,180.35559344463474,188.2678265581419,0.5662514156285391,-0.13253914506761885,0.6153846153846154,0.4952508361204014,4.48245071112513,0.0,0.6180555555555556,0.11638331475288,1183,0.9267734553775744,0.9124423963133641,,
20.0,9,150,150,0.43333333333333335,0.44666666666666666,0.6807629980204714,6.467248481194477,553.7527019036932,0.3954937679769895,0.39084090011843664,162.02581549140223,168.47573866971055,178.80347896568009,187.81290063526427,0.5570621468926553,-0.11481320130157971,0.6187290969899666,0.5042140468227424,4.081218091868468,0.0,0.6215277777777778,0.1198555369751022,1169,0.9311926605504587,0.9172413793103448,,
20.0,10,150,150,0.4066666666666667,0.41333333333333333,0.8429258819828949,6.406236703070001,485.7707199094117,0.356032083810771,0.2982848620432513,155.16640472300855,160.5082198542304,171.66447087386075,176.1263890318375,0.5644796380090498,-0.12913411020880936,0.6354515050167224,0.5052508361204013,4.484538353301272,0.0,0.6401384083044983,0.13846616750182272,1174,0.9174311926605505,0.9241379310344827,,
20.0,11,150,150,0.41333333333333333,0.41333333333333333,1.0211444970307069,6.107956898905895,445.52219314153325,0.4296938942543788,0.3977131493910017,157.09119657714103,162.53543326873717,181.4617816071169,186.2317052738423,0.5599547511312217,-0.12032382320297712,0.6020066889632107,0.502809364548495,3.4459205808929974,0.0,0.6013745704467354,0.09970232964405978,1170,0.9290617848970252,0.9149425287356322,,
20.0,12,150,150,0.44,0.4266666666666667,1.3486814111726317,6.406236703070002,525.0646318234453,0.4097081317309193,0.4123878062585914,164.93085134152926,167.5974070931495,171.5789061419672,174.08625087821815,0.5451467268623025,-0.09032817772885882,0.6153846153846154,0.5051839464882943,3.6717148258003114,0.0,0.625,0.12332775919732442,1163,0.9221967963386728,0.903448275862069,,
20.0,13,150,150,0.4533333333333333,0.4266666666666667,0.6873087960783605,7.617672489868494,632.4563791134331,0.44601138390960837,0.4404362416107383,151.49145829052577,157.96634885177247,177.79927336917177,184.1494394976424,0.5615819209039548,-0.12337037930942014,0.6053511705685619,0.5024080267558528,4.048258804204093,0.0,0.6083916083916084,0.10671936758893286,1135,0.9221967963386728,0.9009216589861752,,
20.0,14,150,150,0.4266666666666667,0.41333333333333333,0.850953747525589,7.545123228060223,516.6708175208103,0.4434324065196549,0.4314477468839885,162.02581549140223,168.04110908524103,181.82482323055422,187.03422029404044,0.5542986425339367,-0.10860295961876101,0.6086956521739131,0.501505016722408,4.014892970391767,0.0,0.6202090592334495,0.1185368184307739,1186,0.9267734553775744,0.930715935334873,,
20.0,15,150,150,0.42,0.4533333333333333,1.5317167455460603,7.545123228060223,597.802173528313,0.351742540632328,0.4434324065196549,159.56593789154607,168.04110908524103,170.31129994835555,181.24129900816894,0.5502824858757062,-0.10061556022875669,0.6086956521739131,0.5023411371237457,3.7314727299490316,0.0,0.6048109965635738,0.10313875576089826,1152,0.9036697247706422,0.9057471264367816,,
20.0,16,150,150,0.48,0.4666666666666667,0.33717035279315793,9.609355054605,743.1937753001722,0.45985582898334576,0.4388229220443986,152.68829949038673,154.82381061293734,178.7936197135009,180.7529638099266,0.5576923076923077,-0.1154545582519738,0.6187290969899666,0.5026086956521739,3.8233280242538643,0.0,0.6228373702422145,0.12116512943953894,1179,0.9061784897025171,0.9124423963133641,,
20.0,17,150,150,0.48,0.4866666666666667,0.8591359950979506,6.166687253703067,579.7716432104427,0.44742729306487694,0.44742729306487694,156.54186384303426,162.53543326873717,186.37054563825268,191.69816290554417,0.5565610859728507,-0.11340142846171582,0.6053511705685619,0.5020066889632107,3.8149293456419597,0.0,0.6111111111111112,0.10943887030843558,1185,0.9176201372997712,0.9172413793103448,,
20.0,18,150,150,0.43333333333333335,0.44,0.6807629980204714,6.826540063483058,658.4060086721928,0.47149774870444316,0.4646360351058338,149.57502033972122,154.82381061293734,176.11525767583748,183.000525998574,0.5514124293785311,-0.10283753140895996,0.6020066889632107,0.4994983277591973,3.3849868923578845,0.0,0.6055363321799307,0.10386409137725516,1162,0.926605504587156,0.9128440366972477,,
20.0,19,150,150,0.4,0.42,0.6807629980204714,6.467248481194477,477.6257457982873,0.4296938942543788,0.4722843649018146,157.09119657714103,162.53543326873717,184.64561671719224,191.69816290554417,0.5560588901472253,-0.11248304857505366,0.6187290969899666,0.5052508361204013,3.6089824838298763,0.0,0.6275862068965518,0.12591396609387617,1201,0.9151376146788991,0.9195402298850575,,
20.0,20,150,150,0.4066666666666667,0.4,0.6807629980204714,7.113973329313925,505.9158018986757,0.4349987571464081,0.4296938942543788,154.60131880684128,163.03444812791616,189.32780054601233,195.01171872899,0.5667420814479638,-0.1338106142741391,0.6187290969899666,0.5037458193979933,3.6738797844304782,0.0,0.6236933797909407,0.12202113898826517,1148,0.9220183486238532,0.9101382488479263,,
20.0,21,150,150,0.42,0.44,0.6743407055863159,12.81247340614,795.7243737506941,0.4296938942543788,0.45875456630702577,155.16640472300855,155.40854088561457,174.3480037073208,176.1263890318375,0.5502824858757062,-0.10058745494497641,0.6053511705685619,0.5028428093645485,3.3651449420432824,0.0,0.6145833333333334,0.11291109253065779,1154,0.9311926605504587,0.9101382488479263,,
20.0,22,150,150,0.44666666666666666,0.43333333333333335,0.5154815970587704,8.705911416992565,554.8626545814037,0.4123878062585914,0.38812970000808605,161.53029418705432,167.5974070931495,179.0245525566616,184.98100974054427,0.5576923076923077,-0.11538604270239493,0.6220735785953178,0.5051170568561872,3.6988638053451997,0.0,0.6241379310344828,0.1224656902318072,1169,0.9151376146788991,0.9216589861751152,,
20.0,23,150,150,0.46,0.46,0.850953747525589,9.700872721791715,717.9489383799366,0.40025875313333875,0.4123878062585914,159.56593789154607,165.54531896385902,176.1263890318375,182.06055011019157,0.5565610859728507,-0.1131221719457014,0.6053511705685619,0.5010367892976588,3.3053100700545417,0.0,0.6111111111111112,0.10943887030843558,1164,0.9288990825688074,0.9149425287356322,,
20.0,24,150,150,0.44,0.44,0.8429258819828949,7.473942820248334,631.9236128206869,0.4194630872483222,0.42257022122793936,160.07769197505428,162.53543326873717,188.4950233508277,189.93829512010694,0.5678733031674208,-0.1357466063348416,0.6086956521739131,0.5007692307692307,3.7809195405897604,0.0,0.6206896551724138,0.11901741436973823,1146,0.919908466819222,0.9050925925925926,,
20.0,25,150,150,0.42,0.4266666666666667,0.6743407055863159,8.541648937426668,616.0507303853103,0.4487749656343495,0.4278523489932886,157.62944506730395,159.98100974054427,177.30787121774796,183.50211838318666,0.5570621468926553,-0.11412429378531075,0.6153846153846154,0.5005685618729097,4.293245983142188,0.0,0.6215277777777778,0.1198555369751022,1141,0.9153318077803204,0.9101382488479263,,
20.0,26,150,150,0.43333333333333335,0.4533333333333333,0.850953747525589,5.8793168010858885,482.6416159516011,0.4123878062585914,0.3479990057171265,159.56593789154607,160.5082198542304,178.98155223562566,187.03422029404044,0.5559322033898305,-0.11275236391515464,0.6086956521739131,0.5024414715719063,3.5097695691439905,0.0,0.6116838487972509,0.11001160799457532,1162,0.9288990825688074,0.9078341013824884,,
20.0,27,150,150,0.4533333333333333,0.44666666666666666,1.3615259960409427,7.391141121365118,578.344702256113,0.4382155546782472,0.3835091083413231,164.47109402433398,168.04110908524103,170.71421637884703,178.30922199481938,0.5554298642533937,-0.11092938763026196,0.6120401337792643,0.5022073578595317,3.6579228294930144,0.0,0.6145833333333334,0.11291109253065779,1143,0.9197247706422018,0.9172413793103448,,
20.0,28,150,150,0.4533333333333333,0.4533333333333333,0.6873087960783605,9.794150344116636,691.8935407727548,0.38528461347253296,0.44742729306487694,156.54186384303426,162.53543326873717,175.73500793527995,180.53725724359663,0.5605889014722537,-0.12132161946872014,0.6120401337792643,0.5013043478260869,3.9857451281234013,0.0,0.625,0.12332775919732442,1171,0.926605504587156,0.9193548387096774,,
20.0,29,150,150,0.41333333333333333,0.4266666666666667,1.1800962347760529,9.609355054605,690.4245435860444,0.4214140783518028,0.4314477468839885,164.93085134152926,170.10552217897595,177.01243593463283,177.98381459487763,0.5509049773755657,-0.10181136469790324,0.6120401337792643,0.5045819397993311,4.697603927120202,0.0,0.6193771626297578,0.11770492182708225,1203,0.9107551487414187,0.8988505747126436,,
20.0,30,150,150,0.42,0.44,0.6873087960783605,7.182376919018867,660.462053819969,0.45302013422818793,0.4026845637583893,154.0245525566616,159.98100974054427,183.53622308845007,185.92302776299005,0.5633484162895928,-0.12674873947429027,0.6153846153846154,0.5049163879598663,4.022568642817899,0.0,0.615916955017301,0.11424471421462545,1143,0.9149425287356322,0.9170506912442397,,
20.0,31,150,150,0.4266666666666667,0.4266666666666667,1.5317167455460603,6.467248481194477,514.4034392758907,0.40747842761265585,0.4382155546782472,162.02581549140223,170.52208700336,176.1263890318375,181.6175756841073,0.5531674208144797,-0.10650617212847258,0.6354515050167224,0.49725752508361204,4.447883361231885,0.0,0.6401384083044983,0.13846616750182272,1167,0.9128440366972477,0.903448275862069,,
20.0,32,150,150,0.44666666666666666,0.4533333333333333,1.7182719901959012,6.5294335627444235,520.8327412194163,0.4123878062585914,0.4123878062585914,161.53029418705432,167.5974070931495,181.94004183182267,189.93829512010694,0.5548022598870056,-0.11029063253362198,0.6187290969899666,0.5012040133779264,4.392486134851002,0.0,0.6241379310344828,0.1224656902318072,1138,0.9153318077803204,0.9193548387096774,,
20.0,33,150,150,0.43333333333333335,0.46,1.3615259960409427,9.700872721791715,739.5986415426418,0.44197086266164676,0.42451685938384415,157.09119657714103,165.54531896385902,184.64561671719224,192.73589736222374,0.5569334836527621,-0.1139816547347868,0.6220735785953178,0.5030434782608696,4.078067787629703,0.0,0.6236933797909407,0.12202113898826517,1128,0.9221967963386728,0.9080459770114943,,
20.0,34,150,150,0.4266666666666667,0.42,0.6807629980204714,5.820523633075029,519.0110265629693,0.41014168530947054,0.3822954719225215,154.60131880684128,157.41057054711752,173.43010775211457,175.1942280224289,0.5588235294117647,-0.11765277969728148,0.6120401337792643,0.5026086956521739,3.3518090834470557,0.0,0.6124567474048442,0.11078450660216865,1189,0.9311926605504587,0.9287356321839081,,
20.0,35,150,150,0.4266666666666667,0.4266666666666667,1.2027903931371307,6.529433562744424,577.6730864447712,0.34346624555862615,0.4026845637583893,166.45897638350738,170.52208700336,177.79927336917177,181.24129900816894,0.5588235294117647,-0.11766994266994264,0.6220735785953178,0.5007357859531772,3.9102996031359503,0.0,0.6236933797909407,0.12202113898826517,1157,0.9197247706422018,0.9053117782909931,,
20.0,36,150,150,0.4266666666666667,0.41333333333333333,0.8429258819828949,6.406236703070002,618.3852619779959,0.4194630872483222,0.37285607755406414,160.07769197505428,162.53543326873717,172.68576616097369,174.60005872182057,0.5564334085778782,-0.11286823482952153,0.5953177257525084,0.5014046822742475,3.14992482413048,0.01,0.6027874564459931,0.10111521564331749,1156,0.9130434782608695,0.9172413793103448,,
20.0,37,150,150,0.44,0.44666666666666666,1.701907495051178,5.820523633075029,512.9671046463952,0.40025875313333875,0.39286298903257494,159.56593789154607,165.0741368196447,170.31129994835555,174.11844704894946,0.5576923076923077,-0.11555734736060728,0.6387959866220736,0.5045819397993311,4.958169698478048,0.0,0.6480836236933798,0.1464113828907042,1179,0.9151376146788991,0.9287356321839081,,
20.0,38,150,150,0.4533333333333333,0.46,0.3403814990102357,9.700872721791715,675.1814838268233,0.5224704782941126,0.43326820151219103,149.57502033972122,155.40854088561457,177.28245136240275,188.2678265581419,0.5560588901472253,-0.11220907487574142,0.6086956521739131,0.5031103678929766,3.260665569794163,0.0,0.6089965397923875,0.10732429898971196,1197,0.9220183486238532,0.9080459770114943,,
20.0,39,150,150,0.44,0.42,0.850953747525589,7.113973329313925,524.2964305974521,0.43664591250909685,0.3479990057171265,159.56593789154607,162.53543326873717,178.80347896568009,186.2317052738423,0.56045197740113,-0.12093973442288052,0.6421404682274248,0.497056856187291,4.682859623245237,0.0,0.6515679442508711,0.14989570344819547,1150,0.9151376146788991,0.9168591224018475,,
40.0,0,150,150,0.4066666666666667,0.42,1.3615259960409427,7.7606981774333725,474.0705103014417,0.38812970000808605,0.4194630872483222,159.56593789154607,168.04110908524103,167.8848180059307,172.63641018608166,0.5633484162895928,-0.12670259977580195,0.6354515050167224,0.5005685618729097,4.328579170454414,0.0,0.6401384083044983,0.13846616750182272,1155,0.9357798165137615,0.9333333333333333,,
40.0,1,150,150,0.44,0.43333333333333335,1.701907495051178,6.467248481194477,509.7319757264223,0.509569972657221,0.39286298903257494,154.60131880684128,163.03444812791616,167.8848180059307,172.52571776860492,0.5571913929784824,-0.11438421522455122,0.5986622073578596,0.4991638795986622,3.370543528428063,0.0,0.5951557093425606,0.09348346853988498,1166,0.8944954128440367,0.9055299539170507,,
40.0,2,150,150,0.43333333333333335,0.44666666666666666,1.0115110583794737,6.050334664010555,540.2460888782448,0.4314477468839885,0.34375511540350306,160.07769197505428,165.0741368196447,188.4950233508277,191.69816290554417,0.5576923076923077,-0.11542029942502915,0.6321070234113713,0.5029096989966555,4.341135943992098,0.0,0.6366782006920415,0.13500595988936592,1142,0.9128440366972477,0.9080459770114943,,
40.0,3,150,150,0.38666666666666666,0.3933333333333333,0.8591359950979506,5.876490206469982,417.91034026874934,0.4161073825503356,0.4563758389261745,141.19509087771337,146.9624057466072,157.09479177387817,164.90035214524687,0.5520361990950227,-0.10488679438582124,0.5852842809364549,0.5040802675585284,2.896969616856597,0.0,0.5862068965517241,0.0845346557490485,1167,0.897025171624714,0.9103448275862069,,
40.0,4,150,150,0.41333333333333333,0.4066666666666667,1.3615259960409427,5.38937373432873,537.1484277370577,0.4152684563758389,0.3977131493910017,152.09602339473827,162.53543326873717,178.98155223562566,183.000525998574,0.5594563986409966,-0.11902905049717284,0.6287625418060201,0.5004347826086957,5.07669635607027,0.0,0.6288659793814433,0.1271937385787677,1183,0.9176201372997712,0.9151376146788991,,
40.0,5,150,150,0.37333333333333335,0.36666666666666664,1.2027903931371307,6.529433562744424,419.5726425632812,0.3444012716354645,0.43326820151219103,143.79442240232413,153.4357382249974,158.53622308845007,165.9464176558124,0.549263873159683,-0.0986179252845923,0.5919732441471572,0.4937792642140468,3.2230630946445724,0.0,0.596551724137931,0.09487948333525542,1172,0.9059633027522935,0.9055299539170507,,
40.0,6,150,150,0.4,0.41333333333333333,1.374617592156721,6.529433562744424,601.9555656268631,0.4517294785751162,0.4575960951799878,148.9422804014327,154.2265143551066,169.01451034039638,169.72552972176072,0.5578231292517006,-0.11585281184910912,0.6020066889632107,0.504247491638796,3.172190143361124,0.0,0.5986159169550173,0.09694367615234167,1174,0.9105504587155964,0.9080459770114943,,
40.0,7,150,150,0.38666666666666666,0.38666666666666666,0.6807629980204714,6.467248481194478,537.0188061015446,0.5563405157188274,0.4295302013422819,141.91472468940077,143.08950917716072,161.41766960268797,161.62174464093,0.549263873159683,-0.0988039661677527,0.5953177257525084,0.49732441471571903,3.514977609748668,0.0,0.6013986013986014,0.09972636059592577,1183,0.926605504587156,0.9036697247706422,,
40.0,8,150,150,0.38,0.4066666666666667,1.0115110583794737,4.270824468713334,475.9630277807509,0.30975735673722254,0.4314477468839885,145.16075164081167,150.24388999473422,157.945155102566,162.03422029404044,0.5434047350620068,-0.08741899054847353,0.6086956521739131,0.5056856187290969,3.6930467434357346,0.0,0.6075085324232082,0.10583629162053265,1122,0.9084668192219679,0.9053117782909931,,
40.0,9,150,150,0.4,0.3933333333333333,1.5317167455460603,6.467248481194477,472.431804857341,0.5291688177594218,0.4388229220443986,147.0380104336553,154.82381061293734,162.44445750247417,171.06380220685003,0.5672316384180791,-0.1344763130477416,0.5953177257525084,0.49612040133779267,3.677887303135965,0.0,0.6006944444444444,0.09902220364176884,1134,0.9151376146788991,0.9172413793103448,,
40.0,10,150,150,0.41333333333333333,0.4266666666666667,1.5317167455460603,9.700872721791717,660.6223460378599,0.46652479947618275,0.4174169258471108,157.09119657714103,165.0741368196447,162.44445750247417,169.55188814650842,0.5510204081632653,-0.10204081632653061,0.5719063545150501,0.5005685618729097,2.5717656379764224,0.0,0.5758620689655173,0.0741898281628417,1175,0.8899082568807339,0.9011494252873563,,
40.0,11,150,150,0.36666666666666664,0.35333333333333333,1.1913352465358247,9.700872721791715,685.5778408326701,0.4445219210319881,0.4768632991875662,144.48468484687982,151.5930888346901,152.28245136240275,160.41485901874057,0.5565610859728507,-0.11321334234289583,0.6086956521739131,0.49498327759197325,3.6977179826982334,0.0,0.6103448275862069,0.10867258678353131,1190,0.9107551487414187,0.9267734553775744,,
40.0,12,150,150,0.37333333333333335,0.36,0.6807629980204714,6.467248481194477,559.9028179353076,0.4487749656343495,0.44742729306487694,159.56593789154607,162.53543326873717,174.57502033972122,177.98381459487763,0.5612244897959183,-0.12256586483390584,0.6053511705685619,0.49946488294314384,3.7687778691822498,0.0,0.6089965397923875,0.10732429898971196,1189,0.9107551487414187,0.908256880733945,,
40.0,13,150,150,0.41333333333333333,0.4066666666666667,1.5172665875692106,9.609355054605,671.984282483965,0.4051399574398429,0.28237027336716325,155.16640472300855,163.03444812791616,168.67861326078048,178.30922199481938,0.5565610859728507,-0.11358387570858697,0.6354515050167224,0.5060535117056856,4.364591020946931,0.0,0.6388888888888888,0.13721664808621326,1151,0.9174311926605505,0.9076212471131639,,
40.0,14,150,150,0.37333333333333335,0.35333333333333333,0.6807629980204714,5.820523633075029,552.5357829538169,0.42591636551368095,0.43326820151219103,147.0380104336553,155.40854088561457,167.97828071098075,170.5538381682789,0.5510204081632653,-0.10209181784524259,0.6321070234113713,0.5022073578595317,4.542598261499693,0.0,0.6232876712328768,0.12161543043020118,1174,0.9172413793103448,0.8986175115207373,,
40.0,15,150,150,0.36666666666666664,0.36666666666666664,1.6858517639657897,12.81247340614,698.9389726635311,0.5033557046979866,0.45302013422818793,150.1948495130216,157.96634885177247,150.1948495130216,157.96634885177247,0.5542986425339367,-0.10864835811727362,0.6387959866220736,0.5023411371237457,5.076816244875841,0.0,0.6363636363636364,0.13469139556096077,1166,0.8944954128440367,0.9103448275862069,,
40.0,16,150,150,0.36,0.37333333333333335,1.7182719901959012,5.596657339495222,462.545131676843,0.30201342281879195,0.43712469092193573,154.0245525566616,151.5930888346901,158.53622308845007,159.7860758581524,0.5481313703284258,-0.09637664056808057,0.5886287625418061,0.49993311036789295,2.876846600490651,0.0,0.5972222222222222,0.09554998141954663,1212,0.9153318077803204,0.8993135011441648,,
40.0,17,150,150,0.38666666666666666,0.38666666666666666,1.1913352465358247,6.467248481194478,550.2859912016993,0.42257022122793936,0.3479990057171265,154.60131880684128,162.53543326873717,162.44445750247417,169.30710901755947,0.5617214043035108,-0.12368637110016421,0.6220735785953178,0.4991304347826087,4.289619058194938,0.0,0.6185567010309279,0.11688446022825227,1158,0.9174311926605505,0.9078341013824884,,
40.0,18,150,150,0.41333333333333333,0.42,1.890099189215491,5.045471389393419,438.0197494596042,0.3977131493910017,0.42257022122793936,156.54186384303426,160.5082198542304,158.53622308845007,167.73589736222374,0.5498866213151927,-0.09988776655443318,0.5852842809364549,0.4985284280936455,2.979556149772362,0.0,0.5929824561403508,0.09131021533767525,1166,0.908256880733945,0.9103448275862069,,
40.0,19,150,150,0.41333333333333333,0.42,1.2027903931371307,5.34226382406362,456.5555328448136,0.33557046979865773,0.3153553812565699,164.00196982869676,169.68020009887385,175.22114971930438,179.8690323475339,0.5487528344671202,-0.0983188996434031,0.6153846153846154,0.5040468227424749,3.579553170531492,0.0,0.6172413793103448,0.11556913850766926,1157,0.8990825688073395,0.9055299539170507,,
40.0,20,150,150,0.37333333333333335,0.36,1.3486814111726317,7.473942820248334,474.44226985233354,0.45875456630702577,0.2818791946308725,147.68576616097369,146.9624057466072,157.945155102566,160.92302776299005,0.5627118644067797,-0.12554013055070332,0.6020066889632107,0.49859531772575255,3.4235457541415726,0.01,0.5951557093425606,0.09348346853988498,1197,0.9084668192219679,0.9128440366972477,,
40.0,21,150,150,0.42,0.4,1.5172665875692106,5.694432624951111,415.04435642215265,0.5097272958966953,0.33976510067114096,147.68576616097369,157.96634885177247,159.82703341236504,160.1785579537064,0.5537938844847112,-0.10761049824734228,0.5852842809364549,0.49993311036789295,2.968066181378004,0.0,0.5896551724137931,0.08798293161111748,1192,0.903448275862069,0.903448275862069,,
40.0,22,150,150,0.41333333333333333,0.3933333333333333,0.6743407055863159,5.124989362456001,444.7166744575474,0.49077181208053694,0.3695522895251041,150.1948495130216,159.44255607284288,165.0616896055193,174.24103185095555,0.5430839002267573,-0.08648204510999737,0.6120401337792643,0.4993311036789298,3.8404714266897972,0.0,0.6137931034482759,0.11212086264560028,1157,0.8942528735632184,0.8944954128440367,,
40.0,23,150,150,0.36666666666666664,0.36,1.1913352465358247,6.467248481194478,554.4000321439091,0.4646360351058338,0.40529939858798925,147.0380104336553,152.2204150522831,165.22185028368176,166.69816290554417,0.5526613816534541,-0.10533552226554493,0.6053511705685619,0.5041471571906355,3.3434624035239584,0.0,0.6068965517241379,0.10522431092146234,1160,0.9128440366972477,0.9174311926605505,,
40.0,24,150,150,0.41333333333333333,0.4066666666666667,1.1800962347760529,6.406236703070001,626.7004092409838,0.3901006711409396,0.42591636551368095,150.1948495130216,152.8344923793889,163.4950233508277,164.86643408790138,0.5475113122171946,-0.09504504504504499,0.5886287625418061,0.49478260869565216,3.54643570742321,0.0,0.5923344947735192,0.0906622539708436,1148,0.9218390804597701,0.9126436781609195,,
40.0,25,150,150,0.38,0.38,2.0619263882350816,7.617672489868494,658.0662080570575,0.5159395973154363,0.3901006711409396,154.0245525566616,157.96634885177247,156.94004183182267,160.1785579537064,0.5525423728813559,-0.10508474576271187,0.6153846153846154,0.5005016722408027,4.13411945966641,0.0,0.6206896551724138,0.11901741436973823,1160,0.9128440366972477,0.9122401847575058,,
40.0,26,150,150,0.38666666666666666,0.38,1.2027903931371307,6.529433562744424,466.57356774353326,0.41014168530947054,0.3274844343818226,156.54186384303426,167.5974070931495,169.74317467664144,180.7529638099266,0.5628539071347678,-0.12571358946241099,0.6187290969899666,0.4993311036789298,4.36671900282463,0.0,0.6167247386759582,0.11505249787328264,1201,0.9288990825688074,0.9216589861751152,,
40.0,27,150,150,0.42,0.42,0.6743407055863159,7.687484043684002,541.5400933769168,0.5279096415125225,0.40778183671735624,155.16640472300855,157.41057054711752,177.01243593463283,177.98381459487763,0.5486425339366516,-0.09728647202973938,0.6153846153846154,0.5019732441471572,4.014908834289397,0.0,0.6241379310344828,0.1224656902318072,1181,0.9038901601830663,0.9151376146788991,,
40.0,28,150,150,0.43333333333333335,0.4266666666666667,1.0211444970307069,5.173798784955582,544.2103713936237,0.45541706615532124,0.29464724177443113,162.02581549140223,163.03444812791616,172.0380104336553,172.63641018608166,0.5704545454545454,-0.14091498406500017,0.6086956521739131,0.49903010033444817,3.4031987874628866,0.0,0.6223776223776224,0.12070538157494681,1181,0.9197247706422018,0.9105504587155964,,
40.0,29,150,150,0.4,0.41333333333333333,1.3615259960409427,6.005302161109158,421.1619124849463,0.4768632991875662,0.36607687614399026,141.91472468940077,152.2204150522831,152.12555947473413,164.24449343525072,0.5505107832009081,-0.10102156640181614,0.6053511705685619,0.5012709030100334,3.5911169619959584,0.0,0.6089965397923875,0.10732429898971196,1172,0.9243119266055045,0.9147465437788018,,
40.0,30,150,150,0.36666666666666664,0.37333333333333335,1.0211444970307069,6.467248481194477,562.5190847958925,0.38528461347253296,0.28942953020134227,154.60131880684128,157.96634885177247,173.43010775211457,176.1263890318375,0.5723981900452488,-0.14480223993284289,0.6187290969899666,0.5002006688963211,4.230204905179014,0.0,0.6202090592334495,0.1185368184307739,1158,0.9220183486238532,0.9172413793103448,,
40.0,31,150,150,0.38666666666666666,0.38,1.7182719901959012,6.529433562744424,637.158990012432,0.45541706615532124,0.45653191821445294,164.00196982869676,172.98851335480083,166.03597366903256,172.98851335480083,0.5549263873159683,-0.10985419808949246,0.6053511705685619,0.5034113712374583,3.359965112134212,0.0,0.6055363321799307,0.10386409137725516,1158,0.9128440366972477,0.8983833718244804,,
40.0,32,150,150,0.4066666666666667,0.4066666666666667,1.5172665875692106,9.609355054605,697.0887344690136,0.43664591250909685,0.4278523489932886,157.62944506730395,159.98100974054427,161.1022266881822,164.6556523008179,0.5566893424036281,-0.11355188910302483,0.6086956521739131,0.49809364548494983,4.098165206843129,0.0,0.6145833333333334,0.11291109253065779,1168,0.8993135011441648,0.9055299539170507,,
40.0,33,150,150,0.4,0.4,0.8429258819828949,5.765613032763,561.732565170302,0.4123878062585914,0.356032083810771,157.62944506730395,163.03444812791616,174.3480037073208,176.1263890318375,0.5578231292517006,-0.11585281184910912,0.6187290969899666,0.5004682274247492,4.159915671362962,0.0,0.6275862068965518,0.12591396609387617,1157,0.926605504587156,0.9195402298850575,,
40.0,34,150,150,0.4,0.42,1.5317167455460603,5.748665316617313,480.06702568013395,0.37751677852348997,0.33147814699623507,152.09602339473827,163.03444812791616,158.40040982357846,166.32913625533388,0.5532879818594104,-0.10659872375653655,0.6220735785953178,0.5031772575250836,3.774777834269135,0.0,0.6332179930795848,0.13154575227690923,1157,0.9011494252873563,0.923963133640553,,
40.0,35,150,150,0.42,0.38666666666666666,1.0211444970307069,6.467248481194478,603.2350012140887,0.47149774870444316,0.32266391326794014,149.57502033972122,152.8344923793889,170.71421637884703,175.35260748871485,0.5532879818594104,-0.10662717512032586,0.5919732441471572,0.5069565217391305,3.0514298926877355,0.0,0.5847750865051903,0.0831028457025147,1163,0.8922018348623854,0.9105504587155964,,
40.0,36,150,150,0.3333333333333333,0.3466666666666667,0.17182719901959012,6.529433562744424,590.932969192451,0.3624161073825503,0.3568091071276867,141.19509087771337,153.4357382249974,163.57837193861525,173.29621960438544,0.565266742338252,-0.13053494124922704,0.6187290969899666,0.49946488294314384,4.40279111835546,0.0,0.615916955017301,0.11424471421462545,1184,0.9197247706422018,0.9101382488479263,,
40.0,37,150,150,0.36666666666666664,0.36,1.336076912002794,4.904009574737529,452.81335829841663,0.42052501911477363,0.3440659247302693,145.82305912374238,157.41057054711752,152.25359429305576,158.70036526870632,0.5531674208144797,-0.10634758339337157,0.6020066889632107,0.5016053511705685,3.7560704381576606,0.0,0.603448275862069,0.10177603505939337,1159,0.908256880733945,0.9260969976905312,,
40.0,38,150,150,0.44666666666666666,0.4266666666666667,1.3615259960409427,5.543355841023838,515.4458446593876,0.4145282273983419,0.4314477468839885,164.47109402433398,170.10552217897595,178.98155223562566,180.0539695045067,0.5583238958097395,-0.11664779161947902,0.6120401337792643,0.5044147157190635,3.3030456022839423,0.0,0.6132404181184669,0.11156817731579127,1154,0.9107551487414187,0.9030023094688222,,
40.0,39,150,150,0.38,0.38666666666666666,0.850953747525589,6.467248481194478,599.6006042447783,0.4646360351058338,0.45875456630702577,147.0380104336553,153.4357382249974,159.64561671719224,165.46011840153307,0.546485260770975,-0.09297614150555293,0.5886287625418061,0.5034448160535117,3.2198010792007206,0.0,0.5833333333333334,0.08166109253065779,1171,0.9059633027522935,0.9013761467889908,,
80.0,0,150,150,0.28,0.30666666666666664,1.3615259960409427,4.527073936836134,480.74230986478443,0.43574075929079437,0.5491153142159854,117.97828071098075,120.5538381682789,139.4081076982054,141.32913625533388,0.5683615819209039,-0.13681605697934413,0.6354515050167224,0.5010367892976588,4.731331988723882,0.0,0.6438356164383562,0.1421633756356806,1219,0.9016018306636155,0.89749430523918,,
80.0,1,150,150,0.2733333333333333,0.2866666666666667,1.654632286855312,4.191735126700124,305.0084062206302,0.4170661553211889,0.3756385855955124,120.86562100691918,123.3505105844722,123.9422804014327,127.8344923793889,0.5486425339366516,-0.09735387576512643,0.6287625418060201,0.49846153846153846,5.093640236714163,0.0,0.6357388316151202,0.13406659081244465,1166,0.9130434782608695,0.9195402298850575,,
80.0,2,150,150,0.26,0.2733333333333333,3.0345331751384212,4.270824468713334,302.81518153702046,0.6514015001973944,0.4395500519897911,118.96142066649395,130.62029264529752,118.96142066649395,130.62029264529752,0.5583238958097395,-0.11669935214768609,0.5953177257525084,0.5037792642140468,3.2672627063173976,0.0,0.6041666666666666,0.10249442586399105,1162,0.906392694063927,0.8993135011441648,,
80.0,3,150,150,0.32666666666666666,0.3333333333333333,1.701907495051178,6.467248481194478,444.22956109224873,0.4575960951799878,0.44914816726897266,115.22185028368176,121.39505114227887,121.04792892812276,122.46120617324647,0.5304740406320542,-0.06099673868732169,0.5518394648829431,0.4994983277591973,1.7380492188234111,0.07,0.5674740484429066,0.06580180764023102,1185,0.8810068649885584,0.8881278538812786,,
80.0,4,150,150,0.3,0.34,2.552861242576767,6.467248481194478,561.3580990203413,0.3922252244399896,0.5166019074531968,144.48468484687982,145.70142833725401,144.48468484687982,145.70142833725401,0.562358276643991,-0.12480909161031581,0.5819397993311036,0.5045819397993311,2.670047514613285,0.0,0.5958904109589042,0.09421817015622858,1210,0.9105504587155964,0.9107551487414187,,
80.0,5,150,150,0.31333333333333335,0.31333333333333335,1.8200955155408431,6.287602690050186,481.03335577488224,0.4550887193159879,0.3624161073825503,128.72937087948418,143.08950917716072,129.76543488305828,144.73001208393907,0.5304740406320542,-0.0609697062345537,0.6020066889632107,0.5015384615384616,3.936965121819053,0.0,0.6041666666666666,0.10249442586399105,1156,0.8807339449541285,0.9057471264367816,,
80.0,6,150,150,0.35333333333333333,0.3466666666666667,1.4015708782774408,4.755329765584175,434.5100187752408,0.4194630872483222,0.35855474855199043,137.03086132232596,141.63380965825343,141.32913625533388,146.06380220685003,0.5453514739229025,-0.09077165354330723,0.6020066889632107,0.5046153846153846,3.456016359879479,0.0,0.5945017182130584,0.09282947741038283,1165,0.9059633027522935,0.9172413793103448,,
80.0,7,150,150,0.3,0.32666666666666666,1.7182719901959012,5.441194635620354,462.18493507933573,0.3970129501843274,0.3970129501843274,130.62029264529752,132.4635009685677,131.54186384303426,133.51060109029288,0.5664018161180476,-0.13280947024893167,0.6254180602006689,0.5049832775919733,4.059757992991381,0.0,0.6388888888888888,0.13721664808621326,1171,0.9016018306636155,0.9145496535796767,,
80.0,8,150,150,0.3333333333333333,0.32,1.654632286855312,9.431404035075278,545.0664451928855,0.31790886612504415,0.3973860826563052,136.43312990566932,143.79442240232413,147.85186708621984,153.5327513180141,0.5683615819209039,-0.13693219475379947,0.6555183946488294,0.49946488294314384,5.328793070868822,0.0,0.6539792387543253,0.1523069979516497,1160,0.91324200913242,0.9288990825688074,,
80.0,9,150,150,0.2733333333333333,0.29333333333333333,1.5614588182751101,3.9556956729636124,408.4604036643831,0.3309736140479912,0.4275075848119886,137.81290063526427,141.63380965825343,138.5231886232695,142.5974070931495,0.5566893424036281,-0.1134488188976379,0.6187290969899666,0.5022408026755852,4.445153820968858,0.0,0.6232876712328768,0.12161543043020118,1192,0.9221967963386728,0.8944954128440367,,
80.0,10,150,150,0.26,0.26,1.0511781587080806,4.6602231702724914,367.53876823349395,0.5625740228977497,0.4679081198601002,126.1263890318375,136.2317052738423,134.1494394976424,141.69816290554417,0.5437003405221339,-0.08742309748822676,0.6287625418060201,0.4982943143812709,4.1915701267445185,0.0,0.6323024054982818,0.13063016469560618,1185,0.9128440366972477,0.9128440366972477,,
80.0,11,150,150,0.3,0.3,3.7088738807247377,6.406236703070001,353.7014876980675,0.4503708936771459,0.4161073825503356,140.0616896055193,141.19509087771337,144.7278991613793,146.33000722368922,0.5537938844847112,-0.10758776896942246,0.6187290969899666,0.5033110367892977,4.375299703648728,0.0,0.6275862068965518,0.12591396609387617,1150,0.9130434782608695,0.9122401847575058,,
80.0,12,150,150,0.28,0.3,1.7182719901959012,5.1302692278706195,448.6457607649814,0.47459252157238735,0.4688792865679875,127.93036287791733,139.70930754646412,146.33000722368922,162.49516919020147,0.5574516496018203,-0.1149740095677927,0.5852842809364549,0.49973244147157186,3.290101390493871,0.01,0.5862068965517241,0.0845346557490485,1182,0.8967889908256881,0.9285714285714286,,
80.0,13,150,150,0.26666666666666666,0.2733333333333333,2.42893593953906,5.274260897284816,394.3314423153224,0.4960606944849723,0.4522906332068865,127.03821191907036,125.22114971930438,128.4357382249974,128.96612960012874,0.5520361990950227,-0.10416282736449833,0.6053511705685619,0.5012040133779264,3.479792030918383,0.0,0.5986159169550173,0.09694367615234167,1161,0.9013761467889908,0.8912037037037037,,
80.0,14,150,150,0.3,0.30666666666666664,1.5464447911763108,4.715702017537639,329.15196073479245,0.3606130421716919,0.44413738649822343,119.74317467664144,129.8690323475339,126.49145829052577,139.68709151027144,0.549263873159683,-0.09888855103645877,0.6153846153846154,0.5031438127090301,3.6380098750068868,0.0,0.627177700348432,0.12550545954575643,1165,0.8878718535469108,0.8896551724137931,,
80.0,15,150,150,0.2733333333333333,0.26666666666666666,1.1913352465358247,3.233624240597239,279.80243399013796,0.36607687614399026,0.5033557046979866,115.22185028368176,107.40174328914043,126.48723724584613,125.79656920196709,0.5574516496018203,-0.11507792678506701,0.568561872909699,0.5021070234113713,2.24789800990803,0.02,0.5664335664335665,0.06476132563089088,1185,0.908256880733945,0.9006928406466512,,
80.0,16,150,150,0.2866666666666667,0.28,2.552861242576767,3.695570560682559,270.7652296022785,0.3906641290193329,0.4377006127808579,117.97828071098075,123.43010775211457,128.85006550537912,135.86170299200154,0.5510204081632653,-0.10204081632653061,0.6053511705685619,0.5073244147157191,2.855917168117788,0.0,0.6068965517241379,0.10522431092146234,1145,0.9243119266055045,0.9078341013824884,,
80.0,17,150,150,0.32,0.3,1.5317167455460603,3.821555920705828,366.8712937493867,0.6101281269066504,0.5575632421270006,115.22185028368176,121.39505114227887,129.90440619507388,134.01936161855167,0.5389830508474577,-0.07810375099760598,0.5618729096989966,0.5005016722408027,2.2842609681497428,0.03,0.5689655172413793,0.06729327643870375,1168,0.9018264840182648,0.9218390804597701,,
80.0,18,150,150,0.30666666666666664,0.32,2.17112498200454,6.346365332013272,479.3119550260428,0.4295302013422819,0.5441683294032288,135.67205948715167,144.30710901755947,137.98737062754918,147.5987519144117,0.5634920634920635,-0.12698557569322405,0.5986622073578596,0.5023411371237457,3.3668274878533984,0.0,0.6,0.0983277591973244,1158,0.9013761467889908,0.9143518518518519,,
80.0,19,150,150,0.30666666666666664,0.2733333333333333,1.7182719901959012,4.570603493921097,359.6719754208585,0.5033557046979866,0.39948865452221155,105.67931522394326,112.03422029404044,112.95217878852645,121.9047439382752,0.5408163265306123,-0.081700787401575,0.5953177257525084,0.49903010033444817,3.4579223417558316,0.0,0.5958188153310104,0.09414657452833486,1205,0.9055299539170507,0.9178082191780822,,
80.0,20,150,150,0.30666666666666664,0.31333333333333335,1.4891690581697807,4.191735126700124,328.7039021856877,0.3489932885906041,0.32214765100671144,133.88238830148384,146.9624057466072,136.07094557399546,147.38374479426182,0.5514124293785311,-0.10289385783016837,0.6153846153846154,0.5042809364548495,3.9418830479933242,0.0,0.6215277777777778,0.1198555369751022,1186,0.9176201372997712,0.9288990825688074,,
80.0,21,150,150,0.32666666666666666,0.32666666666666666,0.6743407055863159,3.203118351535001,417.43893977351576,0.3939305515027721,0.44413738649822343,121.66447087386075,124.2960794399641,135.7307625239486,138.12053430248255,0.5476190476190477,-0.0952395031384856,0.5785953177257525,0.5020066889632107,2.680242270791391,0.01,0.5821917808219178,0.08051954001924222,1189,0.8784403669724771,0.8922018348623854,,
80.0,22,150,150,0.24,0.23333333333333334,2.17112498200454,6.346365332013272,490.270041824316,0.5752636625119847,0.37583892617449666,140.7805212668223,148.9422804014327,149.7670452110993,156.02901110939194,0.5498866213151927,-0.09988776655443318,0.6086956521739131,0.5004347826086957,4.22278716519547,0.0,0.6089965397923875,0.10732429898971196,1175,0.9059633027522935,0.903448275862069,,
80.0,23,150,150,0.2733333333333333,0.26,2.3381345960048896,3.8078191992079633,398.4816474963482,0.40548098434004476,0.3606130421716919,127.87990151673665,123.3505105844722,128.26865937342575,125.24388999473422,0.5485327313769752,-0.09751845357040913,0.5919732441471572,0.5023745819397993,3.141713596327052,0.0,0.5951557093425606,0.09348346853988498,1173,0.9013761467889908,0.8832951945080092,,
80.0,24,150,150,0.3,0.31333333333333335,1.0309631941175408,5.441194635620354,396.4127502700436,0.5033557046979866,0.5608820709491851,116.9735238836771,129.7605448307284,134.0436835416553,145.93016287522306,0.5555555555555556,-0.11125395976467699,0.5886287625418061,0.5005351170568562,2.9033281966178808,0.0,0.5910652920962199,0.08939305129354436,1149,0.8942528735632184,0.9128440366972477,,
80.0,25,150,150,0.3,0.2866666666666667,0.86747712126395,6.592826121606019,437.61618257722745,0.4575960951799878,0.30975735673722254,118.75064577316226,117.73589736222374,129.5077544188769,131.24129900816894,0.551528878822197,-0.10306341663620557,0.5886287625418061,0.4980267558528428,3.2359627075278596,0.0,0.5945017182130584,0.09282947741038283,1198,0.9080459770114943,0.8924485125858124,,
80.0,26,150,150,0.32666666666666666,0.32666666666666666,1.701907495051178,4.527073936836134,355.41551686980483,0.40548098434004476,0.4145282273983419,131.4617816071169,131.78274235519643,131.4617816071169,131.78274235519643,0.5469988674971688,-0.09467726721466112,0.5986622073578596,0.5003344481605351,3.5764476199820594,0.0,0.6089965397923875,0.10732429898971196,1121,0.9149425287356322,0.8896551724137931,,
80.0,27,150,150,0.35333333333333333,0.35333333333333333,1.0211444970307069,9.700872721791715,586.550383248707,0.5559451066813583,0.5186089078706528,117.97828071098075,120.5538381682789,133.2007658451612,137.70028510512202,0.5542986425339367,-0.10887540639479817,0.6053511705685619,0.5026421404682274,3.351019803793348,0.0,0.6013986013986014,0.09972636059592577,1148,0.908256880733945,0.9006928406466512,,
80.0,28,150,150,0.2866666666666667,0.2866666666666667,1.3615259960409427,4.527073936836134,458.60369936847604,0.4575960951799878,0.38719669592152817,115.22185028368176,117.73589736222374,122.0380104336553,130.55249634268,0.5589569160997733,-0.11791526924901306,0.6053511705685619,0.5008361204013378,3.339946301328327,0.0,0.6180555555555556,0.11638331475288,1173,0.9061784897025171,0.8963133640552995,,
80.0,29,150,150,0.2733333333333333,0.28,1.3237058294842496,12.575205380100371,590.4820865540576,0.48897411313518696,0.3906641290193329,120.86562100691918,127.06553253878809,124.03051746190096,128.83878895003068,0.553409090909091,-0.10699114918524234,0.6120401337792643,0.5043478260869566,3.5558951396100573,0.0,0.6124567474048442,0.11078450660216865,1172,0.9101382488479263,0.8990825688073395,,
80.0,30,150,150,0.26666666666666666,0.26,2.5051442100052386,3.173182666006636,285.9803463643082,0.4962661877304093,0.5398307557630582,125.24656001627045,128.88193055168557,142.76194971582197,147.98851335480083,0.5719139297848245,-0.14441497313576873,0.6321070234113713,0.5067224080267558,4.774089530657504,0.0,0.6306620209059234,0.1289897801032478,1173,0.9153318077803204,0.9078341013824884,,
80.0,31,150,150,0.3333333333333333,0.3466666666666667,1.5172665875692106,4.982628546832222,425.8004174277919,0.524041555575986,0.3945220388173408,132.28559322682355,138.57837193861525,134.82703341236504,138.57837193861525,0.5579545454545455,-0.11592206004460276,0.5919732441471572,0.4995652173913044,3.105381558096977,0.02,0.5896551724137931,0.08798293161111748,1180,0.8901601830663616,0.9076212471131639,,
80.0,32,150,150,0.3466666666666667,0.32666666666666666,1.3486814111726317,4.626726507772778,334.29627275324555,0.46361709643235605,0.4161073825503356,140.0616896055193,146.9624057466072,146.5789061419672,155.0539695045067,0.564625850340136,-0.12930396149574244,0.5752508361204013,0.5018060200668896,2.5083656842395303,0.01,0.5699300699300699,0.06825782912739431,1197,0.9061784897025171,0.903448275862069,,
80.0,33,150,150,0.31333333333333335,0.31333333333333335,1.9855587442263745,6.287602690050186,535.12694219057,0.5411073825503355,0.37285607755406414,146.4720258117269,164.59297936560256,149.03051746190096,168.52709276942448,0.5417607223476298,-0.08357113738279685,0.5785953177257525,0.4997993311036789,2.7917634244217036,0.01,0.5769230769230769,0.07525083612040129,1156,0.9151376146788991,0.8881278538812786,,
80.0,34,150,150,0.23333333333333334,0.26666666666666666,1.6858517639657897,5.491060031202859,330.7779375194182,0.3849190682984603,0.45894196604816423,118.96142066649395,126.1263890318375,122.68576616097369,130.40854088561457,0.5385487528344671,-0.07713212126509988,0.5618729096989966,0.4977257525083612,2.2439551526249777,0.04,0.5551724137931034,0.05350017299042786,1166,0.8873563218390804,0.9172413793103448,,
80.0,35,150,150,0.2866666666666667,0.29333333333333333,2.552861242576767,6.467248481194478,451.50311270825034,0.4768632991875662,0.40529939858798925,141.91472468940077,150.24388999473422,141.91472468940077,150.24388999473422,0.5412429378531074,-0.08250798956600348,0.568561872909699,0.5007357859531772,2.4383643417398932,0.02,0.5670103092783505,0.06533806847567492,1152,0.8853211009174312,0.908256880733945,,
80.0,36,150,150,0.31333333333333335,0.31333333333333335,1.3237058294842496,5.030082152040149,408.8919032831277,0.42257022122793936,0.4174169258471108,148.9422804014327,161.02453620940224,153.72937087948418,165.46011840153307,0.5556818181818182,-0.11137655267171225,0.6086956521739131,0.49923076923076926,4.141992316612113,0.0,0.6103448275862069,0.10867258678353131,1185,0.8967889908256881,0.896551724137931,,
80.0,37,150,150,0.3,0.2866666666666667,1.5030865260031432,3.1731826660066362,294.1420106268977,0.4089765100671141,0.4876258389261745,106.26858778211897,120.38366418081137,115.8598851028595,130.98200507812658,0.5612244897959183,-0.12350182386659714,0.5953177257525084,0.5034782608695652,3.2566237329985817,0.0,0.6,0.0983277591973244,1167,0.9128440366972477,0.9149425287356322,,
80.0,38,150,150,0.2733333333333333,0.3,1.336076912002794,3.878334369563666,361.30693063323594,0.3849190682984603,0.48081738956225584,117.23325462882855,125.19422802242889,120.82305912374238,130.0539695045067,0.564625850340136,-0.12934461214100204,0.5886287625418061,0.5039464882943144,3.62208918035259,0.0,0.5979381443298969,0.09626590352722131,1168,0.9218390804597701,0.9080459770114943,,
80.0,39,150,150,0.31333333333333335,0.31333333333333335,2.004115368004191,8.461820442684362,486.59736194719613,0.3576474743906747,0.4295302013422819,138.23469272505156,148.9422804014327,138.23469272505156,148.9422804014327,0.5514124293785311,-0.10293892310992614,0.6187290969899666,0.4981605351170568,4.498181665260954,0.0,0.6241379310344828,0.1224656902318072,1157,0.8784403669724771,0.9105504587155964,,
160.0,0,150,150,0.16666666666666666,0.16666666666666666,1.1913352465358247,3.233624240597239,156.24520190586492,0.847756976333451,0.29464724177443113,27.125559474734132,40.638236787724,68.20181512445072,79.05637464727386,0.5491525423728814,-0.09830648703308385,0.568561872909699,0.5005016722408027,2.462911573654483,0.01,0.571917808219178,0.07024556741650245,1142,0.8807339449541285,0.9103448275862069,,
160.0,1,150,150,0.14,0.14666666666666667,1.90844966678069,4.395217414404013,305.7708979175977,0.7321537522879805,0.5201342281879195,86.62174464092999,105.05396950450671,119.73001208393907,135.65886596178063,0.5475113122171946,-0.09507307209951102,0.5585284280936454,0.5038127090301003,1.8010069358499556,0.1,0.5567010309278351,0.05502879012515949,1172,0.9155251141552512,0.9011494252873563,,
160.0,2,150,150,0.17333333333333334,0.17333333333333334,0.5010288420010478,6.346365332013272,384.5618519489509,0.6863941427699817,0.862895493767977,45.402307565771196,45.599703048919196,90.0982276358717,85.81708177122914,0.5430839002267573,-0.08667207673204612,0.5652173913043478,0.4988963210702341,2.383919240114127,0.01,0.564625850340136,0.06295360953746043,1217,0.8807339449541285,0.8986175115207373,,
160.0,3,150,150,0.18,0.18666666666666668,0.6807629980204714,3.233624240597239,257.2607583517429,0.35953978906999046,0.9084956621378295,41.34624815788777,36.495912288612544,74.03874447366331,84.43849899899249,0.5488636363636363,-0.0992731255600916,0.5752508361204013,0.50561872909699,2.633702330176035,0.01,0.5796610169491525,0.07798877614647692,1132,0.9,0.8853211009174312,,
160.0,4,150,150,0.2,0.2,2.0230221167589475,2.5624946812280003,250.62079432764878,0.4026845637583893,0.5857230018303844,81.82403971685903,83.40040982357846,92.13214158128949,92.19336065521475,0.565415244596132,-0.13097686724717558,0.6287625418060201,0.5006688963210701,4.452588463725764,0.0,0.6279863481228669,0.12631410732019133,1172,0.9055299539170507,0.8983833718244804,,
160.0,5,150,150,0.17333333333333334,0.2,1.1069929281970052,3.0046950908204426,240.61847574373942,0.6471716203259829,0.4758999389871873,74.29049967385026,83.40040982357846,80.84381092350355,91.34624815788777,0.5226757369614512,-0.04536356799907431,0.5652173913043478,0.5012040133779264,2.1957945937235532,0.03,0.5616438356164384,0.059971594813762796,1196,0.88558352402746,0.8807339449541285,,
160.0,6,150,150,0.16666666666666666,0.16,2.5287776459486846,3.203118351535001,128.56053936350096,0.4498072254747965,0.6082214765100671,56.7435436587715,67.5699245972857,62.10869454826502,77.89516194963983,0.5561861520998865,-0.11238520289840151,0.5551839464882943,0.4991638795986622,1.7401337493553553,0.1,0.5559322033898305,0.05425996258715493,1214,0.8942528735632184,0.8944954128440367,,
160.0,7,150,150,0.18,0.17333333333333334,0.850953747525589,6.467248481194478,317.90285273613443,0.6384023571779343,0.5384735445606368,37.85694566104229,44.79425276970852,81.25054574043764,81.25054574043764,0.5437997724687145,-0.08834469610626433,0.5986622073578596,0.4989297658862876,3.3824212731938346,0.0,0.5986159169550173,0.09694367615234167,1141,0.9059633027522935,0.9260969976905312,,
160.0,8,150,150,0.20666666666666667,0.21333333333333335,1.5172665875692106,3.6607066874685725,223.94918288877025,0.41788020767380024,0.43687476256806385,75.73500793527995,80.44467409704112,96.79024509900046,98.88620972466066,0.5634920634920635,-0.12702034582895713,0.6321070234113713,0.5018060200668896,4.521041796940493,0.0,0.6344827586206897,0.13281051781801412,1175,0.9016018306636155,0.9172413793103448,,
160.0,9,150,150,0.15333333333333332,0.15333333333333332,1.0511781587080806,2.3776648827920877,85.62799079141791,0.9250861599854889,0.6152125279642059,27.447113123192935,25.02362217915811,56.92304053524356,57.35600066093605,0.5340136054421769,-0.06813842896317131,0.568561872909699,0.5009030100334448,2.4773379677367715,0.01,0.5714285714285714,0.06975633062589581,1151,0.9078341013824884,0.8873563218390804,,
160.0,10,150,150,0.17333333333333334,0.18,1.4891690581697807,2.5150410760200743,216.9640114271476,0.7407876408762821,0.4942037827943868,72.70484897806574,78.73723737239987,97.60667987412387,103.21621460437677,0.5595913734392736,-0.11946543980720786,0.5752508361204013,0.50438127090301,2.4956221983349227,0.01,0.5767918088737202,0.07511956807104458,1167,0.8960739030023095,0.8986175115207373,,
160.0,11,150,150,0.19333333333333333,0.19333333333333333,1.1582426007987183,3.143801345025093,244.22586397191122,0.7969798657718121,0.7496787091246608,57.10591064118705,65.81180736464097,83.67401000609038,89.59297936560256,0.5187287173666288,-0.03747882161194123,0.568561872909699,0.5012709030100334,2.2050300637656655,0.03,0.5724137931034483,0.07074155230077273,1185,0.8896551724137931,0.8990825688073395,,
160.0,12,150,150,0.20666666666666667,0.21333333333333335,2.1510219729119058,6.287602690050186,349.83928225162816,0.47374654559810503,0.522715539494063,66.55752695627825,72.64740263155306,78.13146642865144,86.80083741420526,0.5482406356413166,-0.09650387492027875,0.6254180602006689,0.5028428093645485,4.068735431427701,0.0,0.6254295532646048,0.12375731246192923,1141,0.9013761467889908,0.9193548387096774,,
160.0,13,150,150,0.15333333333333332,0.16,1.6700961400034926,2.1968187687738245,133.30988183602224,0.4498072254747965,0.5908958272541582,55.3067978508584,64.00802885416465,78.26865937342575,89.10152543187411,0.5476190476190477,-0.0957465825920215,0.5785953177257525,0.4963210702341137,3.092621920770074,0.0,0.5738831615120275,0.07221092070935187,1180,0.8944954128440367,0.903448275862069,,
160.0,14,150,150,0.20666666666666667,0.21333333333333335,0.6807629980204714,6.467248481194478,461.0324512701188,0.38969473912102187,0.6483903992719827,103.98155223562566,100.35260748871485,117.37242692957904,116.04114842976787,0.5385487528344671,-0.07749779781002666,0.6053511705685619,0.498561872909699,3.8085388316189412,0.0,0.6082474226804123,0.10657518187773674,1196,0.9151376146788991,0.8942528735632184,,
160.0,15,150,150,0.16666666666666666,0.18666666666666668,1.1269387467230774,3.058833741105496,240.56649060272272,0.5901411710252256,0.5828329212292477,82.99057511448314,89.40810769820541,98.9180136417275,101.48723724584613,0.546485260770975,-0.0934259259259259,0.6220735785953178,0.4993979933110368,4.3228522315564515,0.0,0.6169491525423729,0.11527691173969734,1115,0.8940092165898618,0.9050925925925926,,
160.0,16,150,150,0.17333333333333334,0.18666666666666668,1.8371057540038418,5.7117287988119445,320.0989919882929,0.4404362416107383,0.6985344473359814,58.53764758972136,63.2020107147452,85.7477065784957,92.72685696839233,0.5455580865603644,-0.09174072579022682,0.5518394648829431,0.49923076923076926,1.7202486126151582,0.06,0.5578231292517006,0.05615088844902505,1158,0.896551724137931,0.8912037037037037,,
160.0,17,150,150,0.18,0.18,1.3115617393054952,3.1149591308505515,243.5908209481314,0.5752636625119847,0.4614093959731544,58.861819236852455,64.47160734172854,77.19752370494916,83.41720367607485,0.5443181818181818,-0.08870525123619648,0.5518394648829431,0.502675585284281,1.8218955337557947,0.08,0.5505226480836237,0.04885040728094814,1189,0.8896551724137931,0.9059633027522935,,
160.0,18,150,150,0.16,0.14666666666666667,2.552861242576767,2.552861242576767,230.8130948472269,0.43929225137278827,0.6648094212992276,83.40040982357846,83.70036526870632,110.81206207641026,118.9294938794203,0.5691609977324263,-0.13841565320237598,0.6020066889632107,0.504314381270903,3.0655144573339936,0.0,0.6040955631399317,0.10242332233725615,1141,0.8922018348623854,0.9050925925925926,,
160.0,19,150,150,0.15333333333333332,0.16666666666666666,1.4891690581697807,3.143801345025093,148.19192447500203,0.6789449040112377,0.8896519431871391,40.671053164138414,49.09804615719622,68.20705181216601,81.6175756841073,0.5340136054421769,-0.06802858380585225,0.5618729096989966,0.5040802675585284,2.000291039115119,0.07,0.5597269624573379,0.0580547216546623,1160,0.9041095890410958,0.880184331797235,,
160.0,20,150,150,0.16666666666666666,0.17333333333333334,1.1690672980024448,2.30776921164119,238.4692662369996,0.6368990549239831,0.8423503629639776,61.73501430935414,64.6899146275432,100.36632281730192,96.59543585920278,0.5642775881683731,-0.12867350108729408,0.6053511705685619,0.5025083612040134,3.657754381215694,0.0,0.5958904109589042,0.09421817015622858,1167,0.8988505747126436,0.9122401847575058,,
160.0,21,150,150,0.2,0.19333333333333333,1.5172665875692106,3.2031183515350006,198.34590541290243,0.5329648637978681,0.6195147134744451,69.52996331358054,78.91298570752713,89.70401194509338,90.96152026762178,0.5357548240635641,-0.07157729812192047,0.5652173913043478,0.5024749163879599,1.9513455786263139,0.07,0.5665529010238908,0.06488066022121519,1133,0.8870967741935484,0.8896551724137931,,
160.0,22,150,150,0.24666666666666667,0.24,2.0619263882350816,3.264716781372212,261.11128491768847,0.32946918852959123,0.5308114704087858,84.99946173041798,89.93829512010694,84.99946173041798,89.93829512010694,0.5493757094211124,-0.09892273594144614,0.5785953177257525,0.5022408026755852,2.5981250175897133,0.0,0.5876288659793815,0.08595662517670588,1126,0.8967889908256881,0.9124423963133641,,
160.0,23,150,150,0.20666666666666667,0.2,0.9836713044791214,4.153278841134068,204.42392863230373,0.6001548786783686,0.5508420919336457,68.17632179758903,78.85216037446753,89.5595457498548,103.36562039471937,0.5476190476190477,-0.0953521468985389,0.5785953177257525,0.4982943143812709,2.8230802498632808,0.02,0.5836177474402731,0.08194550663759748,1220,0.8824884792626728,0.9101382488479263,,
160.0,24,150,150,0.16666666666666666,0.15333333333333332,1.701907495051178,3.233624240597239,258.6639068703807,0.4314477468839885,0.5453020134228188,64.6899146275432,70.7616623273471,92.79010228455775,89.82403813428323,0.5452488687782805,-0.09052006552006547,0.5886287625418061,0.5023745819397993,2.980062475114474,0.0,0.5856164383561644,0.08394419755348881,1135,0.8899082568807339,0.8822170900692841,,
160.0,25,150,150,0.2,0.22,1.9673426089582429,3.114959130850551,262.0761128348855,0.8131130614352091,0.5698366468279094,68.17632179758903,80.44467409704112,72.0717613024317,87.06251295381196,0.535673839184598,-0.07139714719240478,0.6321070234113713,0.5004013377926422,4.69612906044017,0.0,0.6279863481228669,0.12631410732019133,1148,0.9178082191780822,0.9195402298850575,,
160.0,26,150,150,0.17333333333333334,0.18666666666666668,0.8197260870659345,3.594183612519866,189.45550170248703,0.6471716203259829,0.5572866730584852,80.18717355428765,89.66815736554605,96.78799258649167,104.7605448307284,0.5413363533408834,-0.08270742268464362,0.5752508361204013,0.5010033444816054,2.196388176158259,0.04,0.5793103448275863,0.07763810402491067,1117,0.9011494252873563,0.8868360277136259,,
160.0,27,150,150,0.16,0.15333333333333332,1.4891690581697807,1.8629933896444995,106.37872707520752,0.6854205340568328,0.2570327002713123,53.89005332539614,67.40280890682186,74.53901925812232,88.4691936218718,0.5238636363636363,-0.047739449451246134,0.5652173913043478,0.4955518394648829,2.7494893940189327,0.01,0.5684931506849316,0.06682090988225597,1130,0.8878718535469108,0.9101382488479263,,
160.0,28,150,150,0.14666666666666667,0.14,1.3115617393054952,2.311098709985893,142.0538471038831,0.5569041839211767,0.4614093959731544,52.4928502770519,64.47160734172854,89.34904024033403,103.40019273857195,0.5385487528344671,-0.07716535433070879,0.5919732441471572,0.5017725752508361,3.0583270247825496,0.0,0.590443686006826,0.08877144520415037,1165,0.9041095890410958,0.8988505747126436,,
160.0,29,150,150,0.22666666666666666,0.20666666666666667,1.1476165218923082,2.5486029252413602,208.31753427459594,1.0067114093959733,0.9084956621378295,45.98686720050898,40.638236787724,100.81886596027846,121.38199645616146,0.5501138952164009,-0.10026347230816525,0.5852842809364549,0.5024414715719063,2.6375090118144575,0.02,0.593103448275862,0.09143120747318645,1184,0.9011494252873563,0.8778801843317973,,
160.0,30,150,150,0.2,0.20666666666666667,1.5172665875692106,4.270824468713334,238.22350071817291,0.5965697240865026,0.34777303233679074,78.7936197135009,86.62174464092999,79.65816969884241,86.62174464092999,0.5516458569807038,-0.10329313543599267,0.5852842809364549,0.5024414715719063,3.347152208033353,0.0,0.5850340136054422,0.08336177280276658,1184,0.9009216589861752,0.9145496535796767,,
160.0,31,150,150,0.16666666666666666,0.16666666666666666,0.6873087960783605,2.1764778542481413,108.04323401685431,0.7023567972530046,0.5262355094569859,46.208142189539046,52.55594191404566,58.738348620101306,67.86512459269477,0.5305429864253394,-0.061804752556896846,0.5518394648829431,0.502809364548495,1.7401388237784772,0.1,0.5582191780821918,0.05654693727951621,1180,0.9036697247706422,0.8853211009174312,,
160.0,32,150,150,0.17333333333333334,0.16666666666666666,0.827316143427656,2.6946868671643656,157.22728601203576,0.8149568552253117,0.46823786483533636,37.27127476813388,52.074219421905184,67.49388167973882,91.36028363003902,0.5393386545039909,-0.07895226242078318,0.5652173913043478,0.5016387959866221,2.0055199295618578,0.05,0.5724137931034483,0.07074155230077273,1120,0.8752886836027713,0.8683602771362586,,
160.0,33,150,150,0.2,0.2,1.1582426007987183,3.7725616140301117,281.10721565890844,0.5958087933159841,0.5219985085756897,60.28844031222542,81.94004183182267,91.93627685347542,111.37968488602007,0.5657596371882087,-0.13155563897112604,0.5819397993311036,0.5057190635451505,2.474041771676799,0.01,0.5782312925170068,0.0765590517143312,1186,0.8865740740740741,0.8944954128440367,,
160.0,34,150,150,0.16666666666666666,0.16,1.8200955155408431,2.286400978200068,132.96694991317474,0.5569041839211767,0.3501604902246863,53.89005332539614,60.88349312890324,79.5188169216218,74.14441145634578,0.5605889014722537,-0.12164390240772975,0.5953177257525084,0.5018394648829432,3.551751774539483,0.0,0.5945017182130584,0.09282947741038283,1148,0.8873563218390804,0.8899082568807339,,
160.0,35,150,150,0.21333333333333335,0.20666666666666667,0.4918356522395607,4.153278841134068,255.5867323515729,0.6711409395973155,0.5234899328859061,65.10208234136019,70.95624024170968,81.55385815802208,86.17862018636242,0.5249433106575964,-0.04995275590551191,0.5919732441471572,0.49973244147157186,3.2765577988994843,0.0,0.5924657534246576,0.09079351262198199,1164,0.8942528735632184,0.9013761467889908,,
160.0,36,150,150,0.2,0.2,1.5317167455460603,3.233624240597239,224.00877422620331,0.5592841163310962,0.4592016955139527,80.35559344463474,89.40810769820541,87.44445750247417,95.71421637884703,0.5509049773755657,-0.10192417213245887,0.6120401337792643,0.502675585284281,3.5989399516017944,0.0,0.6114864864864865,0.10981424568381093,1111,0.8904109589041096,0.8896551724137931,,
160.0,37,150,150,0.15333333333333332,0.16666666666666666,1.6858517639657897,2.3489534577923337,238.54487253211136,0.5592841163310962,0.5698366468279094,78.7936197135009,82.06055011019157,100.24356189127707,103.7183684004982,0.5419501133786848,-0.08390580008227065,0.5953177257525084,0.5013043478260869,2.9758080035222343,0.01,0.5979381443298969,0.09626590352722131,1159,0.903448275862069,0.8896551724137931,,
160.0,38,150,150,0.20666666666666667,0.2,1.0211444970307069,3.233624240597239,242.285238500815,0.680210411754036,0.7478427612655801,23.454860194166486,19.844375586202773,87.5738674069579,91.61278134334475,0.5443181818181818,-0.0886377694186071,0.5551839464882943,0.5008361204013378,1.8907347201435138,0.08,0.5578231292517006,0.05615088844902505,1169,0.9057471264367816,0.8850574712643678,,
160.0,39,150,150,0.17333333333333334,0.19333333333333333,1.8720982445562961,3.233624240597239,311.4909715521779,0.4314477468839885,0.8053691275167786,64.6899146275432,66.38180808236865,82.88559145893362,94.48725454826365,0.5447338618346546,-0.0894900810981014,0.5451505016722408,0.5035451505016723,1.4007166050355528,0.18,0.547945205479452,0.04627296467677644,1167,0.9018264840182648,0.8963133640552995,,
